049447960592
114948860014
985460706593
647908803648
842152576986
478597495224
781690727793
417034821736
323324380069
630022209368
153752118633
921388375391
734145347347
693161670705
396275226896
321972993600
700899394742
721689127504
581162576959
647688506902
386789142068
388230169395
890059487988
709968176259
954359429435
851218989154
593310531019
072027410893
214331535697
885609528942
233036489719
685197935982
964540669146
703071948235
302076825050
096893967370
592325180795
028441199384
001459403771
088751618173
237640198697
262666396497
214962040548
130225764409
463892448973
525910906189
848842632458
763689775223
771249187877
337751432552
096599710350
805209482744
965953317533
687738753936
232737568369
998905563011
395007501594
188242169936
473639082940
834954419624
047066600706
390522831117
457891578887
988945621119
647050662061
670856844963
823084822612
405170024035
592945188032
802776604774
654242599255
040448187483
190468114880
598757354583
270110886330
353089717010
814306480942
278608770712
445212690274
505991215974
162668707821
951267504239
273132988799
985402092019
240013790085
100134723335
274135902300
906640294672
784751855854
391560826688
264665716738
713266355748
208128958218
362027825715
253486166781
822457498922
854162759754
702010875890
963021485142
843324387943
055871128874
792066438594
851937850349
716711858085
172068914249
632331858551
467516911706
999885391443
252714259116
579883954570
014074758189
494715235206
536243302969
927434429519
174390912824
656939543587
496894796798
483052299849
593495675715
537229964577
281874067294
189340643820
273429306189
639584211440
466134131006
237978415116
800398700375
493802342005
369878483076
585014618341
866515118719
167560710508
773455275138
513852322493
706812191939
202515909026
092927448739
096701428114
206272031797
525474512608
926210361281
905309093944
307059230929
513769740554
775422441443
075502505175
162030703406
661025144774
111832251964
500475032069
523116258256
288924110199
756226475116
054930078330
366500769867
850131705711
628739927920
023825581775
499625801934
836103991236
506464300738
667328861858
521065334083
721144107210
407631227566
448907841175
058632339988
125552642712
224539365810
563788735638
586884221623
463677248054
919443287731
664241425036
669190481402
632357393773
365638394438
114722214277
534634879639
242275630464
028733560417
692384192066
632061865424
479541448949
915062754147
191996247870
840914431606
096768385316
621332292114
226545658507
896860907228
281783841190
687074244306
225265241216
888487140784
603621519185
351365561209
900035994984
255594597450
126585380780
771718728762
184115165114
689234975432
719016981284
077710681268
209722176957
579566723719
209951875817
810873344771
965551804602
403505699227
331320104194
859734553779
396662410973
100868320126
345197070125
975338593336
021522245605
050500058990
090191383977
986522060969
190281257991
661479360174
316073649853
751729200630
383699639322
229045129520
169230449273
193939721392
158782111414
485633919581
074384484447
253216708189
605423659284
551285462032
791485232942
181388316861
318986978032
618267209644
805512813799
301350205002
936238365177
524745593870
392893030345
215707774373
716813510315
799498213875
244075268963
644952924061
747819389963
221555914596
462998847051
641888078097
001915904132
362578477945
184422119790
977019799523
134721095901
645941545306
044498099784
687901953385
864196782988
351077899294
658542835007
985238706889
288366149073
069047751343
336018573997
621852136581
139201277443
415617719387
232588661843
171362122342
452626465562
468240348682
950147393438
207119539700
255640554252
549578135202
145678124806
741475864679
432691003906
956966195150
074895485508
761911269488
011835075913
955816457773
855022414014
624239749132
049488727031
922008299493
676719426592
458927477308
992192381720
411579241912
277009815922
376672517520
763353586481
070094102642
806364188084
774264367804
651210892165
556823548390
946261577038
084129656887
839949147072
162255626981
764642466388
784881477640
331805663715
083613774047
152507900747
290387944824
264556125035
918624135842
014813050907
080511168631
392548136905
222247875613
722410016744
644039592629
596028715170
124642490166
132512552551
388574969254
182977639729
215011785749
829282038878
247888209977
790367907885
669253406366
467685454098
400935073571
787347912533
625597539114
941960907899
867548054614
271444988088
908427295860
173547166090
577356149727
076153219890
667571703197
162698558242
945344100273
858929358122
084701258186
661667618506
782503310173
596656915703
170364817666
611352175696
796953528197
943823993095
514846696502
912343812535
722474865845
691703367168
619474510426
672188516651
714674351558
485209950892
075828526876
349984721236
852033947700
874781045336
820794601795
985357436116
264390680858
745455526280
748603730433
874795491013
191083217825
396234464920
786767128949
120283674860
256570629739
581032401272
636418397653
892179235777
581700864061
148771719358
186169040805
963185610610
326721692658
559264962445
326895227876
807803160273
419051050163
355021620650
835576275430
566787831363
264771990796
573196524066
271567205739
927608998984
088415773593
864627131748
868355052435
956485345010
299813125485
188226139430
562842443664
839484214647
702963287856
333234900808
525827625404
493333203653
126832313848
825684405477
321705327348
282539177787
240130357106
349655591457
020062985100
400362294784
728910011651
714821652301
489360252591
717409701794
044373645700
663468622611
880028145648
442026034359
914722357801
522935123853
126961490543
311051878062
671713862176
986268563013
721748063810
767702670041
413066945377
210503066598
847448260583
080912145174
851078837156
124710971457
902221717762
128273387063
153595113679
405379768265
909852185614
875398107849
298819072744
583943310245
307968555839
737268331115
064996861004
443588682711
422415766128
872630441208
340525237017
393155318940
733555408952
469985803424
806713865138
248709947720
372354415433
655554230298
967154440788
602116291050
423809798305
165419968337
362760061816
003755671038
904551224743
867046058000
674510551787
471170194044
686258414992
416467591629
474248230423
555101205918
586251396043
159370791394
881662430973
343042770689
837297649034
232156416455
794625810172
798893791141
470972306262
458902755399
378630637253
404047617253
611400584019
192487699180
412813952518
171982020004
632491678906
012257589751
904826365583
506794664291
854408638197
376318288333
301619262528
389007139699
276836188763
868338479901
914896925821
604173097313
183271234605
918334054978
847110352388
049974853074
243774447077
528847891867
881140487661
983615893797
417460607727
120967628664
384638362021
329841273520
012021380139
908753757601
946371069758
174143349423
979773303512
454549128013
200141971673
980643977490
273838744880
538725527674
407858335114
417087361912
023181924715
663388515032
422635804000
837632654888
248563550443
841104103217
481388794799
333000978366
528913285283
293605585767
007164455939
731454626849
075438505762
481777207619
005459862884
781138970708
632363011995
678736676671
840808056554
995314100834
625027439291
604700017511
004852101614
742403049008
943386896364
974813352098
905943062277
306194654721
550476613273
955201626409
678090907701
009094373528
704453357121
337108217195
829348058401
182883360242
032356938290
806262831580
442256991818
658722299483
533236705995
710090025857
494501996768
038165426730
844234376045
423010990434
310530138638
214909295131
528232941475
885664042004
196120256538
039045660271
103851778423
979248605158
470018501294
679807476250
786839475120
658275138394
269590591306
284677833312
354102714551
136097238292
124910228656
233164990420
235909153186
105952604785
496016521650
759305561963
082784416098
876808900059
969934847167
911512651343
836183812190
682259349848
210071748729
068794952604
912588248386
686327084873
856106834814
069695180752
265424233605
697994938928
587187396745
376422061490
530293357827
829838933774
255119614192
436610692702
593204244594
871433515497
154719961100
751980960925
390409112992
832183305177
602631226818
341340520735
760198534133
593962082882
633875168884
666862608790
092166564279
868297178988
085753650550
620440741927
517409359062
045730456554
862192655596
181613709424
381196955450
195197118252
775651938155
982178243651
167108854699
787455331891
447007701061
523080094038
484594494582
568626857992
186517580040
722796372557
479327506345
358928367695
343334242983
152567557129
334358478987
823259884865
183762795261
780688477985
817465523036
366509563293
570115450874
302329681904
199805184989
191638695503
485479872107
477002593328
747221023987
247040778920
353854566287
964843529289
387122903232
861630811571
037338514140
204800497812
122520894328
334941783823
457211237538
357994797241
977544166700
507060464530
195880577517
231473822407
044750275179
488090155539
328584523113
085341700488
307516083809
340071868014
181687867298
891486541706
235665277650
715212287911
107358713665
546362231101
021682867243
913396646706
753239682399
671511447239
267828179428
454908313998
227827104634
935912176998
881706197274
307196459965
204002046321
543106550819
745698209547
749441422835
288451304929
957676061416
382711925564
320626016283
861588296542
684582156797
631797544822
631316269203
098782772982
774486018527
025713867416
480657525546
559516353739
134887431626
837933342637
178406643145
102146470334
498020186769
876633983180
024539091874
298199050787
254506268879
697627806205
689791578011
860801465346
192990397734
298721973685
179272109560
843201677337
826124520498
417295394572
841137353187
675155283855
377529011196
909443520773
949669759394
089294499759
985225086675
754623402077
663791097104
036902759895
393162406205
415560486892
741890810031
943339403030
546186731547
425815807435
623204497912
595321546496
140145280540
565123834368
797414336313
941549448639
059503500386
924633186729
845500835545
701708051434
569716871625
468020042871
950632039550
401125273292
133428111321
320885988114
631407590140
726989917843
388046830410
054194362517
934404943670
315107152364
820572034681
820175974622
447729458345
178338146273
075661864861
939392590548
727831349288
184667864174
838337868364
980782883209
870902323081
589922921388
261765973578
216667858147
685003942540
699666537807
015132966115
843731248948
469769265216
437256140135
118608930834
163572503947
962245318752
068710264631
209204890044
512255986473
963515148543
270799516720
933288970831
204047237186
569200318849
811676613903
005684395402
761082529302
055818074046
729127029024
248549650839
590373995309
238731688843
273512673900
400578593534
463196872652
591162550331
277231379037
544031276721
303251249875
944283306142
223091632419
746554040992
297599307297
491943087680
991971339579
915952434955
291245350553
061628086892
013318932296
758486279855
116311686250
149102351173
689736231680
576413967522
596018917137
728982316461
493794587628
264611978458
780150892113
094412033276
407119861829
842316656708
473171154293
345997252476
105464916479
442996661794
268584423674
783596427758
880244671742
824146877094
735669975442
409832488833
996839641395
352515282068
412797520745
622714259725
215550026052
325049984471
792581668260
393567234896
252693808490
373357338731
157112541224
634812771719
799737034357
755061102034
993482499922
407657809046
682178546627
845058267181
773171585351
380416862419
816907616977
649806486679
887074852856
315887015851
931104737312
197888876758
710391705606
727938636068
170836912175
338897203665
852371458130
319183919821
580254398321
247631508301
029236522059
896958349359
169703981936
178295866662
514308385745
442897082472
798549133438
384112211092
741638096754
914810677529
674726332296
629016737649
632432509473
422381021200
199803514582
046877032117
927709682784
354176254948
745616864154
636536806815
948920178186
184243536973
755185060500
214250270390
610151795038
693243187949
144134218226
967027466225
684594081690
648921677112
782603700255
474101630168
663367151687
205381724947
597727351382
466250767488
964454225958
696847104210
071600292748
050413097226
500243317417
419518729966
894324469108
933011508998
242973564159
783323858433
316531950240
863942937078
134292878844
106039354304
749682268321
391021887153
400616713051
964149398055
951386458437
428913484186
701369090528
260202407634
293222525904
928115359461
702806429048
018305175356
530048470267
265196989895
128124269871
660499260696
908982954784
405708477840
938320625348
485111413728
809596643166
379557854989
493030145001
934588382005
414999134313
525777983308
774437818047
212283367890
601424929020
025251707068
265943783329
403564808681
564829150697
233577900514
430570424179
506979098863
580051392300
097907220615
960663333413
759471173654
090107236712
391327124543
009522005221
422607711927
316228859894
576393905825
667939065759
129974449530
802888354942
357200656400
793413758755
348468372853
761701605391
137062045578
045188178306
522145431643
475877827421
105804991106
129704034478
458728779747
482842439933
362482762016
623109652753
672615998785
373620617799
231521591229
989030617161
438248945158
075135528561
705269122795
740008094818
884540873383
822726967639
143525958948
419357018873
445940781510
076317287947
606598116864
477994345040
605617691192
357933541348
589037612606
364992617045
548591117313
025194355937
459392461085
398926535261
658173752100
319995650019
962051872051
246671300835
378636609060
213479987497
451292121705
686974633720
426863884793
764747087573
489229791874
151762021501
753689568885
503669948200
777959077732
031683709245
146765913547
241473058240
413191300570
680839167307
702595799054
047704628846
738685517002
479879351721
402104567923
173119198401
556530642231
183805164884
255023561879
260131929842
465384899697
834160384550
646790388405
225407016954
121344115547
141388290259
858662539112
730018238995
290019796984
638262204091
610723084048
452582944393
706969070291
074933527035
880967925314
404290427686
870392582610
621266555900
947949751681
046623401210
587087418635
855773684608
243802528169
580545692895
664020179597
525749450302
669266378664
199802841619
076421397201
217313514852
161570504469
982982042659
857071610955
278885930297
847775051407
427472518270
025780219309
319301364143
590831985791
796163264340
019845131334
778683636556
652387349087
968517913318
508376196659
451017694864
554475070628
927852113750
143080952823
341456763386
131386285562
329306903221
826028417031
457400576130
176756384104
869267714534
834477519230
189684028278
829763692448
778846192636
708408676681
663451055348
733233739886
416600138717
912768900304
370066908872
297538913179
444925449414
428536748510
559409932801
867452038444
127476468252
835255040142
326565089022
284212592144
781050269532
161317515530
988256555740
580974035651
850288080537
025661801294
339648893441
345242480578
501323305221
491146153118
632317064952
488474019888
984606709006
761931604391
316113080764
059615732287
436786397133
882843126594
070676448517
194752730864
754970842436
823613784113
267740968785
165124760690
462713746149
598771076273
356394016231
950417756364
269022376753
559364854238
768516526091
954476754274
222302155408
668228768203
538541608613
219670772074
400644254121
371601843196
158777491940
028171691732
878257363934
867642908596
210134911575
168251615821
608608504591
834105749510
082959469588
694147631950
356790630741
502481345438
851200421707
724593588872
098372589840
117671628860
224510136637
501123881795
539497659347
880665150345
456444790300
511353355915
218914521972
573963345934
288507932865
408635328570
018235895949
229096369513
151990994990
490438654130
865456461475
523416171419
231339135808
024160988055
433079385874
799451856808
915393911102
324423271729
726476998198
786662875832
566970854536
857973688319
888581323025
495565038679
740377774478
821371712360
727284708151
016483351593
715755389601
314872024062
846646830960
889888698831
943936239624
881644078970
491460370574
016033568251
610097090727
849514800759
276928658398
872299166831
188142899170
424572628091
812480606481
002853332700
213259874797
193390385328
515501278749
151990226483
303770419550
924234160726
328988700836
514888289098
861563517380
915644728029
694351358681
397985773686
987641985896
308918023529
735640668809
143561960693
833043609208
214995086720
286457089305
426697422883
656609205351
019716579278
212164585496
961135479134
662125384710
198886441842
011961999210
498303117125
929722542400
285530410152
434222934430
152150510003
130492758836
625836007877
564987881110
371198061997
828605561155
996931225607
546171130817
372162146915
398079953912
646599761566
331273813394
337889317240
591901875966
714363542562
013615728580
454186023856
176995809704
231602804834
908101884896
852770533607
921289747210
046579748083
311568048096
522749841698
590860820355
222318347035
593642831119
413663644600
164730187646
726367603752
043848283450
806028571718
502603126984
005639019191
093183254285
080903917960
800849040313
060483962674
406864333938
626731439739
080510682040
297110396051
753130064824
294201535618
314843844014
546739722419
375063148508
662545749811
852616692098
257200813295
059066383387
310739594367
696032443077
978933683438
802912142890
849659430366
740465409871
426355704382
247856697002
896352035833
263431727131
159596780363
280115188630
056211757980
100349792286
735209452191
595130747935
472664497186
734829747326
545408544615
149749711765
250212196056
719297143523
387993561647
434089571410
905865605991
171588255294
873109841035
001284577179
263418132947
344170894205
760770518347
935430229067
771963862786
849495292934
432272179946
936665966844
324413109688
564746841587
997491732033
399261184123
620460647531
825138103769
392122235648
655053146022
185919993644
003931588063
869130109145
118945892663
030177123078
178289972178
382165985941
152608964199
763753980313
475350481238
983956655079
779329704646
372918044357
484889254793
616743309828
055512960571
291141217895
204050021719
758157986502
230491516734
983724520455
366043137789
303694791838
259823436673
996769713439
607593047506
570548419016
235495179117
086197687189
489412628173
358825691384
269681831312
593694140972
984223011886
801141035785
693869196821
980572148319
973201463532
590517506761
156103757747
600572162196
154297874066
403560627985
009721507851
870212120836
733930070826
973710100217
032813168946
661841210488
629238890461
393237518065
436549689106
226382397519
609300995470
018248908829
914128346581
013973390193
339383089687
680919097011
844117206091
426405171169
114783700676
821892551990
328419643253
201352593134
627411440543
711486973504
451816223904
820451436556
020379170417
540217245483
685986433187
093983368472
445266350835
797023632734
254162762424
225540302862
010755023271
445974510989
240078427591
211340496189
611736530472
412145957591
147963467233
112385422486
350590972871
137006663837
128694244006
288046456466
166509697108
458606820056
932467398098
216936563287
477567471053
619306276805
348083096558
243762887205
688356963350
748965071740
755032735368
183424010101
052524672456
127552206515
887744316875
258750200309
964974659320
225394245665
689132646827
445695009739
425350975510
987226177037
198858252855
801824272135
798813872621
169397662546
486076043592
677826761849
575826176626
280195836353
921501752505
028631603294
090064565829
330362080165
616168489992
815677045782
767359193268
224884631846
060693876875
665174261327
656273265313
976465081268
749200428069
655348994611
604403478238
751414502174
718522752573
595210545292
451137049743
040384757542
102576060535
779644876131
959893943346
832558147157
343093253650
587457005793
598449489354
595432412105
204229525020
851859535597
648877457554
145243046645
685417106098
616863469904
748880153478
733504731421
877605057655
621975452142
484844259539
573418307540
271553045893
342784108154
994547414387
504433777689
359932088007
866483957550
365770784852
748140797584
079670633946
023664388615
059467869908
149057491790
297331577164
341620682626
338171145603
307002868005
282159292334
710133596901
303144465400
532555814446
481960593562
677730565358
802186830189
151119460212
698386444541
726064453081
574320764810
277504861723
628344871728
123341502027
151368186876
900527713815
399968109158
957326239040
395775987041
391227715946
514844073171
628946032431
639543566405
584791820473
347661755109
282222636172
309619308116
637971405538
826858577998
336155128813
081941996951
328326251161
687824894671
258152067673
593978301423
362605819534
242957167911
229893008375
531567539887
128207311830
889928449307
395638120781
344576256104
083473054799
151054790642
226965347705
800473701368
071595673166
030150229677
026739491678
828942478130
520459642810
090358367061
285882226439
053156900913
066055601275
815147297732
943802893743
418291160808
657469297058
156658674515
369937811585
381769885485
246025274375
975975763721
117801406387
831734846231
187728749043
604125393059
028305832136
792655859691
498200068125
332568157398
623012085125
254475212855
508184472837
978655162881
155776660022
091060228330
701419738666
361739662019
422063771667
152325957509
061443182550
144021210778
281127447133
923716287426
328586692356
957135801818
617876337895
167924881832
426427933247
667177651150
985667097596
382783180553
586277426300
999575808043
858817468071
227913635025
394035996408
334886576772
782447768790
112456165504
004109524105
156369181528
287623286114
478221690899
912115520422
638207404569
974730132106
270133277908
639597695193
167455425889
968791484957
333346794243
499094429356
378025579652
764050784665
807516295809
534699508766
292970748291
606678397457
335406194473
403318592863
128893993123
784222756963
603912811494
099508175515
603708057154
822032441445
747363199422
589071694143
953312036757
834608467087
676016009700
050710751862
486662604745
398866793448
726564876648
858589722940
237430898633
745785803787
008600776700
805405612035
542862496605
383082404935
927262803545
351797308647
738562051996
408817883203
671253906204
508623229398
713250447874
703646037669
122889453412
710835715910
736170062717
992002264766
162130126058
662632614333
970150437060
153523352695
648981591578
177027558345
549226808010
790513378310
401112854060
661460489684
417128484943
887268247133
414141142894
483412810127
265697076116
626619593386
872693495053
559856432074
393944841211
447528910047
683695075683
963290130915
993434895947
848118628844
312632535876
216823424796
483065661511
868917011679
002282881783
621485461956
260205222808
672158319191
902890511943
170712010924
825585148255
954794814092
955487378784
646857495005
050144523396
955472548909
584697212386
327494166916
195117029556
683133003569
381305651120
997750556712
790423838786
721483881217
958544647075
511374198460
059931610817
744274994699
425948981068
239172870371
161996057815
443492976172
811364222578
498131322562
602339934619
769601979201
849951623590
036779342166
902354576227
410133896935
695556539136
753120813866
128821989423
309472814889
319918816646
748439245053
881628706632
381933821697
394657656976
206373817145
706855020592
193945309092
443136635505
900982285017
598332964220
377785853534
347158340737
479202203456
968661888031
318795188717
902610932903
137662443242
326595301453
401026307801
146903538354
003409527561
360533105735
111532967435
023530747741
318188926162
017428285991
539467547548
271603328463
332661243219
615670931252
440088967733
531123572109
640752302351
739330528405
775592952477
931340862678
076636823961
422834762434
107774212322
878409535785
503387102364
432866778023
996639337914
859876701332
638807362775
708129235519
611303081300
302372560872
216165046184
607478842336
035645685054
572802980122
274316710139
055512856012
645381902168
297997112992
408263609525
437377200806
143532715150
231657551448
362450237162
043364371525
182816372486
315864757649
943558622784
260945778882
551535586139
061384803088
642503696597
464981678838
992813784171
400865508945
002551188808
805670727743
085711683415
294733797886
674201575114
263592536124
726300595393
935067687532
603157955452
392034545444
665111333729
244210446025
745257360493
690577615266
568766581861
116890791896
268016479500
746456922285
885397078613
555691328189
374980771105
438498808782
186514965392
122937691306
529722333049
961626758471
570187896235
496668038387
981131602063
274652962966
640209593740
238862734235
703393277917
275919108239
956918901506
224629518139
692968255571
109044830792
331395525354
658896551768
596771787163
479838805028
183844433858
639290152191
665571828735
210900534501
247670124191
714562477725
613489654283
111482115866
407743903006
445209899309
889767209368
484033807881
674449755364
414700488271
673221725441
753439149116
521268378309
120170538658
419646372167
976786005098
750273286670
916393064237
526903922188
873019183688
205370832667
336922025364
812179651210
672334143078
937887469885
589819970244
169816245687
455481291085
474935435863
087147318528
968909861570
833724320814
833787029612
051543713764
904625242067
024605392755
366137668702
625969591936
005726416406
508201056648
761706742861
164787143778
126386681469
183806959655
574385572160
840539308088
354953841533
474783885883
076008900621
302197593518
696704055266
120643444338
916195454869
370530025567
065065774729
450115775858
151460811959
602321220118
417336620503
687425080872
148181710570
480390250633
233710330526
181743460149
982619706906
990542289999
527991893485
235047283779
514230909892
743937494826
431748512560
036732138613
960507538047
529447121192
656308210306
958162655952
471020632137
335665233456
919078172856
105049900422
372204727541
624304483534
709092040065
852783475150
194080914002
451959019399
691978625578
048201639080
854523090533
678387594072
266474692632
514835838852
901841283876
099903870683
604495970171
545025465221
399312014790
915458282063
814548393332
995111377773
867628899240
576632013461
951934217514
634364900833
975357812364
791701678130
916749547513
236334153491
369441183878
341584522107
101459318579
461267929979
445763382788
441696947093
547319363204
530727731509
847528726079
411465683811
681881257269
937870902686
689137264678
211963314008
679902788589
238421740779
981300706334
205313262743
083709126589
760167141215
705986080311
853966829989
975331972035
764896515248
451664710928
130635428302
998226612315
750363357668
373394337878
097169858937
463012285825
708763334893
472158697657
655698711239
233791043013
251885548265
726872497407
036152832758
009204537718
182010621921
532974496518
827250053492
170555149099
172522153821
759792700124
774724125855
893084801360
621806404665
815099295126
670701380797
336257148362
223281689622
018855701769
747573400857
627367153215
441951348123
219580530128
012754681778
333501903411
841149524028
372975438241
979944160078
292401462202
619117127934
666856929258
949628938642
891008739998
084073698595
620168138751
374807569778
464453154692
289983384694
571881819025
332197674869
261481593767
770341872432
268774376626
659217922872
634654742512
428293021172
320877186674
815410155711
372056720730
287172948113
435858587154
241585896173
788263908708
430143087406
003343819886
421193450016
780673955035
003107535327
951936589894
755574340907
912000558574
401135222763
630506590182
373059265082
273113871194
486306465921
996989107146
257142700385
529884737144
023113031894
563879483340
720007937845
130859645391
571409705474
763832380671
795342514653
436518002423
260000971563
009037175243
249046005872
939484893072
800142092011
225601281046
313464768095
471163856775
809155035235
284821072245
824396354038
905620984128
580525133726
175055610598
935094254798
835032859852
425933408146
370243162844
162948941677
942801098789
998874590665
624656195955
883993156553
748254517161
711321815298
887277863381
390446858249
457378605300
748698981368
852816940299
654446335064
712935781582
259758360658
418098399607
792103263284
274341082479
727598704092
554395992329
337461053289
476094169403
018881917555
653967747649
412984355840
725198243717
861484300279
632860543534
368932954229
534326358915
864509335732
889955427941
990894826336
347337373187
617836151316
899282304263
204484181703
850621089992
905990817551
577755625657
758359646436
239742986579
894672314354
876599530973
036953892358
348621031718
668329718379
409580167141
931553723271
664516071325
638364659653
478784825829
250624778897
917732727964
883569225255
653194530262
482137723241
408920991102
154350676632
307684644643
928673541268
180121772971
100191608071
621680610737
953043083075
197087726710
951306324665
911433201255
184154064007
911422881882
506354540130
008414124315
376765563026
053312903253
978448742527
527787711308
213263079030
702280347158
564638488736
978106091133
023949638993
048511651699
051173984289
639814205388
085104442979
171357577544
838471175001
940508115415
298477852925
087785475100
660779811739
681539893811
414605880188
137853220263
404012951622
737996872029
925806333360
196710803614
298419092227
775738960120
590995152467
232142701439
909716242179
007587592604
744125186690
086357802411
899614083749
003875511391
677119844313
487067721338
433746277103
382867608564
428675127678
464778353467
925304806090
503620609058
196838611833
947990952002
885314645531
355091830827
257016498684
903246111879
823001337364
186043383880
999845828735
341045474082
646399989955
255318384931
018398550504
662488380236
089279085652
992029667931
293043400433
895311642815
891630418038
109529243033
840711479281
700980834221
950515929575
678710449995
433364640012
981435796614
538387511295
564841205805
127932281546
408475442682
596380779918
666409932893
894508180537
320664726525
366715974384
179820257058
840119104829
585634140842
610145956142
954621250323
746980222039
776421325570
350810420280
994043016661
796706513895
226100682371
934189142489
432508202064
565791065113
503485147549
310801426457
293340442366
950377107196
826979136382
951633929882
891261495971
219225011634
671227261661
289935291312
345042609392
379285645002
724696240928
223609791757
707052113911
188099713888
889956894978
187895514399
775295399053
029480907834
573801874350
050353868683
164739075284
534450998080
275587990982
112639620177
402532038549
753244600948
170747615031
652109597019
595610701691
657484531882
035958901395
408839075054
916051593841
881676904863
955573270137
261151261250
697673360974
538745896380
995773840131
273558463560
768935657393
008731792257
930106815618
872205964227
021933938799
462357184288
255091858734
535053756825
168783157730
336567577180
307446611448
446733505928
423612894965
194339406797
513482434540
505343632283
544408405416
640016657564
401500722611
049621096619
876268088650
325567452946
264102518827
851318873430
927013808450
176458687974
513469335300
494647928561
280994172903
240748236780
672618999826
286360481243
449313142327
073234124068
259859182454
051258616897
749641877166
908030757753
847446730079
539056614020
466106821645
666916544691
644402497388
227212548430
706990650020
919274798986
758700990697
819547550078
358514066507
299201627863
889574504118
904948975460
186489942595
707799650281
052659184811
874143215629
311429197298
365124754435
836258083854
974275839502
206045935945
627307932267
491148712087
778347958492
229064841973
389923220434
872482053630
104201808443
044166441576
113543035775
407201154928
002496685224
476330040836
293035679491
156764731919
126328546407
710391802496
844116411530
293085578711
644992443980
469360670519
994202935236
969290294126
233744535837
899467216376
565065364090
317511375772
736739519205
665606444085
249700665519
614486758111
685462442838
221547033969
680612648670
717634938471
132418319973
422356676801
610167040084
453807496203
899576659519
195341199525
149275687577
400177020827
932076993256
233361956004
821538894652
779291395173
481750573714
590143971445
911922455936
657478502812
839298110892
348894804934
578816841085
148335284785
176098451075
686752393337
321004953299
765955192496
181537418315
786007344664
962992322190
239902082907
191454273430
432763877472
671084798917
905127549187
698638781539
165920301766
900906418567
011673551111
413942074625
263444733442
171240055300
550009060216
299090331937
599238016846
469954712535
247438086459
935243812277
761157364817
832930017731
003370156275
895270051951
411032663889
769312097617
139491414510
006928526473
921832163639
553681037090
772823953149
206982006468
301659422299
208488701153
308733842986
414627239250
071740257005
022749002257
365063861471
026030051184
997970416554
470198591842
892669244016
153426884815
403360529789
549156382059
896777752249
719156713428
788130760305
642794820174
708370811599
542568493285
177929812593
868483883007
702269915721
370843286030
638668728658
484120460919
905949529048
576650043524
934583688496
041984080899
195933573587
192927803288
863139025319
977116692492
592305043065
926253626316
981452548139
343621668739
500543046250
611653777627
409179736978
488251113611
985545140784
059846441262
641940651681
156744648916
858725334063
086446781332
399576230923
088146901478
742907448536
412243035589
252317798234
320116543797
323762845888
255433077365
614145096257
697297507627
618515020263
052938478215
350198902538
601722826700
138063799128
906850677533
932552656679
391347386307
222794168274
681532412956
923678997520
908804258216
960923911814
849130545006
705073676056
636870430080
466475169086
910173437594
978825560649
542460589022
382340526034
503373682634
152896397832
878328746677
233250253918
086734061350
544496367749
137925809059
116558175486
070329406197
323957517150
022363951880
544785052565
255575510322
016560532989
260248754128
163805659131
066904852799
974180642609
466851439002
046313334789
442571630887
669933883919
976142712190
142487356971
659792976563
397552596742
818215016773
797730580211
050255053435
441256644401
796641185926
239038396328
420946450755
334272833347
439811966803
338242718758
877678059354
528643210715
500570139180
430147316731
498576271885
689825206483
342205253034
320198732735
103301036216
848914534411
719240498341
612901446334
951781815721
084635121552
885070105849
761954601160
654161855200
224150572550
375647254841
349285810611
053942989483
785153764525
543491051760
346219686063
678092789354
433796598474
926429392435
990662663256
922903340272
816512830876
051226970102
192791468807
916541698155
180533953925
930222555041
438110258324
667895846795
007630965379
445165292653
256557735941
588655050205
799130096042
630065618379
377819701650
634883714011
039053196939
757353633164
632247701306
255009340643
472793966956
686151007314
127880098475
764591442514
419589727593
539647827427
382711980225
181656732009
573047660184
415196453765
500552991153
997781498583
208658724053
968570726789
924176250977
514507140048
055761563178
288254248569
746303071802
530204476068
999313196142
369098482562
052229430848
917218971272
899799292694
404635319432
762117564178
599621555447
495839287275
538134099946
696431122143
565635234316
971299492824
860241771081
077399105325
531352909111
103050444950
197280257608
813632010398
164402989685
857393152173
182540478270
760795065052
581326203456
454560983366
056610277118
924150972004
191812157555
267882195684
377058245249
557004740713
400789695698
356983392403
231636406782
300592492536
395634826394
386800831448
118307196823
537661763529
444836064541
637968623765
291005896832
349297110714
839638060524
720311827553
087660701576
399146934491
310251275713
579201124674
590819081046
239253675383
043129553907
133800390948
174250104505
982264664637
422469923145
168326269605
356626228227
391964674797
032957482092
921536943112
560275321562
189830216537
649813376965
443890645681
604222031535
145336319585
095109527799
293469471167
030009982202
912237310040
302279756976
740800821816
147543201673
329052670193
977275754158
567671441476
974213528441
418339231350
975243328235
172763871506
318389878734
830865552782
413577509207
630435036940
953794638262
279310516742
990591017790
861047250830
274729776172
607611171466
858276005359
111888084569
826513631997
344055042836
539042586548
899929212835
937003517543
395019652379
146191229306
168053748596
318828349301
626393147532
823402458921
654945630820
982581182168
175741367535
105170333508
952897604808
844799934392
761673112371
214133109074
546174552406
167811910434
455635981674
789943422345
139804468842
890968674084
543232824964
789048163741
477082008187
891001977766
546092679864
397985622974
472146091631
154796481320
719091577895
207925730091
311712464312
100543412308
401307450681
875686814991
925727346258
343483980308
476620985090
206762732935
105239066539
468456247415
359553436892
709969621845
539180609798
473536140431
069436813076
589369865013
692806632068
839936992893
839843770299
636629467410
713636513407
720207528459
342979967354
599443741986
111028655789
415327741364
572267616706
155072638913
495237908069
343346732442
360921608186
919092898815
279471403183
811685588788
651197961029
332308889201
038315656149
482731671608
811591019113
237466187795
333622670788
501220429431
471223017615
719874695465
749172262155
701177494053
271906822301
461716828022
408634081753
386043288123
821997051167
181265297700
750131766372
234719670623
776998555401
332698406637
079737612561
422689794520
539225914816
208331821120
301380360631
765968093756
611164189475
265414846002
304249734330
486262183616
045156223679
367278072640
404193283518
373655339726
156669408317
769499920766
783723668349
633500691405
422873248858
265803083332
047109843787
610291279801
041464919759
142785678363
571931124597
206609267410
746912467532
422070554510
855540798363
331149220770
756389538981
824005075911
824889440470
299742675230
822740051718
573076966804
326797228315
829808511239
259695149541
119152264185
130724969457
910648295435
014834336238
790058067758
808526269901
989623905077
630601955651
880872271493
553690594572
579454686718
226682836548
868729372731
922092019070
517045219476
945517641075
163276789731
450573770724
298207315688
569046055531
537208650129
267420585801
733529761170
282489997810
445197821462
103396975035
964590676134
124943682527
823261080463
509965053791
574374184340
631327006025
209517802192
249269669967
492193748231
861407324538
705830507762
192351266220
388797285964
758791783761
105997593291
754599373431
570571765197
990594654622
063636275470
683702788934
619994523034
615535159499
573786272715
206394194689
324640267401
769705082656
582606815404
132840060606
584245440569
909782414485
474568340117
579315420511
618404960500
021512479443
539731395969
180322163353
754409342110
655334067644
560596328184
183106112206
801646566051
107188956941
974049741609
440318551644
411047673041
967959976474
683186770849
419472382411
854796347814
977971126017
930198436509
479527572423
138230468855
545927548612
831063587005
584864887894
344710787047
801462580943
596910400238
544201789914
464032977577
769968185840
092088168015
863472877824
574082509785
569606363358
304186979748
768112636994
608459709272
888132610279
302756238257
793962616924
194221237470
169794621808
911543164437
936343073819
267415491112
823437746950
850229849862
791102446965
253330460691
227955208751
599826583312
548295464700
519009543463
160265305347
726363007004
175383767117
307472489600
763924843290
816227123551
445409280315
241717885960
779728141029
499472923935
754553870385
914510356146
526496921163
350054569303
867159659178
300495960196
677842598588
641891482933
523235584234
427300806911
912647842331
465114580746
846232455080
665409779478
575877201186
854879207780
879682684174
421242132159
852414335342
471746803319
635499035087
517350359641
004403424018
978940724596
050973061372
610914215863
477443164284
644149129710
575656824257
519961343758
712173712592
672629268728
930799769075
053984288426
125216032166
975894176731
401382684317
202746549956
600464618869
784686464844
308609912048
862135559949
076249989845
632689479647
090869822915
046108452083
054966372255
169007414341
067967095568
919556460412
853474546568
233394973276
189341587772
417131507244
590317399918
385018448749
492335222446
622707646210
597514011122
993257570206
702226290494
180020371871
699399479408
551398588473
294841797325
161092021122
366123264394
758684988729
554778446865
778366991109
365298513037
812606278066
660980488991
398066859025
548849324385
202026707163
242424171249
464661719206
295010826985
777894070597
552489904736
518587259480
367525742846
673137544080
771328892661
341663036647
287217798212
485042804137
320535414433
056639795555
596216899669
664078872894
157650454991
363638637844
290135208738
013499281258
208207013906
608148304323
301023141528
891589058545
567043486834
530676686054
993124156321
288663515338
549457997016
490866303052
767982113227
324979419549
777069647739
446548198680
333709678033
801480167182
910615071256
535712086055
826950743666
692905108225
601005040072
571845272406
953012012261
292416289386
621083550942
522091877401
725401405248
191509660296
232824811475
038969072842
316796755134
383540759193
917202191204
150661058065
079045875397
374254569324
838918895868
047870895156
488188129640
341807486331
157130923028
452918101354
715177955604
878799312173
125647729467
813881761050
970742745700
806458346248
176976992212
262118954343
825719283656
074431321391
412438707952
647435264530
299264266843
781272589394
582547012931
093215179909
948458499786
350157119287
116998293812
434721425261
642881369663
783882568914
726806062731
173573709462
817260185190
720718863581
885093380433
397109340070
810350019167
992822880591
916216429233
372251082715
345392611354
817591971304
232854975580
077647163963
133523350700
953439408614
491104009521
762599899759
979881208237
542972011361
051134112815
493951622236
411948147474
918571142093
676537492663
095699581191
666676808995
469810754197
774750099053
336217153843
574441502638
965092241300
243340731419
085488517235
748219004784
140138172285
096637390078
874044088400
329479165948
204233365279
588830348308
114066879861
949594091541
499622466031
879652523071
380210016218
717736466661
405863986942
421701351444
122505642897
150699837599
025654256345
694337620096
816287621440
655231856189
572702348236
329522771788
557365346984
993012068981
801238999523
506916292542
567152941784
379259325097
415661925496
470480246622
795326527554
087775573418
439792655912
294644171145
803269912364
178836180519
611695687104
615707570435
964914327431
268738978504
550149489830
061557142977
707387648713
885067635939
495114616328
249036314466
301217460260
357266583716
504284706998
520988369224
101666114916
582513529786
817019880678
173045001591
328444175249
313565302075
978776533813
914342400704
690916873320
383721985614
639492560317
389451271957
498173377421
433640955399
037215946913
827465900335
359154572793
683383935926
059582950686
771170096899
176278826998
615743701340
136766770870
789525984683
884010722309
455312875942
547370912594
301583762754
214089634976
474810141910
768996421122
340647348887
391067751099
906748781532
864367791925
986674900247
390818607641
579904801246
726171821267
576328110973
937562201288
760200253131
938720299085
553476022382
217064783575
967507141193
598262407829
830757359204
979965373554
218416813544
326281887927
952047533809
073996039866
472830157419
756783331010
211579369427
715625056696
549746029345
216987964839
958166152620
282292463665
532992374337
790214351315
406687512122
977167385141
892676681009
276831523145
687394479515
911655707256
214527933350
665339638106
795720501541
337178785287
117914440599
268887900566
229323709584
319847302849
476977197803
788108055728
343139568133
004247425643
564202730458
978473690894
653209303852
732243189269
388231836216
680667177811
493170883090
541205267276
842166172214
520777658140
483317685123
890078937397
762361911785
124820975473
554421691947
851230748172
534235921733
557440542607
385010770803
298115158128
111561354348
291724179016
910097535780
083870280958
563199502891
501826596956
943338683433
237661514394
994785424712
890652381092
225572997334
118275984647
457577744788
672140707905
855167835986
989051383022
575804734661
978869983140
555029758646
953958965560
302135064680
853544063135
577403138379
827119606758
191603901293
837970006883
031164961199
438459013813
186630906726
111652312056
376876127910
389657974957
677830684403
602599758754
054209815494
465750504281
050299848915
021021076988
257231126586
738654540203
667857791565
959993792413
910268639385
095791150329
427280012348
901452810301
336937433772
556841627367
952805546848
539001836152
463831270137
232282407724
526586716126
630092160693
372695392998
691998166907
323776286015
306457404523
551556380584
199926026241
244572784516
002763960178
258942928296
386389822939
387939111765
583721290934
671699269980
905354409728
960839285202
299157576394
914766453790
777734612615
879911935387
720784373063
815421838758
516680694178
506729301275
671171007409
124434473450
447052195175
681941188537
136184049358
838755210765
175490964007
958314991486
593196064105
090916743163
059242462983
347549801253
206555127936
185547490152
613655199179
672985276890
548774092817
421555205659
066165665139
319079011056
420969738559
060350007188
102484021697
048629209201
255736255285
012480152104
132632419654
712908467375
697759916511
304512903249
032273967619
907200684748
415094456781
452684006656
335438418946
042987812718
491309767595
288139520227
114440885677
442718590946
967837377833
762621309117
184312190183
681749210442
802064787351
822795511459
190623897735
481870947031
381158544569
106587194428
138801529976
170426319907
184700396227
537151926671
608505789293
195156530337
580377144556
881877823590
602475200636
278407515061
795801050226
367556773456
335954994797
062681906207
457301155984
816096306513
654386424063
122997761753
529885190056
635917350714
604754208120
513209354779
963678359909
772734950445
354739101180
559021175609
458252278107
945468491380
342787699754
093615873876
529769119716
987384439808
710637725655
196235792177
475069236733
581716239756
213873409837
857329430789
758449765563
953697161563
053844118897
766330297438
972066452904
129247284608
460342969764
759725173788
334501090050
036603960141
193856059077
970770570870
177727932944
483717540363
437447817564
067579610820
244229150529
711159383082
415996829131
010194183941
513833624790
562439076399
188182872922
017852224775
406274053246
459682747372
976119656470
811909663131
132332433283
400585596148
815504407212
461405054696
257923427231
467542993447
309824614861
023555463468
835344993165
887769792011
557116151616
977258011626
564047544581
855361666890
525733119960
734841750345
572636058367
910371739664
444005016341
329403955291
447772201466
111048675074
751560599489
179273851648
384479683835
546899763084
026640929749
359897863205
936105109537
720640916755
705408228489
839459268524
054897184012
804362630738
234906575234
587258747110
955376961794
434967935077
158808772142
665479769316
824494536109
366835395904
060525108470
226401973355
748766676500
495778443676
655723456881
605812512207
888777771804
078725631024
784987272723
659679263272
666582520674
257170416424
110751181345
184679134807
077243521640
823324545193
352878184264
134940312227
326121649044
055647328653
971120760706
968198645599
092468798137
406610004985
020469092819
544311969914
473346380002
339247795092
633381034660
419226265721
249884727019
200475416508
017690558317
394945171610
663104765561
242529654514
641965875703
267097200286
703198613141
381426814299
210654915701
445739872298
677278581081
110478861347
431064432518
588460794151
521484273373
465660589280
377226940512
862639636321
619666126272
893909892972
439142464883
444610721575
037967159584
158016057096
172033544376
720885753731
730508964881
276997982424
830373458781
325214239717
334987921092
929821056632
406761429416
039477659379
907136272665
929543690129
646332134786
183562836722
834268165986
585252518520
979309616211
459785516011
130499219490
350281363038
318355503501
688117561123
069219842010
322327124469
492430366199
599312379821
656078882425
465519663952
413365228595
416831990836
508493716859
301706958098
539517354134
226255151282
028377859976
634204956006
973309575498
895452874226
909652956597
040863567888
891042430732
202729560239
200043030548
917717145552
386047782169
899566629977
283056745107
172424475071
127859239736
774997021804
107649859440
210242810310
048666691843
237056868360
291454198331
771560044561
603367594183
112307541699
866409505591
214804105743
433526204553
643167413070
988461569889
785451582064
772110065900
677821915638
093246196294
657963931296
772128593213
381276009408
409427241943
824989444637
819460331022
462041934003
845969373733
154105349025
157169924656
366613925227
017007692103
129772588717
954579876345
296779382413
338242930458
681477491976
578176316222
180559676244
524457948444
742910736894
071075100495
015921978076
340433716315
122275115027
520431102243
527040490984
823636336763
731689292840
871917197329
106860001875
689988500234
682277674220
936188383565
141150605989
509830339729
695151951199
619726818690
187140646810
249681502503
271498027807
711126970695
516195148965
818918539977
884490773309
546758131903
416195688340
877505484153
849218607432
576713582106
060727866306
558562238729
498460664239
490399743830
068415393265
786005183421
119609087879
177820649190
484934400603
492370281008
781242857148
340367489678
811455462561
484001468401
664691797716
682986886790
509205489577
860238108717
713311392330
427706529437
890057202062
878485839548
464045926907
251514922845
074965252712
998351921500
378571397965
423669519807
519151041690
862633598243
639395033235
271149111811
611206300547
959955515195
383359679327
843350877166
107807555213
076922420761
467987236222
379927321955
558045951601
888622795305
941272573711
410547175506
102948161655
774040211648
023497780997
305032527735
509092831942
653567044755
791878117624
446388462002
470748326537
529579627128
595108487593
200841279678
187791452043
733526469677
459571459158
706426656957
943794489586
298660759380
106295555498
150023092332
499121115456
412723303487
451319398726
901879190268
826527819548
125733438157
249480952686
348391111641
922679279978
115382389611
932056466188
208589055139
897397244892
242385750776
753413337185
200850670981
078738814679
175107260244
667218452782
675876227174
964441432268
567757423407
350714976543
644323111605
711106784471
268877823049
667882639308
696747916803
180197881749
527325609713
755118343299
094750495190
163690985617
473940114791
821953387471
339422852565
497426934109
897872738199
757928173733
832135418467
956745495177
199737773167
225718777266
743875407258
077325741162
978908864789
949971409139
171020628850
227155943429
907117702511
819745578386
506151318059
646596295635
923345658522
696360061428
692149249148
697262114327
733749549915
014639346234
291499457407
736701604375
150710885865
104410781646
754437084625
867290061630
826279161129
684078753622
504301750551
371774056969
685187801380
771740528704
795777644589
487572857383
184818877085
170099814521
641913083207
582522500869
158044413823
368615024116
747024045791
821023809309
665866779897
922894714907
106439475933
037890917843
174661390385
763665850085
229968410130
566068422801
592757849580
044173055722
718978858031
642489569333
250404924742
686890507431
050242080765
742082705163
550971377752
789103919359
741741299171
603632176682
006877638117
890914666270
388873544151
262736698973
390199883594
594161187512
313777272203
783186472485
957828041069
413842417741
025627293564
705218493506
404987352401
967546641336
667265773539
542127227899
581112610470
829618612736
866130409828
636850657826
206531172015
477416338664
490581826549
371373346473
589692569893
238208833715
210004954697
230513045280
965681719059
335231698276
563668318933
743012642811
501729627509
427290654469
763694955092
681699415030
733751656567
461687000783
109877277591
025175427462
094617232340
273367627078
696626550908
576258720058
556841608678
665240718589
929443007291
195351981084
072678670890
520008237419
051593639957
987239773188
105839425738
010264362078
736942151573
237642440219
748515985655
562735827342
684158492428
317741153104
147693750953
641045215075
716936362912
174508802867
295052805690
588620698259
813308752977
437754876683
825030560849
115286362545
752329791061
051276582534
979138334664
333332484258
302573461076
264640310390
735293864263
936638806198
995003576822
426874503785
296460298302
544980930875
228130923952
454473516174
051541919793
277977447506
198669017061
055920018521
739696847848
732635380191
049148037360
627296241607
798325021568
431354804737
062131124619
494104248820
683501324450
965125746171
982517116060
233678271817
357422362256
924474890266
522531160311
173060136470
224138203168
277922182450
967519380265
760138190601
625713569972
086888243134
527515422965
328238021434
856708305378
133154501695
505464646173
406800860640
894357725982
777348655645
623779783654
238553504648
054332550967
447968355452
826278010351
263666714135
999606544693
603817430006
712233231960
712725664658
534953073609
072644732841
018191808582
043435468594
358728506849
733812753080
930901125512
597349846200
281818738254
347248326082
163889677263
987624742583
103674759610
121823236051
216825081588
637258789001
925687694572
191173237736
979007493865
475112193742
982191042329
687293747418
191436125361
372683098895
504430414715
445717745449
294981451909
244027541831
355930442427
449810027962
438638311347
613931511260
721903057713
031051120050
743099999093
976117391429
067610173009
933436952456
278960701634
354088463806
993127974080
160845627949
651863543797
306100710593
299385755566
514046686544
201406927232
941466609814
794327029858
487708605433
674351261378
935202293350
379872187785
233739597612
839159319835
356691929171
577286632614
074135370720
527720751556
893208629959
628872012059
377002594997
484616950305
415175561233
455168013144
338315766220
020628447317
050882029827
694843043335
107872703640
226799872384
334691633085
975797010143
740124050876
251086330082
718273000385
406470425235
054625825699
107159258084
469629635151
876024588420
402706733568
038752552382
738988799738
624963238666
755130224283
768148976348
706047573060
247327046940
946083016720
867280496462
958229846907
141623222575
496350151756
666845187615
323068005139
076342774993
777130445339
720746459501
072821474649
235686681209
544674233390
379686034121
187478515837
906329725870
116928181232
451319045885
269967175365
051806500804
784683405365
295564508929
314859867509
316594104617
358677798842
022695148311
916329673623
618178199818
982368442604
342715980001
064421062949
497288651815
683859239212
671635585094
642420744311
619789952746
302693023059
803025519418
017062240520
391843513607
159062161438
591636233763
499352455940
568488272459
191273550583
494794057906
798785838679
292434936426
185567856878
081654282204
766975759866
443662662438
750700315185
160142528529
045716988609
964745159188
082045511693
484850258790
663061935572
330716304171
826748984727
908921964459
707068817725
881884488031
413316043881
979729575862
080533745671
684741310128
057624337853
681365175929
185253752722
517289919534
593954172931
031026650736
494962235119
538595035319
970332038981
578646061627
137526866499
172700485208
775315281217
896206947721
021590334311
636027427206
074731093910
168061437827
869454496295
917752725617
268945112020
693783060922
686835813332
207118754760
466548575794
113916481149
139703144742
636942952807
263248559900
279326507083
680342716075
336089654249
871410235873
662120011337
476113299441
572238955149
712288856036
963227914632
793916078984
866634644267
478207499699
740189271699
337926587769
034440634671
127600796458
786299200269
252908122907
861235693625
255761041412
715170960028
884744395454
628488313355
424074961908
670276295904
830906083092
592713009770
256878683133
536082659176
382257823029
859001722339
871221693042
475606907167
532193539109
452371340877
546661765390
916892497945
826917726615
001258049323
039712003819
317067088089
390802671709
798194950330
239219244340
019641519106
504663263090
266775287047
184481820158
118343514000
848697789401
412963381252
385318049015
446875868821
822522902251
361732993829
772933856178
911683908215
739303823817
430953337435
125689539651
696412444353
148171576434
674839000493
664493044943
057146319365
873624258871
428606678136
599047179085
208448489161
731986525551
372547069743
085225418727
514290129335
627958695251
388866156968
899778857641
794197487020
196361906503
911863753239
200641227480
110164512753
234312977390
094699605932
790083002044
645182113873
151129198940
123792117167
476501033599
732272924276
118477805030
616475491692
048942211570
684503339219
608413179787
749120606356
094256848156
491595120602
943050985276
175293185364
634139148844
829152879448
784022316017
812652798252
413541127861
195056290713
064054576243
629574074364
029067976494
928824470018
748438926749
216607934008
746176957246
086589332219
876263612589
573008462545
086954990742
983908798915
835030040805
704555959118
669578843243
030025627367
700320026119
439974310668
549523350734
807320770546
912557197307
592737394670
866607260752
417046625859
070629819489
167389378423
699064238560
161516366198
732559107920
568119838692
540833632419
947836170272
217101519643
029688686033
790189213244
603321730305
024344554574
398161802574
007674041456
375676783284
766812548598
347400250936
158357049623
318589734693
603541598695
095512469728
982853768399
079494676073
185888455006
950297295836
303774381367
447901945639
042849272580
351038225393
842943299350
102247843956
823790906173
636192248976
250798231766
045709679686
730968793151
645637698256
443230157139
304502051661
194036459434
972707725419
183245178104
869542278260
111750821313
543167113890
279680998270
595418114363
575135951920
658105124016
020189576556
369495139962
997102791177
636272036637
834725639594
166763180959
794670642419
690818228056
698817350842
357543291477
906847986841
897414761601
849141669689
969855105031
738525386481
808701231357
798322804318
761601645389
415810012086
902705538457
083837850776
351947654089
787210466277
518227688348
709663809685
151765085738
003413253230
410788954297
746512516048
676911089278
174969352277
096856170165
226774524349
128042857400
116317123451
799021840599
572321472610
968337848128
146669150577
229344495046
627098105210
209935793640
423591049929
448451930781
913066523609
811586150002
228935991415
824887399331
112880031667
861947451740
930803620112
351916333481
875605100833
412524300630
823554448666
785833302660
683582491708
469387295323
072231972015
245685792429
554296932788
867096896591
879111171320
122689047607
156908189529
995602453060
114464164150
249153327755
024619325302
186961995943
127089670218
670628509111
875110652679
658075297696
694805546693
980618833403
915504197802
339170074772
560017322445
300699470187
123406591161
105889778100
223023065367
092467414178
881087298543
018593845327
776032684553
808245772492
813889468444
665448938876
443387879187
736935996372
431576563264
972718085537
521139348881
398506114516
259947334538
553782130639
400554657294
478197602238
036151090891
294867130958
434007097635
700099569076
045093341657
070620131826
753610815697
243037194504
374260539477
436986408447
721509638211
436859672680
202766049180
661748806096
172513140624
476347376563
260685636994
334690069583
281141405473
980763479063
289266946072
703168069614
275536659140
890593919027
472924954677
127747743437
935679571438
552336067131
906242480187
672944767394
745916728514
066004986667
651593534176
524469692676
713597845678
960628106044
020964344786
056861871389
448982784594
117106616289
591590410867
998736941565
287297873700
124440470641
026744188251
371705438164
453439754553
372851204971
538637681066
261489812916
376701817518
661805069132
795467385956
036827598712
870619719374
731901909670
162461038070
616924898091
995319820145
275357476338
334901560483
224767374955
904518760238
703659804540
349401774323
643471552868
432077600465
209452531027
412987232123
520778296533
975345325014
229865056889
925262741369
474242969143
078024521205
800806967708
982916449017
080699780197
098378092402
483443987126
102421718765
961718790764
174976206900
996482647731
661823097328
652716481184
483135853744
742417876612
612051797316
204227983091
797528347768
745387241838
963275115058
699208073176
133710384012
851393724175
397901012429
180084910750
491420176499
553013949529
484012639653
326071954901
869664162079
123444730151
018425014537
238550413581
974735788494
586060517603
548768760750
135264903779
587608982045
392832564316
132537112537
497720341058
333213271201
629008086007
422686407979
491344613404
946353118551
203231886902
031959152770
886872134232
515317965169
267944690833
978675420165
579496128060
859622188177
274967786827
100930317207
238757140501
894327405346
873552855798
826367211675
113881309798
743712010486
465321247796
830033440443
870233614561
523873550392
527757074870
041236678505
019021614990
145441036291
495287456195
904996539483
376846417497
963151323760
307254560525
277492999599
602647694473
651815813121
002132264924
647705580659
546810711744
521314514343
069199519347
527073914571
607673540933
487698784480
515843366396
535989497412
730206429618
724833401747
446435412259
342279909712
303523785041
976294820821
634603957976
876999595556
884080898815
402743626325
327849690664
358566632735
799899421153
338458508049
450707231463
989764179912
920656798595
749627393410
927430801444
660215919951
626803228115
111002290333
953032391618
367860664424
480413078066
756148317692
499003158522
504323447667
457811000542
293122344498
855095937106
633323925776
391183754352
492443524773
612974043518
207710207179
607415174769
512746661769
702621284590
358412759453
081921333046
094070554531
936590133131
249122783296
201052633108
417452880744
979471034838
772063429603
141900634210
674434976908
565027742665
797454041759
176273896467
009163781268
695148464263
313691131645
763679029933
642513349772
183822926270
979029412378
609093828065
777900116943
634709214472
901308600338
758814411752
192988502112
579548449177
495497694847
072509213430
380110080674
369298781509
409628894977
127092541772
203165824537
080378813199
283759054999
884215829648
263049406177
129143781355
928863466806
924712051743
331901220074
117964085609
111970457247
297665292575
094567304957
240553464690
548388073232
702619812611
839477101899
492926242503
765429481634
805738864517
975841801186
477230610330
726108497475
219355089536
217681348775
129590963650
285002143914
174602282465
252347316487
596743837034
179531477446
965079806330
318686343573
534152028006
613533316019
926971438780
096038992719
222129433223
569370932682
906632837583
838951618914
845019482677
494452250867
697680169890
256394625374
569537066765
764939839961
398859780111
108896963779
569718404049
386629594347
516857751308
762753077964
183607786463
992635982537
429088896231
703947163961
345070208999
576482974505
965699447776
436487534877
127358888126
334848834128
846473069533
773657446770
770154958303
976487567158
041821700134
018937927739
300272288738
070908692840
344666780212
352042440659
725795844208
408245012818
191035122865
246658910792
733759045816
665497100505
618878729090
052032512830
633375977417
407558414005
320287358795
415062138986
223220901412
121615799030
375963912880
061821762293
012050078576
794874522499
582352984324
026509075247
604434717000
699329922270
477285483767
958701822455
748527734659
916760664503
552805683253
264055334504
715813881309
580966156572
259246644360
852649503077
261699372358
616421427066
244704518556
999504937732
944287624535
645751326156
639920649592
773879371876
107264224683
098824779863
596753264699
630302664708
636246831345
061736709398
570615116572
860235016055
115748126020
672437403050
072646995462
731674930614
215685838085
920345221535
917284742597
117068553822
744663570428
076711139533
570257023999
606208383618
840846181401
841469136857
338685635129
019710881495
455233838640
736392237090
699088467151
411187075335
851475160200
699000923721
235898733745
281536393106
148580068607
891649425564
640756846706
495757448054
981712552372
871256380131
935737954115
432128823352
086378156754
710158947515
015789968745
752697303232
756171552201
781763896340
123596075588
095716898485
888576884955
125116189892
441369495616
099627329354
266021211363
295594389263
811442713340
489105783959
147078495790
097429903659
184715424514
389213754608
761794971452
397165374505
700424269291
298244910496
109890757080
414707642368
459446508659
539899848957
421654855088
507537591447
153528128941
552761217757
683676120823
285557463960
464269614392
751013946813
020894947749
649085889096
924989223465
128564044104
020486593554
208361441233
507331652503
567881963125
182713731212
833891519753
355141627287
189378390445
616454036203
136974977815
093830032581
979285141235
157045577342
287876395639
051104046220
717485950725
805913998616
797038675685
985048756075
407767609014
260866368601
904159892894
026360140050
644658680528
335794850870
464413523518
095177055299
123141123005
195530019180
110863220256
580427444168
743584703344
112402823987
636324326475
462128852369
251669198711
667359986693
595622296209
165097073527
253506436685
517414099023
708153173713
992400626509
874554707627
083620145059
501952624429
006234032154
707775327539
660507042431
965094856314
874429512314
651874372559
968616630066
781428284094
391696301672
782370486972
510549959590
083513785128
254708977760
088230715729
424945474269
779564576179
300322707535
424724929593
204836774812
726957843008
536132321984
990537222104
805127773885
210688327414
503307556604
953806598640
911779596720
861555124011
849253455985
713791569014
400191742147
545353604175
649243564322
955362015725
716836459619
753278548751
212867571429
736141818015
979770223596
611899809311
572125154129
207923526669
394307762049
744020138539
359759899628
759103238160
461930876558
402880443394
191415038246
128646030469
830789677888
666327869289
357620724364
891455899121
224133057457
025807243698
166457059073
310949173299
839416191221
490385567256
674365834109
268557119349
839489230388
466884964198
198265839303
531637405961
511938492488
724486668786
938939615634
997835581085
787588468745
953200156090
814432837980
513629945628
111547982833
898338650252
482747885076
381663169946
846333180344
594807903232
328936612107
372274538879
775476350095
386214851983
783958179844
576520966844
826944341189
894437633305
962010920566
684580957479
974686247794
482876639764
438521383225
150212503133
138899654205
069271160852
959056500289
665564844670
297776364834
991554895464
810631847953
308475889125
164386534878
423340204666
755528543343
643017582140
966425783767
954405472826
129773931931
006813330287
931020205242
717387892862
590669686079
378353442602
768557535584
037954654545
573168819746
523919653129
710060129890
425793523905
642384285232
232787191420
893934387739
705328704728
074425700605
618962670893
015136414043
164337433913
293309601133
661330264801
050373916131
079734459546
820561537085
988553510687
874051437854
517486510064
431623858323
328201670970
829134251779
838624052700
778388426818
261228645641
682887100997
336120029990
633522095430
424522296858
068507812834
005055351900
763113074877
520915911999
012432990928
930515553160
476938837716
540529876744
209538122176
640929061817
456929201274
133973657757
609507267369
498367329617
414723013219
465625243005
395063568188
614288723030
553998113043
105184738567
624323029501
974334505674
353957821389
966476365358
042720162780
839016928329
439708160390
509405516137
623765315826
938302521164
818474014198
571403451198
271890215423
862878075492
472099117139
950679504540
673167840865
507469596976
478163881272
540096499734
541323673213
956521719007
819086637877
729729941233
426512642552
481105475956
395533731641
805230117092
545307027904
943371851287
897943527550
354723510609
704684021652
979025835976
055374753907
420102611406
814362037735
698542174104
649189837175
910524274951
169693891024
281039445643
918753344752
870321155939
148121972638
948520320317
522790521652
343947512055
266340364650
732821482171
252141156364
199130632784
164543746190
489898660322
023103795392
164594157184
871809327372
019026754170
310884906364
650974400588
687676675221
063693681383
228755057555
184227123932
357563162847
531912245024
247643628407
583682628939
138103913174
191691023295
798662578707
516960983230
088763291105
054608790758
054594183527
978317140589
964591355042
247577215043
151118495897
352309173342
962332569901
269655631654
636950437952
289515243197
599712681207
568132819601
607824095065
424548699251
364440296582
431560052887
986940368378
310762368078
437639404292
977972915361
585067203698
765416333016
949217461520
485427777664
488359747382
515992836543
838175475590
675356863319
399433847861
709079738744
007572313388
778634633772
823963398604
731125103169
308320662193
701296096644
799672302744
765595223012
100857263053
720460026972
992553945272
583914882153
969247991304
728588914982
052363332274
367486463215
461544592376
127398778876
668655690281
784131085306
284582417903
486141480784
165044309338
676403932325
600879003131
620094212389
635638458108
004164701312
954182675682
905437412034
616125466238
811402271374
173721229789
211902190326
596742750307
607655895437
113139328878
225741927874
455821672950
503605701735
377750448182
152515369596
312016025757
192391313348
473470912726
537708573139
752796627770
070121559788
186082136927
322309690587
409208371447
267652234971
214526444872
213434025020
952115110325
487329841175
881480314665
203426351792
387789186258
284129583708
990655081027
802741350622
293551034055
370331450823
774646734788
398511431032
498504028990
236817274572
893491085149
395584042924
451991391044
969789479719
362441032159
517770778439
433884011645
632052180157
708655028723
960202535935
451553397912
232823252634
753037351354
176396261398
898353119315
229842924716
897010814843
857192325104
699284580377
925054914605
741621422554
894910914410
279555049063
255562640467
863094408566
760333521276
231480560069
137899030784
569583088892
638537107931
525884608120
731852687667
255598458565
619476171129
428266175173
989484380016
387512733184
312827129398
321231258508
755839445189
812956601310
063850972944
268601248588
047829986597
869114734944
076491381985
612397729985
838596372738
336509027919
348485619108
883454282661
211933883790
893839458586
240241649050
341181082866
239170814128
469024459442
565510131413
257130646008
655404049785
271656417797
675206027511
063262921225
335494791480
771322437186
433232950394
913554281990
620470008602
825370339096
701465309126
369949940663
417131668943
086765717228
428370460979
582718143691
758714539465
050401371731
632089621866
687808940127
725333875437
812818092380
853141718677
775369106856
635096205552
806430596859
979496422497
901597368500
353573962507
549907454268
753027848978
426104725720
901283748051
446011937603
919003232071
745053479549
254750500406
047385553123
527923715677
369189666806
698057828302
881309778153
859721635032
604365126331
862530834140
604968294687
822101163414
472725909616
250896379642
099476744490
287110316324
764232877582
200857243939
758054923260
792996777290
318577762679
937407875929
759078325371
866922195879
724429504082
511424059282
989136002723
387584840974
149300133130
493991552940
879549349206
705377115733
437025999789
184548734602
508442441696
745722628849
030476570759
584654311731
716043492882
847677306491
910190674616
404836356090
399998118395
668825151834
534237709587
837584085422
125434181985
032847364695
663534672158
705977420138
841813898705
001344203543
909739569729
826479788212
450624206075
175735850164
803110688746
170905674932
031931974779
077470252363
194161990704
721104351623
013590220389
165380509737
000469125051
026466430075
426074794187
246525587697
996390223088
653975900476
901256031685
162845417696
781089517559
532091238421
897459234757
029445702996
692714768307
919165666880
062456791605
556784366960
883773366441
614475522889
469969689544
828889515437
768207650337
279389391585
144736835796
566730432286
218948979754
909002011914
510257872625
087731816814
379014502112
773309591517
900237581086
176271544004
136843135792
459737324790
151413760367
957734563321
143736458704
964241938586
848377329409
414514066023
837635639062
907692495521
422348486435
394351280546
629547804409
806485639958
851250957612
410655732781
328304875255
284930801539
431164437489
419184735460
676849997311
300689575004
245646582466
774907634651
072925801459
484997911158
079842087826
629381284671
758503569694
310254022901
419346493944
509204199338
752973691331
930928647935
893346296681
675223857240
942846990085
989679055207
373615329895
333848595662
178450921397
753610401412
600083313905
688684470847
870324336092
435057394017
161673087508
814282499263
179370062491
182688502072
971248993036
060381730880
225033895452
762255523327
226587668777
634086324683
568107652292
642962276141
618445126624
367361889760
549757873656
406287039856
741773854134
538397898126
473734623838
798433321973
636879185541
784448859640
044317754695
816759304270
445688190461
170187480652
700391567781
074346469399
114214392414
324804877587
238273283438
177185745527
271996666763
588881651074
766076302331
774156809149
523256108456
689569355682
451898730473
122158632330
377676497405
003056283576
715029534020
919445222441
923186670742
515883280354
332446086954
891491813498
565225538021
110215318140
179021260832
344299023223
383354967990
843353697077
445163526143
252155243545
474382664793
918546026542
276920521291
660972865778
169436230033
112309400358
408442130935
143853627943
398754853830
472520108977
093248153681
918650429848
154686294036
205813087606
889595078145
889556961644
970433406146
319891270302
010657106927
926337961402
502247396829
823087407231
526584545977
729470629848
569288975436
833282842789
707611422245
516500180976
830891545931
716433631357
968569585097
275706726727
797912589697
401483428148
973564130342
299665433495
362630780620
728841548926
669110498710
316200225191
405393033288
817211630317
520393565808
619996062088
592856356015
384470284951
331775520279
009926651579
677855968964
733358665946
298465074617
163930404783
833857348733
672809202485
079228793848
834855586675
745117748448
512968502682
795901457949
559953701882
549040214098
221409745783
889038411914
292456210477
830127240125
206082206490
665569424909
169652082451
605628702572
236890604610
008144538513
329703821440
317726602027
403657777642
426586321499
007337326462
289477523875
708068373885
299142148372
033056071445
264063407990
109967075265
678533285859
919804867050
397210725802
788996757949
025136142675
246093675699
580162937435
483208915667
017117913564
424079856180
668918531641
914028344754
138928822344
784080293256
651214582013
252715599589
884769766133
645426115388
452170824123
692983448659
858535452118
119468603128
566316519041
650819418550
516779608304
616343164863
123061402634
203753656262
209543444274
092937584901
079268096371
090580838864
204902909771
040804389649
152399551218
828053565813
091388079012
199747348905
685614353704
993590531143
752565049149
995671705650
749789206140
694117897655
160871571525
583746760793
475902067616
146767011066
452050870018
352745429666
893396438046
135814951061
364193737275
360637606913
306814944297
084617094126
895490103983
950894513729
928367984240
683756380765
627761824546
327357347595
487828172922
008764138880
956856333332
449015867435
007624428043
055064527148
298522419954
246019698137
457416674246
297892802650
602343201273
562823207701
389164875595
190837889678
385612778174
917760549748
889739632229
685105868715
231849090747
610443967955
795749479826
224165686678
450875284537
114620427602
566241693593
373207805672
725520746506
416523533087
853874038329
549277342483
786518959666
166785724737
853838851746
718553425726
532026654973
089793791412
652687084407
571044286728
396405042223
256110902608
481309957572
074468883514
348812729661
422891563382
658276588526
504296784369
519712437166
735667825579
464266002863
007293855458
500431024537
824413443355
409435010426
290102875592
576674442122
259620636153
196301875429
397621734354
944660095615
457682022472
534621545296
888517418439
752594738148
434963516295
931036645902
798942101723
852669930448
904159765285
054154907725
768232080073
391644631106
731996946238
179807709524
653300441335
849430180263
961269830625
878178037888
967364726487
331347298606
395848706217
243055995047
838786657384
226092687033
730457063084
503374330134
342696411932
830794682885
248868544333
368825666908
595861571822
400728041243
754706145571
423251717737
404217774988
860470454499
287760754761
183395895389
287334203147
113231206634
247414015876
097207195200
103621678506
273411445588
372673277224
359199305093
373750920283
623626338598
728862620010
878694169268
421232967806
590436418239
145375209631
613876719120
240477590546
154767931767
799896070808
249963493016
800075465246
153865455274
419875383450
548680068146
140218741892
880116210427
192405786890
575258842437
150612536675
549315361668
061122877593
175460286843
303230130795
978511970938
838953419063
349444997603
781531996286
662128058889
719158222370
061925885871
722987303460
344054265295
975291435183
019619980412
509951761368
903097478311
677027845063
533746933076
723253145282
550135288571
728762194171
474355435803
577652963799
872770104566
930717754209
744708057883
184366657033
728288447188
051434659948
632862002518
883234414474
212063742688
521292378119
771172568341
308789054843
320354919308
696988071063
252363333233
892218910228
205062116849
730535149529
636689391469
941769737244
551417563138
244917606904
648808712017
812572223841
180650881051
929811222942
887275938326
716696076459
884506762243
591765840901
056531616540
350382153744
624109970875
174826977421
928787304634
446969486595
696921435868
565285253562
629832008630
328631297751
056587715590
210081221578
066928593103
170747677645
058899022531
104638345129
541298328958
810264463426
076374090635
016101084996
862869354833
169711430461
320803217013
781166306708
029917837992
453099805460
800458717895
280425877285
549265479206
258692163463
274848682810
784024859389
290182219569
625187463023
904162226178
560527449853
037068186043
326709132265
006513972500
314491838293
701695093164
673040276506
179786351891
114491684449
088090525856
339902392383
217730221085
856097407033
984051156671
633687351803
482594511933
475721866693
740168054376
849067149775
726576368236
078892345864
264118900499
798754738933
959040641983
912341143013
277446643103
824079001463
685025324317
431530771872
427403743092
949260236473
554164641528
391731022160
153137264022
260288722900
210894717415
195931295271
292980588183
000600878865
896295072344
747832532914
971966448568
394310479411
840006008240
963046418200
807104163355
415015681586
525743301895
773134156839
277657818737
483021103079
811539737007
914271657529
835738537734
510809293993
097447158502
529911761760
935779169815
398073048164
263610195828
421034983568
155593892351
629889147161
462496851565
381759568088
988322123578
040982126544
424684814354
522900471076
086182367244
873845514059
565167593260
461258920334
061362640223
382308120434
425063669768
667339613209
809792828346
670309421133
699001635127
541029605656
674302772890
075206402907
856726046066
478880424082
773603517688
188633136657
654500857728
388836532976
746423246289
408012204141
870539086997
353085240736
987391635420
374654440684
190648948166
014966609701
376974616080
320584804005
564787727474
989088838879
045287582295
279636199478
627275509566
482788572888
213407164746
322147871701
223887131882
410531891413
238698331776
148147264887
872681996015
593849006238
749052797948
457133571495
203268522937
557810639056
206436082021
826062821428
193354450073
466994133161
484232365414
217434534455
690382931061
977053293997
852548425081
103272108801
633245683072
805352383420
238456756065
765528534211
831690177390
307787649621
718627565518
304861008374
292482354700
621255298946
989512353887
998110984318
339147652743
256389140183
322514748711
819535258368
828256174793
913046846321
512440745930
234412438538
184615984638
477829626884
430379012076
525563585110
878573084533
549661484234
354980313541
833490864475
600452327207
607173318180
627117304468
771980451690
019630535673
341141814451
083854232286
970101449619
072813427455
661306634118
828454928473
038892479321
185690985074
956268459306
231560661131
755578510952
371450945853
487959145103
419141388764
268096291891
738465311938
307442082625
947946049671
292730474034
100365771581
464177451101
962334818381
344603087159
312359369966
256498799288
774466732028
142132049628
066118065648
779030354353
570881761110
877050564136
897906750931
128251106711
694121646230
401045451909
469771553923
628575194846
054761203337
292669330787
833657141808
207078043733
937013251981
065956021765
154381480883
181566810800
860128029600
918358866416
200160068916
715545252643
215192193871
506623266411
549953001310
838607589077
835333982875
198234445704
765839177503
234292755786
763187311199
768821181497
861630076188
926176727925
984821124907
592570053963
221361611586
630773459407
987219189178
469471110283
767488323125
558151593528
796385704092
429188236591
189908320056
377293526313
630333355939
342701450765
229835701789
888013151957
987696880957
481155100173
562180956302
991150859873
153683685508
973551355145
968918359992
046532489567
359785243117
752414819060
881556329063
763038677975
999179538477
006755821775
608166600959
706450568727
215370460050
971042149355
750443259451
411604964601
506042292824
987919774237
237652805283
555268530499
806693165526
282055387919
028114110718
093575347847
779350345086
539944859812
338839298644
275740465058
872305950151
222481562823
978093397525
597554971882
334253926454
026950909570
975101827402
776565947678
660588285054
773626016353
209778174863
055022156229
885140061505
453659378668
178347026762
160060244691
849780297461
413956278645
942676397130
110856841250
511293798265
877967378063
653484184643
432074415636
400175746059
214244157210
231352837154
484437609444
880208384579
587603497426
827743676020
778097620419
058948655838
043445723638
422922810336
723740614906
710114319558
006836060469
800542349871
409085506885
504991160949
680039563253
271676512813
263367816229
341369575715
929282258168
536406605073
441430310235
279591853284
329362084550
971101894649
248655964926
898818617534
785569269784
077724440420
521180719072
096963304651
277637811848
886571520986
368305104189
038498320543
248584094376
171341125524
847790820585
748996872953
656033592857
213666531748
092295648296
892875492400
162782255094
073820946669
677225710810
244819758512
595844004358
350148576949
199792276284
691389625529
395651144989
496962771646
386639994696
799636454471
688515134744
607726369253
625178604535
250614575331
581967039584
386065093582
719187563845
009817615085
245029194949
902966904230
837098195810
508085324398
510511680797
916327841613
210351536510
306652683544
906159720422
602288487541
466289878795
193316606279
237104891957
806825100670
801880512436
018936861022
898189212572
511698051499
725643488222
676731608728
284481748286
651223833647
792564089710
417630143174
418956644495
400647700585
990563858489
950231366740
734727121208
280583000336
804561779543
489353385341
524171250680
323835287744
897935261238
698055572504
917020171156
060947126463
011917523165
834055849629
731179842107
132034882804
239743093184
911747397890
534533530797
366510780387
035642378978
911727668950
982366627257
503933309958
492067617718
958672464416
018863061076
251651884278
275581838445
496334130559
117637401271
878694571173
178855160543
562128358079
866000668866
269058071726
926739610798
916260349115
838171242757
936373780975
887201462450
126728348188
031976373511
561365822050
296047704477
486144379799
789891571902
199854826567
074885392685
876185646598
024223999680
515828890920
307801698879
951821482778
871515521043
196063754207
916072298746
251582242487
918415594295
604109469746
219874570261
615225582496
694495352237
889421183026
040107362948
374127691280
276650444129
504719735636
945643543268
560353455847
597317126970
199954598974
676678886336
887967904658
331480324575
581408203651
663759017173
627761052876
424882395485
817718069014
602862372010
023425582071
906502226565
527079614282
994634029977
804804891661
663074899417
166949106073
885049202332
330759274253
279881843403
161413426934
615476174034
309442085742
246499323899
294976786672
298187208999
045166459023
172860386918
697134956678
061317402739
054661403734
696461610441
593186319262
437384195606
391492392070
422346073125
464195657210
141195976196
968423205605
266585198668
619699327309
382640010506
991780155800
091614287017
608839797840
273139956216
567635768822
197985020519
529322368587
956195705819
759822052964
951977556443
076748252614
757243681735
685582173586
396253366044
871385055445
147656994287
140678991688
675987788647
643529429654
691132293663
018698406086
501546857267
453424992724
761157062973
994082670377
662674892335
331796143380
620418052674
127791052613
111962616459
701640028719
987436746679
211245008033
576428149218
370667677076
277038131715
225210362846
033476170656
361909326348
184746202853
627128098890
696348072391
674823283862
406091205365
671417213454
363830918857
328187073174
872527343556
970826734003
397683753235
697467836146
528995763465
606366935019
931590037964
572141959745
973307237926
485563628024
192494585192
664549412806
122159657717
571399020468
025775081326
601075767077
100480304209
807091149608
951455778675
497363725852
248414173996
466169537802
782923806778
654642080974
785343252303
045732916872
628298184147
308652846534
105249994969
231272415734
873703239041
897867547342
850060775976
117550246988
393520791275
492819332216
749556278943
525512991755
674294457960
593950222934
267934079413
111921704346
574107235874
503108232216
241118555939
625785499986
159742156104
589846178590
256759097661
311205696473
282571531527
343451324223
745525404281
581589349673
878422251153
633530766971
264717586961
780809743161
312123471043
185172775053
967400296332
891973959283
588282292388
755295065883
976187058785
419860035085
407381083206
951751282118
257300463076
415599808750
295316350018
404398386560
090437762435
180258378739
533071313019
761916027538
962057257711
649732148006
156886445492
220086878965
375186209844
148082392744
565361872720
344717464106
334121689778
434181534032
521350603089
413999860097
525021684964
141849007776
024950734240
043809786712
502344798797
688123441160
580371275150
088328590830
047230159030
049758840457
823157160063
440997888538
369856736771
956372641883
594500934562
647827164471
164084428805
395692359176
236801936901
911253199753
824064236913
527927581461
402054670243
522049234719
541845460110
843963350122
471490286879
241047476735
586278282746
276475016646
627817047338
771749482614
460193078795
817743765722
049860338639
299273066077
035015090067
829277571731
481439879837
057549224546
071872216247
058107850975
082521290230
618599126013
788381672069
776507583656
774189218873
273587866189
590559587591
757340769981
248464008610
083776886056
218143723400
475842259399
167620228085
223010436470
990410897752
089332699173
446895549933
667485838543
352588822909
369039893331
473642801540
631584036801
231218139358
589793331831
046523028507
074166511057
410151439766
593961125351
378150831847
093444450758
934607029669
112444744852
087656563519
909305102006
974378566478
013020971005
798816750991
923552060839
498643084157
867137794859
439429961407
435497119974
705537951114
049284165025
795431696444
322268679491
461444088150
198940164575
765347056535
671693533704
011552875088
779187793147
587449847084
484120333011
315845657551
188945400446
314939917428
213949749919
237425022016
359988457033
221407155930
091283872267
998328705844
285616063199
677602031595
678959330636
241092984989
856769289412
755169771848
096078308506
229711262554
714236243084
305881626657
602411191276
155929925691
331962176407
411069516016
440610212778
284038124478
187945837216
908143244794
537486714590
025217212198
615813705218
816263026094
197901334804
195290461889
189749955560
835396499816
485588878862
545642340452
896144694892
666509160892
191458225392
394211166926
137911694261
492490173954
187495373061
464384316052
427463673527
567045928921
175199468824
823814483166
273531659720
097595902854
766729170319
705378504776
427963045393
598050614619
230925805040
694948830614
991126531606
660171057576
389431022665
790695902056
094149320750
568450572064
469857482853
926786399629
952146434964
877878075420
050346795672
915064684200
087765316461
478542670284
248632398827
547986408243
944076591683
265131976728
107703582815
050565532735
967258632315
281146349664
281143793908
648580787191
588321657835
870733227551
230672314850
339404751265
774505234285
684041585325
990862052938
263141042106
552100554279
154283319930
153044921013
541164811309
083911333927
044708221407
927141110168
803266277816
379666864065
266551337282
926930503886
323808037164
972299830127
267091865573
298873828933
102319417056
544834662301
840429538232
051751972776
899453459267
471634427973
955780055358
010482677024
535233244532
621826525703
610986411070
991506992160
225784585384
975110024977
682543507616
795068699192
891045513566
402882065489
802745676073
250730765662
009302995609
051134264302
773524507479
860767802673
874610854829
364392070929
336598836362
228584919659
429685722228
768443524503
801041309351
512564496234
206684970949
739585413624
384374826573
956586311332
470590323129
811857902354
392239163792
114308016130
193767854670
603418240983
663580426071
836229651805
155641833329
295508404439
079829400117
922379997171
487800458364
541922948807
849959785603
959627794369
604127078941
604299900243
769889289202
399866240356
539948791666
791407714495
035368270335
429725244136
135891221237
782175137368
324203054080
652615574600
452262079255
173827598017
920547090000
016536975892
262514109718
637098013863
720413016895
475148173120
098193986096
766247860204
665132614708
170028375519
195707839446
465008742670
023146690550
773564114734
636493710852
037484452562
468803796388
823566581352
244285057409
528156391401
021529222821
869877643698
090932682647
701847668291
158343231655
439800199809
871095329446
823939811142
182850782262
550631308059
591444096622
264882007502
632356949326
846818756096
582187889335
630215604073
867549422674
339457066040
577593722754
657485562962
491959721945
439280826225
015643524485
458036489057
741915377881
580860052474
649551621595
034221252831
838292903638
664402914312
950721087354
904926416061
632528608075
103889749214
458871531361
263933669003
814718517665
247078059317
144489712198
967809678598
686492540787
469944894755
928142149010
967015465733
722707857380
153984493237
595923774037
761112069703
971725847978
914577446873
769629575950
538065518246
663885094138
952293067533
373289695111
564543041155
762986981622
861292309908
147013103746
438385737172
312701163192
720262281911
089110431625
319256946717
240068503602
931811380981
500313999385
270499787367
777830199982
652497292765
882989729695
197328533809
034946400108
755805210737
805645753213
400528713784
410389704498
265410127417
946001081714
847589232731
723922500541
477813399229
610451558206
834596820628
363848874547
566359757522
336795978345
050578314513
849922268845
677195547535
142781908095
572053057943
156407032783
968001443048
125094083691
307785411289
989120826972
097092939376
433976049532
352842839397
355443153932
244618736306
262626659462
592222468586
157861437673
291357741374
348406545493
351367368396
614123531604
923389947035
820003593935
159895664152
359075534188
796203238628
383208364061
466660904738
257151227434
864653611255
339484493403
821792563920
513645996828
090912033176
948848190621
440671940009
446749178918
956788811361
740156863975
170315994245
577003220405
023269958328
135157832709
394614814650
896402510783
856590034229
875112628117
750096177608
468744085403
917169859462
669521441701
069440924516
763147995832
153833563407
939433655343
823625872646
287832679193
968966361110
129965600744
235772532690
568770470554
475438658034
377823029880
546079288303
066638392855
969239536304
648945283945
799075478801
344901101003
726212486795
101497752016
506828785983
753658577222
353847679405
758593718313
922408725580
503926043325
807069346152
549055211602
279188532109
126775740521
285174221850
927637014032
111393675085
322086846603
503245156295
821940689907
096339750331
652541901716
721630666293
382959657913
325085120794
363224537911
179523343994
293188768239
513594615204
405149265632
271088899477
564806192157
298226454102
090038523228
048204182510
818360233417
696589519096
891643578974
055687594565
599002998782
441629844036
522820363941
040234094513
429120854436
084132383033
864472235333
091182897936
303887517953
794258341152
120194496995
972747562497
897030071814
023418137902
755499250778
477599394454
545518493556
389923522772
376383416665
997811671718
501638858374
131154149120
277029516471
668908739749
423584295618
574695189468
864164533420
896063798295
535582025235
909711508534
892016937481
011651418337
123289993613
348205249617
100448920269
688988273577
316237189266
125600937780
355562690566
296838320353
939532085180
717051441265
622618169768
213337495295
693391250336
531202629488
066348371871
909928513494
695921572073
944042289692
866902041958
082493257663
991046390480
931820474183
541638995601
440852446830
695174027155
650147253344
162503726749
727782318493
367730762321
948069110531
097963704075
228220806713
763425086233
397886828632
505052407981
669568713518
883479489103
641093527624
913022584265
962663019869
182742874339
469490611245
740176199696
241458535506
884715492817
248740326304
584805952372
181821499264
976130698475
662433330950
932628231818
422509920380
286406542828
152455968540
422815031067
756739279308
311422623791
542638891310
991137812594
334346553667
494367834274
871927014937
280863804546
262810015977
532055688725
486176586295
029118452064
795673747599
029774781802
096244093300
807159018545
054497737682
632885288794
838211845804
156842595333
494520005091
320888785241
422985945742
154635422765
188713633799
810315630581
238930221868
437968499521
228191886502
876225846987
268122373229
234245964822
409903445468
289119693522
827147122965
737908031512
272478240808
159785860735
413609038904
985207192259
421359520957
182136365340
488808635957
977249499003
185708010700
489693989083
692494559331
721401924941
786839459850
057344846666
844390239898
019821976839
837576719242
523024978294
283165251654
561327490110
476398526894
320169698866
439066451721
321600021340
092247644102
046845830315
391057280564
389986544125
394047867132
409987586684
922593484814
517647912754
461372762164
315513661304
892204459945
100193150937
087601518589
767812717478
870171446580
607932880245
727965919429
983411437421
294901059483
422870050474
821556180586
765266805141
324551960010
131741153023
462667415497
181660395780
615547438057
213824161758
850243710846
554897344712
499942019754
618926662845
016091209014
629961917898
782605632065
215678337198
389794617394
414848404639
660387813685
882272326540
366490629437
063547059154
764318090354
656874332858
739478136434
229691682969
969591978129
985416589044
903908306632
329970452510
687974215906
323476191237
535830295026
794155093832
890986560927
117217515885
109850424078
924777096972
884715689789
662063787052
041472718051
237788740042
503895077348
077416171350
116242021276
164870098828
794600006056
903675161109
159254478528
715806855194
109292316400
502984628064
984239598619
356385885276
045138289724
680122355648
912980633696
723475054892
947691522040
223216199508
927505167707
659009424445
865709283551
421008524196
983639160656
122340868545
808174597992
125507679192
919949872957
603708349375
081371422045
221493811803
209714783488
859836402935
764851734862
863930358992
383620305345
759888222074
415893507866
234091318520
990423976009
715791945682
054671940834
056454004641
746260236151
591853487086
215072039896
550141431011
591604803456
419900763803
813278181719
534834220080
639105061545
874479180519
752431903697
033821930607
407565333020
047974172443
608518846288
829046112287
105569419562
289393473446
353993714490
612285054169
345225149797
416275610632
126644595212
886136870327
159498159406
062442315539
473124469888
387520346835
340806060765
283689540297
420090846220
182294478077
941460138753
312805541636
443431655832
923093524198
107761219539
940575907381
061477095843
661323186815
158083492044
551858166360
538312024553
783437572918
805582923451
519296669667
915958764448
932010695667
567764733209
392101937200
044857568859
485005200259
967901440236
368094840475
959319994531
869699314229
785105489478
165234991943
362712102927
087065554821
169404958662
716908979005
254280553186
829932340708
348152245827
902054534711
031786523675
485229148076
284726897516
454047490114
806271302194
204849784278
547184949181
812536572330
229391471777
060256074788
456321471081
613607200732
258012876403
437870772931
419259232426
705458879884
775109556651
215854948593
968019305546
865018690030
794950832265
783220095280
416789249795
267142220845
803191997152
329776833727
359831846822
629000253858
163742015222
682242269843
533552351639
056439848887
471395544877
231311087902
812659979687
004441717444
708851271704
632328774024
352497310145
516381508435
052455714208
682404314048
321922390330
118355828155
531024217518
666107720398
325726316061
127878629583
848197672562
319695942944
073669768163
973769072765
249080571727
975128533297
545073901643
209041779896
494219172501
411164225235
890749823621
887683432328
278826888287
595932340144
955194217034
068505148954
862120804234
533715510681
108420015021
666387921380
647984652775
319135761144
933171413061
058813466459
552349794060
795853460500
094399835623
779921307293
388496229449
757700337663
918222970815
230832540075
947177308882
474544090551
226071274461
591958099217
739998781217
907419169663
677470511026
169712465208
184553881770
421443528375
029446172777
361622075643
027657482367
103201178347
940527836405
329601921710
426638006140
523088950836
991985407914
531238224299
240555360847
041207402586
313792562621
503979798166
438468473922
834334272606
459407107078
337481338452
544725258677
299638619046
911199632211
786832620825
544378450035
703176805628
621601359610
361303670645
549427109247
421209834265
389474657175
244848500936
665801691286
411501084272
592424170744
806437499666
662177889217
615224836974
062229031189
173527831894
282750767495
363570628435
997972014715
803471071696
963443103836
246231710551
961785601862
869769707676
394882749928
869139278485
638290394824
553326013548
827631105287
079228958738
414943840455
745679592261
501477635331
239612285748
530112074266
650496306225
938979741332
395717228458
663522262076
057967589052
401349677826
211818004187
282520798693
162558479969
936801026251
680343464899
178108198324
069058915381
109130657291
518909603616
331074403985
428501548036
472106447858
224503579321
678905448564
912117960932
262151281322
673437298660
362174482166
541732328574
575214517692
243085055402
430219154553
000365321912
949796702288
997459046573
310212225235
053738237614
051564022417
927601089035
922435461566
670623511095
482510802371
035867761166
071783028760
615494557344
528266051214
067153140618
485658516074
970063733138
666605460869
335359228804
194503037038
545787571819
818857169842
431652469019
573420851112
926830683732
160435451500
246493922920
624364145451
893101315314
290730293040
118294907118
739476539931
351567635952
844888120414
067952596979
178910652533
501062492325
979259893659
860046105476
319933305503
200433904715
265190527668
770724028478
315242366118
177625905385
630626450136
350382058230
054077419951
847445396033
459614164974
008506062044
963280317953
032788750840
891041215112
494647886479
003099663224
495609455030
191479139111
809296663439
187239178822
339266877241
023054183583
481912316011
843617506353
612238901857
538260463108
337222379271
720701692488
630952144738
805929854330
748348516074
894860336221
025656901822
082740405323
418515132601
492404993965
067036593398
374592732283
928068004235
386962070593
186872068411
597684549795
151987455889
104921124589
426152074780
079441867449
325517134598
170359272046
168237180549
192244182006
973008556623
822170200299
844771757143
035191194680
471349627860
497647965411
853456414949
676814983748
645119109478
147217084277
742396101942
232088132886
019942562054
764940238428
522681970622
843541833244
781625128373
346107294998
708716601122
364951223279
040390879134
979021647846
569263458418
133517011071
563946116800
854384952832
608133482350
191770752313
062245838139
834566894842
336369169357
757222189967
766454987025
175828931319
954690099438
247702830032
821653580206
278592764060
055430529559
789332676925
694441106871
701562859349
685909060844
913444503578
804956185471
032649713752
123805406452
715869052904
477860306875
989438382567
177081600394
271182565868
426450398734
191759308709
002568144852
231015635796
016903552675
051424955174
138573079738
115318486609
728601505386
953934726740
805062663634
960593051335
629386030195
696066063064
701255019573
116434222709
538653074271
606182576913
297468143293
334321332111
761759022214
090828845527
773699387901
701407226251
628722208050
273703606242
220741419675
963003649726
202965342475
583018200486
977932086632
060115485169
399413165923
742347699962
352457551730
741417082722
669885789406
731391101127
393451992819
619017810146
403259416950
077938979702
539215968171
899683680208
735287792442
286810293095
490108174259
124105492182
595160062660
007756030442
006795178842
069659117724
078737729230
539783656497
147964212056
981212590353
902517194159
875526325845
555510853143
871864941698
540236234590
689974514322
598592245648
085601950658
590132926645
237516143577
790278418514
906442049661
149199482219
259346938815
286165978872
008598016648
441831874791
154052971812
941953900418
476578344043
897284895905
868363224554
075562809135
691280066316
660053378856
360486768632
341659809740
968405864922
564429830480
251599516397
849039279150
600905281229
801757392318
594568633603
474360555255
568959965860
122271649473
665035800315
204543025970
762554380926
177252527455
568895625741
199337999051
854656263834
403977054348
996680916417
216920804042
669947709562
388868659944
315674644645
804812336988
611264316642
375642323274
942176278951
493346909474
138982487084
239513884216
196371129314
080719762094
274867152270
923705427433
806713109109
629820377379
114163760314
956703859827
793516527698
173852324251
597736564727
694186658333
996858359678
265247964787
818688138436
798469792122
771534848124
128903662307
404027391856
539759912987
296589618111
395236961686
492084299817
636321639238
168740858967
557286471802
207848308608
277612115281
329164877308
719604122602
968491648364
824289370374
990633926097
518328997290
253829393120
018866400187
134244992080
695971683468
962872772552
161757722067
183281643596
237543062210
912879330344
276975394894
609442790495
711830082255
078672965587
833160808690
418155155074
033563209373
431858179167
634085194091
290762685919
928562294660
882137391021
973900044659
748903772505
385432157817
721146076008
064365958745
952179038396
611394777619
504541242190
576957043600
816188038749
472552823216
190270395931
769896123962
319656257851
943507357694
838318706077
413114564557
852096502811
415503719250
236984454747
620725680045
729854793688
086230848844
369315315852
194096972552
082828569615
174606516933
746127919626
162474145684
804742962275
680527330334
100793820914
533704400401
918502937379
148948073455
356469884166
533837436359
733499585660
281670664336
335147723961
403964855670
014691630788
397528972418
646653170279
560003810420
954996669418
782734184381
412964526460
482781201295
897311768715
848687391639
793488467014
732620261151
834629130721
335793057635
720235517343
587118191357
888659535955
322928750634
043457781840
472693298010
415469801635
769090117534
638419826227
581055682292
611718249329
631258421836
153406221215
456135899028
398426712993
881932669768
143586146895
712892387403
938714082768
538439938172
282224457622
082724958748
745453744710
320304209954
016733097226
415525908754
535776650439
174242315180
283203101826
114378356019
972535136326
532948352621
978852527347
995756148139
382159853343
491111088751
774554706630
347273276149
939914885349
594271908575
858603320197
820017629659
321247906947
698334227257
524218655693
322499219388
674267808791
107916574177
242735629189
640392767185
773431433306
418466656827
754067305918
255495304096
720513208745
347159844440
254253114919
098823387573
328033703657
830061416060
801574491674
521570356400
151971631729
833750958498
758466064382
001306022980
270412963385
798720455640
848192122406
028283108794
861919724018
982854746588
515880187706
709983128616
135910593304
393103583829
075414298305
963048875608
674398351315
716275066090
762967468992
365174023417
995281156295
660635493905
868076659675
922934604444
705883063918
679442323491
413418690108
719405420735
069003555379
991223751064
626491995756
662732851667
437132817459
835663864300
022678287449
485178098995
080013801879
631153019877
585058046133
085806671610
543937508239
358778186409
527758564437
595738975892
935566310702
928376121709
189830139710
370705898603
426749848360
500972591402
834957500365
105428588699
951943224678
988915114962
850428519513
672083100068
615346945760
567307917032
083033403085
356304214863
909239557164
801883994698
698478343143
754600476829
350406120613
168155989478
932575704293
525287263281
113508848114
072989247400
239460518329
641316538565
377990350631
856810342949
766127955517
688027394592
287344318571
280290759625
352566491004
262924160591
485535074666
591271947051
774239410419
858350491121
104829101377
753234163697
048056264714
592137618247
002351653410
366883730226
745816994328
230541176977
215522639142
552609621890
984762292364
650859951581
707036843814
109821239091
414938287429
282568640943
921690898182
043223607488
106656502896
699667525834
696710377490
357930434949
609256150158
459696327077
736339759421
705380417659
798995871253
721938640498
379952136270
876731820099
617322428499
573677561728
202770029045
414052946067
755523679458
450749402823
426382155750
354250315639
804266964371
694920342039
340389954172
642903739243
305998179716
008531668480
231315572574
761163244720
089189595318
377097153440
630261657787
954535708692
574846335773
822053583731
472087610870
127417703365
201764551353
160006780633
961624284390
214801359886
085016925433
222696342716
829676872825
197187480456
992838479696
268629094605
372268266283
761945698052
867969997664
325765680957
139425916114
624029970849
162091947348
621306949277
892622977773
096988551920
572825914170
709498738002
358827530581
647057664751
862421102746
277469838693
556126857479
338591263329
373606816501
850513609801
246167749916
953310964582
756044420277
230497121471
978980332993
226201757324
598409449305
141986034174
443571275349
126881828503
764388185515
048498746763
119602901997
425367280279
172621736255
142179955900
330128709836
225049451718
524756450851
955974183735
862857006848
393172540552
918102612868
883629058857
905335951275
501188858077
045552332248
358138878853
852530603218
853523112803
143715296437
350362431105
565191177388
138502639837
970569901607
111166315380
332217629148
529151896532
515065287037
063059404905
866851499831
486881234897
778739413623
892535845672
547612883914
651577102096
952447379256
723377726518
768534109840
121406364230
262227909544
442788897383
606624997625
710182879078
992784801829
870607181090
113314979366
447711717307
167945038049
385401720444
968584551644
070208220670
936383591647
830244235176
258867289576
383377011886
448647990387
401968634144
254973675330
566904167175
495196018435
199804778577
888186855183
837864519742
641465539814
641694688177
989710825858
300611486470
016192975781
553495251294
208915557918
830550902532
620413157660
924797955412
123292379884
359636742045
535576133836
805756039365
196638408464
613790914385
717043034736
075017463867
756385248521
114057512876
885793251040
024333292190
131541289118
092105771413
102220890664
298641231951
279289975670
622567295415
380376314338
831916917730
419363849228
993395467949
122512067512
983607697399
475013060844
485539990539
719347569790
016266305738
059590722532
195979971902
114932836470
653450591533
861496084855
439986688156
990092982844
568182110129
189530009124
420540348421
208107489693
043636734451
528177072983
437995575907
331015605024
878816129563
759821049261
545825593043
512898790855
025712914640
344068110786
655701474643
634484005962
465840258853
477939179495
392693965076
209066745291
796720273594
743748423045
263049014112
941399962508
498041269708
064378785666
596024781267
754269346684
215874312596
177020097742
933670352606
462913242181
642212313536
152000609808
701562744479
778403747054
735753876612
771063549139
728403132139
804388568387
701115401738
464397370455
848009419349
722132469698
473707586240
854449950004
655795184190
247394401847
828993367955
819566483811
317011899691
338872211804
897781749385
527489991242
255326559985
133744466695
697208419102
211253988882
220494723281
913834977864
448693045314
067254192348
489895183322
390925165669
803645577031
349773840981
848475807043
649183473003
802653126315
915090369653
216059715031
859380663443
185358990573
159588784024
961933160411
386206185293
362875859925
718842060584
019862295162
086939670901
062669708759
572979219803
179062547503
245760501649
214304536266
337751141716
674924497886
140183193241
483362225574
533160508233
451577539329
908606474095
805930895097
866894085832
759877289386
116902564221
298846793495
300828959415
256544910343
959563974530
048774726122
115429343461
950153199312
427302325375
590966592757
048911247140
453598228459
559536183329
218439011718
886525341265
422103557444
091800055633
013092415416
854074665056
056871977532
243451227138
569691285422
329482377216
424346425118
556950008851
472274733901
016471945777
822067834448
358764331922
804603506758
234657551655
832369044522
205148450093
071590366751
207804997986
207212594566
199957861527
640910908108
700542164482
818746398315
013597092498
754112841360
770016967511
021000399450
102207522030
772166445635
652675618084
725667164188
684880889733
982617881496
553880290258
686796691549
847592059688
629843883766
615341826161
808327385707
092769947941
728008924569
977925503805
006261238301
680856204346
623766734538
703176311918
191383203567
568735156749
361750039851
737758002368
321206276081
229783719656
806218120922
196088511421
948545366256
251310496712
757769113934
719958472965
123011460233
786813600928
105447751255
386919713088
620203508805
865069578004
839806754250
672252279804
749089806654
615825296299
285456754428
066575462542
662896481456
860443806136
389224429136
484096648347
649289759511
269912506474
891982108857
255798485077
506623831863
282117132025
724248815175
376527842169
577647220837
185339851028
617882411683
280469708801
975726303742
934687981024
235456822895
960391969453
592310141475
266729544879
070060533513
101412075866
096460308422
148702494424
434801215929
517658660002
239236624700
584061673340
705023833753
010873185796
690086247422
988243489559
735553641504
277954996136
144455586965
181176800851
859943254929
752130510098
977041741168
821720099175
403255315091
573743149309
676790052474
254455127078
965273072674
387646739887
768338072342
119504529946
538626861180
131813949282
054010751986
692342539731
383544131498
769668019134
353263027642
117095772064
710510618690
916907176627
581473184841
587755727381
852334819419
255214960116
813312163135
057752238924
461131295939
633825783146
122021950134
580471485432
234669416360
092923566492
414218930223
880615224468
703682198761
204245811731
615636284412
200526012730
587543212084
579449733790
888924740040
534724776414
994176863495
836723257555
220405292830
187213761961
758338584625
316923350187
781629878435
216238440472
884920147241
877688453454
439676255388
750430098020
742520245456
273838112625
125863037220
314916600463
791237786850
908673190904
318567973811
164433647112
047822117656
828430009207
488363880394
998927002843
770244705563
088710287184
482975065230
278328188208
259996943849
621699747589
793725855925
900495350992
010844680148
134034131461
035763131271
685436603643
525648828051
718550360015
064326012266
758670527353
315774056417
692402817985
050507645382
963130171599
030334631887
005184774374
053112179664
711171272313
961015681474
382186857281
967398910992
591219651124
175277627273
275410037142
086424933803
313076219773
412220162819
620498510481
656043505147
191522007377
170931338831
576127173182
185140993167
440290651479
407209208674
735709260056
086428449525
491900576428
890003858691
156468512036
320279453322
605630750047
846082782110
363629527208
997656922357
191536006277
284043709456
675904843216
435664023714
130154084535
770993273293
363053709529
104546556151
154931572555
183515612714
997408776261
842722991408
310802699423
195471127662
565527118653
692490852365
653537659850
572459427298
800017987905
943218380083
973785816014
003637213341
803666573266
836512226238
012995216331
895291185183
705416305727
968657399164
258220757336
555352158620
455429769227
748560488987
520167345179
922608411245
812443263512
876578102618
133362782887
081111287260
591918868731
641157960819
761395358436
519841589615
185183458700
418416753485
247252350554
184540781153
811276405019
996520991827
952156586475
923229842340
875061021692
054941422243
978702398377
445158283908
942662305190
726745962810
717073738465
772852293577
035858344667
712583981901
648783612767
013342136088
865484179044
585278243269
537401077727
832032448365
425967234306
692157743894
255652290411
380873986393
159540705251
493191810837
397297881821
189664811182
997648662055
045827078247
397163715302
941679852368
510013763517
368204759918
949573672711
257261694620
340418186812
773963305965
002291815908
385739958348
542395509783
975099141986
873181360605
063344409140
140615308716
368914153948
159183934769
376521023258
116386965629
951708960613
125585999866
528267652856
105784464481
519129820538
720263595753
986158257406
337366364732
159770535988
634950290832
433240595515
325421296810
876061995242
776459594159
260207661967
407437577006
620622144819
216638879958
902878800066
785626381950
741540748000
118984253590
702931938443
824221290716
831470327308
313970306853
692668977990
612484161352
330497913579
538730869156
830771006609
794562002887
435453069649
805463474122
409486588752
604729991020
806251515216
422439954031
947989157714
665411331115
026892541732
704176010426
023112429199
458222679510
124282954631
238930973101
307910469010
062236455922
666372830678
586206872786
543545253329
484593225690
346215463979
361474820638
362931277116
142987086246
378155641537
172266410892
632907896365
306320705281
165430697862
550934372930
065672494714
502989806281
234522458132
555196330044
508217662275
506500377974
967828941499
159432939945
754318869853
705342895040
227312670410
110956357681
764724213722
212622038910
955795227656
889694761893
628770834235
868042152871
501131896100
646041100755
114726962629
209183504788
052312255314
557422026966
914355962872
625296639782
498054355177
389454221285
998757915170
641905399768
096368603734
666788593911
558856600775
918886241415
953602358120
899483453279
979275553264
722918468335
588985406745
465565099493
361563652189
011776518114
139560345768
631312893663
143111650765
096889407664
848755790864
232436623024
744706417453
096904047192
173711574195
754875348565
304512582669
729594847074
628096032298
945167738654
665975017346
075122988066
014636864986
242535678693
205356442280
804911038180
496646147770
741672685342
022171950064
237700035546
429392163479
399971879005
018471964535
003771995353
530226386669
590711458292
951362606596
402906603439
268885829330
528808454805
723833193626
812161280245
258302010462
420256040897
787416363845
429737923122
680957898372
591320228431
464563705348
604953637475
142113109173
814472317824
313870930452
492961582822
370509518541
398932924638
446610815544
454463435917
064678914919
262094504483
181761152107
010478993140
668875033720
219881274764
322902446691
392460628808
447529059793
013066463251
842998339669
861339794547
357790682671
424894975537
205867970574
463203960110
196003671537
104978209204
608852985363
128730327650
437598087662
608215646137
474860633008
189387378974
330556061749
533155078981
647224290722
625038192820
866891209990
125719557500
090843245154
648348402207
305788008814
048514358349
264192821592
725876233647
217726309187
421713053230
859764330165
018801655760
423167303641
258960991048
789528195046
306885305646
807558476794
804473609630
149548582775
608332160822
689128977486
106397805006
658493329463
024061324821
452320020060
488402710150
175144285913
874499968745
068357735255
754006574448
456175445304
311552976677
121171836460
092392797930
550701300059
772477556381
579028053341
220006318106
456389785665
189397809992
117807439601
995755086232
350675275517
237113701244
193461840905
448511771638
135750668399
229667477229
005453236640
217280123132
189372553657
345910483620
470029880350
970980407314
336454190448
457387232684
443508657374
932070215027
336549771549
367662535114
473468363608
046888106271
185580260982
170870364237
575916428238
180399106672
925683333962
715203196922
870755699048
396871137156
712133939935
599432084145
644370569539
855104244150
250831004221
953819553001
427069461321
431847288071
820184042351
001291163003
737815437324
756517240606
475187226692
260067209111
806672590566
550216682832
625226082899
942131835739
087264158206
648189547554
082745676306
894741680537
927197565932
588435304446
294260420757
200484411265
892782295500
448228040768
597743431302
781451867569
119245785821
098447646781
559279238146
567674917339
558342546439
964265206544
843735473740
669402246877
215315816173
964778412187
322967511573
739448980495
880302453376
936806132511
541423928881
183176030229
646709641485
106062572141
582987831883
913064233988
778673893620
369530489048
754939432596
606575407274
869450990635
106137243883
934062784974
305669070179
724563013480
761932088860
011009018146
103434657303
999492759946
263096971045
443374285228
532690448499
883415728385
869577672996
144740970646
169766939399
755482920116
929079105520
209860660798
909893528119
688917946616
391150860623
783877595618
348214165721
402434059871
818702018593
028718773989
447811379444
682507015698
906588306485
482124746777
593997115605
942022671190
309268869803
209859745151
891963075063
289218533418
792859491182
948373896132
512859276122
951036614213
763145210510
184634386383
882750354945
250774585190
287452494883
109707088397
860188619311
548380154066
943015691987
991719044576
694631457867
643206521504
028903262863
316650158135
581906382347
684315868055
171208170386
255631544582
184095475225
241573369226
039278341660
931997280013
687047021334
907494059145
903181337589
530908623295
640044337188
257031936430
197383275783
763081038363
128460428451
980772716922
714006594168
882635458303
476826963445
122681565522
498247750876
316538467782
451242665753
247457696418
669698172644
436828769600
256947502994
407894346610
499559470510
257099131688
895267966265
229926308927
750736475007
909452250479
032055883163
836824928142
578703245510
359119258884
409140086780
122209623316
844264041549
537615203836
974362694084
916525225424
892845966787
240958358094
198899528745
529700400584
980258712401
229667485639
438836397506
440103322467
606457875019
533116211674
271327695791
547949745577
295906807059
274173072457
774715269987
210323219926
323926620261
482594969276
083048780439
541516657320
225952188911
206872112572
490787917251
338519779002
451767170044
497496592240
141586249294
743372260227
796686329259
591315603848
408278898503
949724288096
394905703221
723293446553
029472304698
438369402017
972836931337
112497924020
004046492789
082101452559
159180991779
226248468816
557538907561
421233401172
855921228463
778835998067
768388034799
042615042985
526098238099
476468215560
135158899498
132226897511
517816396267
460505262893
353443297370
187717739930
555701459776
179424424974
450337441088
353483126686
799119321456
215598868159
125205032337
203834771038
921964708768
395870639097
548895022591
302263972102
830543171983
684873196266
114966941369
311865873014
032824956431
575884268876
484341830785
870997263571
514607970817
354852094380
124233233781
200410141661
909977569105
313386404109
818013397208
877890892198
419847542214
123253869345
161922059361
067933694287
060930536198
019978638061
712224362395
214407614813
237652207210
333044560068
229458012838
165682698734
574013934547
521572555981
251712604723
345302855581
348527177968
610132858361
791279222051
336714700757
556209706945
389774417362
699809868277
471173876069
708651151755
082559403415
018302469807
533822270468
851862357422
968556489102
877453068285
768212403870
638068600275
941389533435
824228106661
190438853877
292768609202
391375169162
462627687795
758965730814
485354978520
268324403400
634288657198
841875858740
807908305414
966523686266
817017470959
739248116195
461007363336
446279444982
071403507302
923173175917
097688600602
748132453081
331709131859
603524810273
469180225964
195361937577
036477624163
762909008885
201301760873
377346708798
026349832913
882636051496
852721153294
605596986563
550213173988
842279394112
316136525369
150519703563
038201003929
575907817393
083324937865
513072830804
542168765660
463747311038
086569658803
399622980278
792234902160
846977764838
998626734160
018465828084
395809719793
580810687194
758052072688
444346896820
637717211644
142654334643
675641296840
557231942866
134338690991
248573166297
228139473665
390345342367
130604579506
340875534894
056924160566
965440861437
502680458183
241425033622
669224856440
574682564005
918302052339
259234878111
990764962264
922545208078
011256077891
474261372009
679254994447
299157445467
316298210152
439625969758
659592910524
857512105802
944957463875
637415174317
818548838808
661117836975
254748601369
499159016354
548548679471
609948248494
531254273012
627123303180
138485084702
928784921204
757266299757
500143160988
861309478827
402747429741
846039057143
219495296140
821384242329
805654222164
259438423064
736182810916
868434433034
523658416367
173268099618
011167115975
787130940780
296291960199
898066903815
901490339353
437090197684
015343620228
324700184403
660952554965
095357738628
175635965603
367573086460
795131622815
012063000456
311411345199
920580936983
908781852637
924542941260
091832239238
745261165446
803414796572
098168194384
249334793448
935911927506
787766097924
386986190141
236191689533
951221236102
899596963772
415519945477
355725130968
595706289313
705388398862
873953353887
403126677173
792529279639
730022476545
373325909327
841284723858
377643716279
176734230853
573971014060
304768388591
182107738437
940366924223
584200540463
921394006960
047969328732
504248900475
794482794516
810046470840
800788886786
370692349355
118858045711
918525551542
855182429507
851458624502
662170979370
400301757229
426663730151
293749554736
951435643388
625100960050
085269250228
924941465074
279685641947
660531846315
662238710110
686761433168
748567311457
434065179069
362992601330
252666416083
992530709584
280857016835
298155391937
185441900724
032011601040
078109661994
976698723594
637309737234
848925711888
194923979386
602717334727
951946292758
812826714117
956392927637
620156474592
661122308145
913931193082
723591183891
857422515174
709289388636
410724032305
921420376327
039484028905
292649960052
688052223424
581612496057
523453439373
805050612090
140956463716
042484584184
977766127577
340547441631
360203078576
671984095033
374596544623
955226333406
128500328492
535903019884
634345324798
625102530371
406916167790
323254048095
964597546766
882547949365
518859863537
651493181357
698179287597
656907473190
378475169509
668357332733
480845086112
023938597260
969977482045
833342386946
285796442904
548629003438
796139545203
397912081527
182617083724
928810816036
276526144619
884788479289
777488560802
212667727541
544877477487
409939738115
190591007259
936844949985
716574745117
375638695735
410934432022
899313790141
267689925299
191008235629
679144375193
954296037547
914613573809
261434369404
496560470706
056480938901
709801911021
117059948339
515888046564
995065178016
004147629517
398913544360
497380048368
258630194885
169901820873
550504871368
085438904236
422100030672
625678401988
531341247370
127662594903
432406983089
363474350827
826634450802
692707932902
458089333940
475438480212
589828957386
260750380548
500687306625
291131943273
911407309431
926502017435
749619573008
454026202839
365064057757
625647227009
732312839720
489337098853
591445518992
202176341468
703521885620
991629258887
315437364434
662251230421
261693910631
686984798577
016190275061
815607595219
973575961337
203198079481
702928428813
775990480313
791668559030
111824029074
763579450621
843249702383
407674311201
718142909653
747397106617
940691837098
090036176867
481363324698
610524039685
873412536883
623634560984
683590111330
289370646017
188926074632
843875825491
908649272040
738263321375
447311930043
367901923811
429863764890
038616920844
361286233173
390633312103
033092341854
708411353644
961354556334
827008842389
261628038725
591900321940
050181494355
589607308256
451249901452
929850807043
643443367048
805654001388
092184166440
070078086022
726654767630
251819975380
694455070082
041086176162
555809432625
577901606790
504855835461
207610039728
041565216307
432623778958
597399451634
514325621653
227119598866
928774573146
914201207402
910633470972
549398117513
890298129199
168012254650
684541839079
021338188400
005669514770
053405116967
984584579688
709832073375
732393208791
395776565225
949972936281
325128794601
972802823394
143034023394
023600556017
659159650317
195477462256
989722462670
591488597974
288334829077
317841615592
220202075677
207917544562
538939375646
042176454365
131110466282
882786814899
969046202223
951717624831
522098356044
935808965624
049372200079
905637432029
301712548912
184935367790
215060549572
964747906307
153458661710
720690968584
924470581248
881421044753
504046211918
972312978341
901977540546
122381823909
580505635254
373234421906
758754077479
925372289782
639812399622
559063228395
544563934270
413229844911
329655547276
635149214439
054364709090
457591180651
383350034059
946030726980
319426359445
138345713456
638458677429
690347236332
256282160586
345942095446
117583009850
904003338450
696905861279
007004366320
660318893256
000220793031
827808781788
511999389422
716789422508
217907785882
177177681129
607895240522
988474891932
661597890124
723923600851
492217127662
052457130425
498863746514
161949471149
431704424416
582033896486
741182266204
202078760041
542506340825
537227598497
726301740425
293088958461
044900164362
953039822365
145310046875
067949899626
852786275026
513642041848
578543735407
394218457035
947278360778
042421626627
464081828006
799080885028
654046940756
895697521702
452243071819
218434713866
169422209036
737585815671
775869767912
447850725312
245257592412
087580868631
344655296517
826975079754
951031216415
399079825536
642434635564
621809087647
752996600060
885386226371
519793659426
231425825441
852457755512
222173973499
651401543020
665758262351
162847304858
390952214355
329857645717
574785034612
440237024118
156996755307
139083178737
154450372669
388253253731
964029347556
081315633999
675578194008
771757791879
543580415349
844640187742
762038268471
993404284650
034726132719
143805832520
417091262858
497749638868
271212017813
336029443580
096533095567
347363064530
654911138957
235770025486
741816933286
977607547895
136838755111
179854092884
271104631399
323479017756
373020965641
504961749949
008031985561
188999665493
865425612919
800265037583
839859312271
058423376333
451167423594
434494713877
082838459284
390690245206
962525453245
393241743041
184829272978
880935734095
213784695293
923705210372
835536546679
344905270621
931608855512
016642533204
108675236034
882953197900
653220887850
591296976080
213899213761
507526842236
509394678081
017378721417
604468404821
521836352299
126563697939
669575800504
954508696087
929491557096
015264768859
878253337787
119907426235
100340268973
881602521378
583877782428
726954586806
389736026958
770825338361
951594476723
413642284767
626782995090
795512381132
187599518049
319129528905
816459823064
226823107898
850122125246
974840604449
403874085364
066345062864
616750006667
585270095433
659796028609
256161745646
486389155608
336271906082
426673213944
996157489838
909319945029
722515742065
235215663241
293465451675
937297151326
921584291092
619993943437
823862241674
631561708935
345706222657
103423930905
709031587916
960517443082
209074148663
669326896121
692520605390
067078943450
173851121152
656638121446
798488939806
914403666220
207208332822
999640817472
965814846040
669267097478
309571810640
647400220642
893315186859
591185196768
908032300768
928793984453
912442734193
825446323579
144858693713
838060243586
286193883659
493006611321
075498650103
814528945421
978951893710
757124784748
869147293000
458562594119
753847490258
918879899851
897153308055
030665472842
163232051226
683040050527
358585000458
098083935746
034762347999
330534504753
217867887298
900913747618
412413880941
904930964480
391117480750
759785374768
972990682534
666563567752
931966385630
686736200482
333028572647
824221644425
168550533439
880818128953
742239040343
049082022959
238683355789
708718281701
328716837081
736280423451
029816433195
380424525632
332989395246
601879035360
061516761280
897243752849
523743850991
376538531779
770823277722
155641291746
570257989431
631146179127
749937132806
588752874367
039747745987
907967672564
397722925823
288206008151
825910565745
220729806836
639628722376
934962201990
986501920676
209557809290
704253667151
710081910522
741805555270
432145861534
000413567736
438249389549
129357530335
458434533760
528302047594
791309392442
690321305502
124635501817
880428289208
816060888972
186891299381
346530403003
393929279865
589463138876
220955472098
650374079795
483829615894
556142211023
798734057912
461856573848
862527890039
932466745681
404374868625
317418224914
364757526884
535618303574
400611604423
208788113689
909845307386
826742897955
285074047013
249645083593
693703661841
937634013330
375185035610
714807833425
870287925432
786882999202
932559652140
446976552793
130339900648
433979432056
706930711718
771716081433
088227327941
894704068531
756529291021
888634795386
781264930142
761909236034
292002302512
630720359006
986322557465
732055519068
925911078269
552764043416
545832870543
761734183744
548779730737
965781580473
675869909359
772260359576
096291308040
783096403314
814959754153
402840424259
877579523674
233059439645
712068411902
881514279107
899185254585
409616240759
145562929546
811760743802
056002437774
749622704814
483126283747
521017988063
205700796784
907421024603
624702996969
113850288049
335543565987
181519152112
728067372169
084003247670
125222988956
328272255091
611032204339
463410763862
931998605050
920191657546
060050409878
514084058096
213987317433
328840332551
400099725298
391069923149
361374835092
078879448958
991421520277
914346241524
115357757420
662449564067
035138387692
748392073411
658629013669
051034720503
388771429626
630634953421
294336265233
793889005515
454494473271
911588765386
880016632611
899931778542
000901099901
519828664161
968799509095
346675999059
273169024054
470020742784
035928781175
107059312845
318694890631
358466235887
521533414069
181477777968
616693099366
682136448487
060124144371
863093771269
912296134623
144478722798
332962071801
407457756868
341045348511
401335919206
652950016747
493430710004
110152899368
537841359788
492532210457
545938995132
161829389902
760969461673
757889839460
010369763736
891579745715
575388688129
719329236857
003351940248
180688688672
365574599850
520106704590
773582503183
841110967278
625564714308
500513296443
447227966533
090311394289
412666780583
800300038766
500586638675
205450392991
687900331905
623609783964
255624132644
251515671940
916535142128
741618448467
047828182980
807800763549
462684837284
862224460440
197266009619
236852126164
266484304398
570952872076
080045821047
515724970625
386942122159
557115554011
977503886811
514019344156
596342162984
324146265391
907134883743
790147196998
695534889025
822409410801
722214253122
072435074689
904798061464
655703832768
881070530810
856325983482
787178156643
584776525293
050023167522
200856895863
514024445786
462229526247
971862036195
658848061503
911782111078
015842011019
279237302755
058211667813
845824022555
876656801033
943404004326
113184095289
499440292960
480238467900
979688867892
152875562837
319934321587
648197883354
377648427310
205250858183
535555172305
468279212748
877475798862
613164951430
894058115103
254101164150
226089413791
773276361808
579796307539
853963349445
005715751018
079540755549
622932419531
617555601497
937685827842
689336457607
618738591422
000457956301
700673336373
021465798842
798636347722
605341544807
042815005611
359856873325
196796017731
956800663202
926725494815
334658932667
935511696343
504544375379
359616397832
515397011677
563506019100
017820368251
121999640382
230666740734
081112056539
616159922499
305311000620
049076232012
477568354456
905525732820
789791312641
951465088167
589704947482
539814535527
704063331301
296719489014
594246642009
269033036443
548761149090
597690885350
861791696155
806546788191
895842546311
411884597868
955238216026
447576015247
072588788388
820637735875
436019704215
294134599221
086286236841
035090434130
505566940797
019640237748
695359436080
348410955015
785014424332
837758110165
544484615115
157444603954
058480827332
605770201103
288365619307
743359075008
623052214902
216951249828
635384172611
292701162572
777566333925
875613275957
307625202935
126319938329
719104995107
736095343120
650418393169
306137348487
916821545792
318330119563
491828741975
217306458059
637209592099
702095437086
825376294373
546754129186
702238085585
158342746339
061759309650
754739441197
837833199289
195416040566
475155845365
044746247566
275921958531
506030328666
912124777635
297950023254
938364610602
981570157582
986578326384
591869581361
367588342309
995134727032
743010265579
030316659136
349751044290
630239175712
462509255040
547763835961
962846715537
887940422038
975545155046
694131828225
271326604380
188752299183
931738133659
659275080028
453139159452
012109260024
772456204987
202626381775
925904244612
426513701025
789556454133
651677427731
982088753529
041006229501
754588627663
170667163867
081474760852
459167578973
462656795486
231102794701
649429903683
941700726034
121702147027
291013572537
235737786838
717282661772
486423728859
252965497629
196943104584
378507901241
337936141348
084861975868
158911264922
872979901811
327717141029
820021040732
955960982248
820297892404
484138672442
706819951269
852204117418
430175061375
724095418585
015186917295
195123178526
898813044157
263508064608
542223944783
577059639079
878497827792
839977850462
391413090010
135216012593
823941188783
396932255679
154650901441
873134670299
185925151833
914346280329
109490111702
854083138572
241433423924
760113770090
367945392448
212435197520
525452310978
723844903041
061829503430
737076491269
021682346949
438011434364
447699305914
235367647025
651735864450
377686464567
909349064805
692833348766
151445486205
479576858486
965087266288
173221574814
870929245088
284933422967
964870313566
647796167793
520183903052
762335023819
765782921478
751960381296
999833618371
179671461251
760382267686
603452582723
898784154213
930381807259
741899472763
709758563687
979496407997
964830645508
943158430321
698180817961
229407458842
319527792021
066783536013
504756526236
350862542648
857351041626
874262575826
764431658503
280725857878
155011555139
869620988335
295284634804
361395759104
155074712020
357157419630
531334739869
931974822049
123724647494
517658651430
388318072615
889439874718
773545306874
963728297741
082904926025
469093134637
409129361551
307209851536
060299485965
336682561683
196380132552
902670298966
600463940120
611080659623
457971110752
762919093539
877929965348
174587398570
058768603863
506796448727
818709621533
650210580105
312348781268
647778051200
225547487888
204472284305
993481554118
864866153782
012847894686
212986291446
769211951503
890627773477
874754809467
710077796225
737533599079
950462898617
262212005264
386774266872
450804630267
330415018282
408903614044
557153148086
476759906780
740218786320
176066520855
679611953858
576573250167
465959420169
334647554667
037993191530
101979073157
248067322180
314500734297
848942663603
594300071988
802335843717
413707755598
466204258139
996037174668
140778041542
849953249261
494741394269
153848378100
234006992263
559647229862
129126160434
257117819371
452046199958
220657955497
352108167915
284147525439
375735586207
232885464691
858173965595
494950006826
873294816016
620870554131
217351153170
002020418250
140915893379
662942460239
756732342238
205016466719
440448435915
851491745469
587083645034
699318839810
947790677880
921138979197
528163378043
196599057127
875236835508
864232285323
611630471082
821528676891
425718244239
291830307483
770525230073
937219049493
068530968017
329923345278
076994600703
841298285409
206140788612
997696563728
860626402974
750075408539
876787723552
534112442013
926530222593
065688372820
947047256301
420182100115
625397274056
757480733132
703952238910
068964172782
344273895590
694684477344
024903429710
541035762412
573407052550
337417178376
956602890818
336654529410
681419232594
837154746961
792507724811
136077445138
310610967000
129117037307
539985641232
496604570460
393789410321
301705750029
124477872573
830215825303
616829531836
571672214483
934843624584
176248415184
364339387042
407283903719
884644551816
709193588523
424781512223
935149262205
389972073686
075775499420
373964806855
525695677918
138389288773
467707564389
682085969798
671162115257
201024745253
025709070207
700000176261
006796362520
461846218681
517609856098
503064796509
968922456555
996918577754
330112257495
413944063273
428419556692
425005992164
152706600101
963725385076
722987643620
895848340781
217677183976
744397162482
717356314123
770231070889
426782995268
125362273142
623161003347
349274547761
742091384788
318108786218
250177984576
896053078262
384556769472
404432139306
481859933950
958425890501
363828485932
240822600420
772455568385
905875568814
298415199563
455115721571
458402905930
082204197052
377201342975
903693950307
100727975679
166918013305
732965507023
712514758022
736967748317
615305368091
445108669392
503665495729
404418868395
097705647676
045776132632
696323909189
296873268251
413142114492
714802912023
449829933211
705718006246
015199800176
888847744655
172012043839
680469103721
292667123340
032694463430
773228853534
244421506934
540412785867
412200262478
246888591421
581770700451
940289967317
414129381515
667357660622
874993683283
403141348190
228490731875
919955151914
360354909479
968757531412
565518883672
575960970551
019193351071
080256090414
073814158897
451294110780
200141952092
188489763285
962499247445
775834722901
151054441695
623932567072
240964531269
399487170221
230860080375
385630130593
138808508883
862015416331
024666490433
012450517928
282135665087
389231757909
242298971762
762099729684
881147038841
892916880218
456427801825
492796568578
757857870700
828775604563
013389413962
126888858701
860889169819
060382422494
938095732513
397384722390
239616729904
580373148847
775343752652
386868883162
309386587873
879406673554
517878830209
251733848940
727121872986
500983616919
547359928011
003498117993
367857019927
762132621833
649629961624
651023322368
390423038485
828131571953
373081505371
032752694494
443154741296
300932675083
811938207764
946530995056
753900293132
906642957759
091558090051
654891017016
945868154629
821486472909
093540165191
831005745765
647260998729
828825016578
992332821634
942635783035
906205972525
338170381439
773173653470
867494316572
355792389827
942269171176
547293744346
168963475078
528492926920
810174832498
424131963093
832096827350
833071686965
727889781735
055250286034
164392171025
422231686766
864798438581
905246015354
182461490328
384784056094
372066371821
292746477942
053314144381
848347866159
044034032800
198424157651
229764606856
854436376562
059175958865
478758882542
235449119486
698444898644
474745607699
506329071980
500990230403
466267054622
912991093737
317603610165
755699710635
051253922975
167754982591
041607771105
472282329683
740725713939
546438844061
063204436244
484455496682
041181499657
227908834487
054233523635
091416641673
615166004009
053524880035
017644955678
281900487513
496590728624
526220008666
491402341358
464249060028
278773739564
229364190898
479104410837
816521050325
296356501663
733587442413
233564064148
440569433961
548305672942
103589485036
660994782390
902788095789
742435883992
504446192147
034372021616
084118132342
196650042954
304103491323
977148613488
177994141636
496502901808
991202711149
838889043196
707232730406
951851449969
848270944665
236714621548
828261142591
532362220338
534474307550
258508648724
322687650001
081751633625
243638089394
288437607282
618876775693
192778023566
572769009093
843795806245
748536749364
876396023169
457622969019
618938169867
959871935602
058727874730
412292047931
114786712735
585224691880
006782367867
897623518461
659202384895
415786306836
739990369338
019258522001
180663369757
498494298173
754422487841
312671575003
082411265576
985482338070
506708501501
777355841129
212300764485
604504005348
414569884769
447091512571
583629381730
640700926798
389317472118
284014908100
935092347575
193679273796
211923761768
816920212555
067261214181
701026083297
167552556224
247075579057
522988834764
159406962346
452035956378
713582649289
213028380418
028961340890
422574764398
714343773807
169589699583
323421616923
502513203864
180486190023
630440887957
947980330204
577219967114
993448845417
245186474846
783635854279
481702416924
240538939230
152379842728
569567578024
629790163310
153905145784
454926400619
024204472784
081328345550
740708225962
293498656676
533610635402
440107960423
376131089184
118231051785
442041090830
555993197892
126027654603
764756923394
628563792143
706412897678
583278844718
006427748474
602705348139
978820752846
293917614334
678338220326
366693045111
997361070053
815039715708
938447592513
424110877890
516248277237
351941846938
393004659083
059157527184
289746874041
833160837530
615398086490
423339188917
627260791937
182101670081
272637740722
516884477753
623093933639
305806207246
225056007155
349463919911
826366137727
747483410979
618914933224
597875462155
369364444780
249803765621
678237592766
640986051499
543045858534
638393573429
773823963246
769288797171
440983652318
369412503021
322777992890
709218736023
137393631832
172981498441
384464820211
754456037143
512650309115
771974773579
367224159655
521427159569
406184850439
271439037931
247982532799
436753232742
385325787602
611607537593
673321475459
470402809087
801931976212
677617020017
980086878252
840787565694
835709955881
031157023153
268981986589
734542683550
930110456285
419671901238
576404196045
228709338927
020454436520
743758566525
334280621189
243520924464
378751957021
933803534260
031997809298
815958368137
076846276158
745164998279
990943240863
086196991791
821992004169
243784661320
630781245588
185371882686
811033815394
866403236923
437009990382
453313166626
852693761079
547924331377
914274900656
415583331514
384205494877
454993528180
855558335339
219628894744
187342640687
562872328910
763730398018
509574357815
168865675028
670020622065
349646521021
141290968955
687543086668
048612592445
507191297170
612991890826
533426887423
931454452475
595566489179
041959438241
664403840646
143871970115
993479008679
229920263706
362370810657
179638967377
332799978571
256710609955
108416022191
201836196327
903079382292
704567854401
617251203279
670391911004
410849853979
559622421714
331309406017
823368461467
741326347312
982545426665
858924635536
852285832927
118776051639
765926174006
872633363663
343796197893
682908003089
181192396523
361110498751
781510001679
376839681035
822064227815
003302017203
980580842299
464248918401
033010214933
936418639058
496506765139
295004919760
658362078974
951281818909
895189164729
756595011687
830792302529
224620231533
980934876669
799759762382
309532388361
144509044817
624608557676
101663689919
696271136886
679533419642
123704746110
095051398082
356645218273
403886927231
199355246368
933616961849
284263447230
951117639699
640314135093
710104755760
496416006309
089972229173
803933837909
715710133219
190437654538
912960235998
245227032023
152690368280
049885772666
964946159244
055641656063
598129623501
149550866628
986022121317
765672109032
674930198743
859536174786
894645729515
495082659238
448330725636
379255617560
188246069649
653223333355
107045038088
623027932128
785577541412
143338128031
326562687910
209460946850
354295327846
326671454713
169156567401
275754649907
947406331347
051596630518
647684787507
915354006404
929234712095
886164470854
586941366086
504367426886
964028977118
618567403692
218296516715
063775254637
172736115816
835500097860
693892204121
362553569419
685671823662
917731309222
829489289301
716949743402
436229783412
932530416385
808021736075
174575781322
567333614518
392928442165
611751474791
309129433039
700075408049
802002120367
133791907227
034573491362
726623385644
499002316364
405338836854
985409556098
400263162401
145544438962
085968815360
533368813984
831651846073
584759017593
295260412160
526689065406
812036313662
207555321892
669327463627
268586677660
979978720055
008935320753
113757157196
310938281541
607238583052
520147447563
386826861604
674326273373
596368247325
119886187306
292952261740
284058741866
630593552439
037976750544
507459063324
397769509903
524523556811
420445615678
673074062692
467655699914
171676391400
210760505766
207809269426
952530409948
409979044246
128566632819
477661796607
786719514909
933949289946
586378399573
269512489571
708978833095
000278619478
989141093295
351699372779
440808618354
669177930705
283376698361
203875833310
557416999857
148837600986
224153027998
681980279329
970601458675
702803480620
092490974938
442554688202
856937062627
096559779693
529044368019
765940567862
151043032457
387482270346
359225216280
556806595018
686198020106
854129889738
444546796573
295153155445
149074031507
806216464289
701916365795
261657945449
498152992990
002862981374
238468031957
357257320508
414988990408
999442299927
847727357157
986175199681
166514733696
657573339103
544211094744
635254321951
366208176136
975557353820
741724074110
699547590160
390918456439
152659574066
677661529080
096936522025
827441988734
409713119510
137973300584
102225833326
567673620034
686878453885
179676381925
389679666320
005751406323
623233755795
160669189381
128987285127
410157123586
738440512767
088075769202
312183735011
968111953162
831019507993
803990146964
039096967787
442012279526
379916234247
995009616189
479732526586
379952863285
593208100336
450776805275
374119943664
421052291764
772269180266
700062552450
579076933609
535144192756
023240770989
739802899889
914359819609
314694847467
982254988808
491109490522
246359717900
901228468568
236683438374
389077016718
786631088773
862204790545
438756906919
339667459848
368280488698
809915273460
107179731062
869623396172
378182513805
992606554150
257956855153
801583966355
112633779227
891872059019
921608067473
223528567129
989582983056
408977515567
583307372643
488565202068
830986363170
507471568056
747812058065
616035376851
007674129161
801719164874
743158684698
333421322191
380212429075
458551945258
797431080022
410012382946
133637200968
110466731268
672327357005
467049745849
680576938420
889592069051
866514343584
264591955308
711481116755
638230850178
135250907746
638139341244
815582276543
939850059034
236790045877
270599113458
285923385062
132138707990
235063489886
948677594534
351291979451
527547233238
335322851399
823576887861
434154747964
625217307781
148466653239
695641812770
951802384052
840422623134
359886114059
468796909035
112538399382
472378744070
712991721001
591519393768
900386445929
647208214050
058046860756
384037366859
652220048505
410001093198
823782033280
799401007785
331648695989
974856943123
647581172187
002371897453
561849820100
178899436214
031154442799
549911289477
676146052730
810397591824
802418602643
631357538807
393718211043
290374872304
488296147024
577053417504
603958424174
684374460198
595220663467
911021406501
183543634151
905875237358
853941707975
591495147485
827877140377
536430001232
303408929192
523333162517
015900730340
954355735437
918211010498
607837986417
938204907060
052440976716
182284691603
084269108204
438530107073
918466119036
458183679661
420494836824
596157696070
741336947101
561187240698
463213854669
280519928417
857871785443
686055188540
311371271803
423200744250
454464668006
708948623185
669548126279
672886418559
048783177888
975352913161
452305406821
478432188749
558089987209
158848667251
391569205663
400650677166
212186287984
166867877118
989341530892
660324446207
566738010940
019125991935
805714070953
955473925658
870077100822
260909941631
196545480803
481803628469
037257712038
062319285779
828737882815
128430306430
785010074154
185809547963
526807464767
549124572985
210327124803
477208075544
469629359213
274936718440
161853296810
554035590892
065331383673
256124500887
928781988474
116923260689
437252465427
146186495911
355484331626
527572693697
683693921965
073346976805
527746109955
503995619745
239438680051
669925507529
202076470292
115543871935
383754540748
437977364434
801639130980
610824952668
349959041151
479844187787
648453761696
720634786593
501391595775
712814257318
474694949046
086908433384
959191806907
606258863802
603849880312
983290706249
900547005961
507039135494
463239545733
712718298848
905843284355
234271643138
900749202437
405295251434
289066615370
520850796078
819513627973
901611061941
097355130984
895829866687
931026743448
818486930898
123798884737
264289259475
578264718309
655287053920
722061221040
751741472736
211273499082
343835371696
134714299052
899254576913
141092089747
152383110242
255204172745
939993596860
940569891405
107583960211
757564363181
086052805855
952263335422
850637614728
016061798630
091433016030
503851943206
650056349880
869321281561
667257200485
900527862134
188770966193
864150551022
471710898685
024852212922
609154455163
497655749783
346675449686
336136987346
086808410830
514033093684
405241054446
289699044842
782568455972
111889772436
256584204418
349192258915
780458873653
538516281512
519456801080
963592056291
371965046196
101862243942
121573450479
254591929652
720768146208
434687107705
806840461701
533422692450
158154926239
878527729213
111954962225
516702057751
340545066274
607095618523
009603338302
410421769288
392602009170
749730234029
686072151445
299289766795
896940054232
106087874032
031389010174
894383761287
927439090507
792855428152
432280202842
353099292411
132622035954
499126237065
458561050939
533198444299
778982670684
293500654605
647859360541
539122881694
932779018934
707703739685
691563314399
849584778169
468278510325
966871230516
466481059249
742816150244
990894752812
049119244370
215575912532
134499419479
137124067946
037563505510
505808503224
839449530922
606182950143
871809650602
768990638561
792496830553
465820337447
536993146339
846414648437
821172871594
019471185100
272879521546
813330576427
535597368520
540022275526
971121243083
248594199581
217958406034
244926456679
776512214404
652924705217
167952419090
882508222742
597247855808
598977961391
014289010350
998996235049
967980096324
021547770337
338656718661
891255233912
949995622286
091507229297
409926668982
425452952342
328435132288
680420417130
998171912915
899250059233
833055018821
186532771479
250288779591
281194253615
263441620237
225106847767
517686440357
088296151035
044443295213
851592325565
336563165731
027087354380
021789135661
312009072162
542419250152
134094622621
166901681263
824881861020
402671435847
662251111516
431216517485
394583764449
206833538058
787350790571
773063374013
648796894269
605894354493
614233040460
339830714686
144485453174
934731007734
211282648316
774015128595
487581152863
280230137681
747223597482
034176572346
236733672233
064487684886
264085381928
009344940361
540268125674
374423108727
858210627515
960095138392
971218877593
112249305899
113922847746
308151232967
329887150642
134285245761
058803656615
280159663594
139248331319
352710310015
404336860814
033669183492
574815410385
488348643130
015302033114
771410410170
367525542640
412613792105
020148067561
200907127712
408924771411
467227164679
871503073521
449355313542
831689006172
190778353215
402607176049
885696763830
992496725934
838852342799
236493044803
326069299604
052557490341
264562773894
333592133279
245266362722
645916958197
586366857014
447633992913
015287008622
750893760544
806339147741
044298257677
886423423300
205410369947
314939448814
721891510610
370343962564
308565915256
806629052430
758865155506
294679282207
388096529864
831377175509
893689247018
507084359841
122416061199
669529596276
487727404362
892549434048
213320289301
801740121790
160102467017
097963934072
039132634882
951636343394
827617129968
095478410864
540178592078
090298602910
581917656400
714065839311
134311969667
871169689711
484922389782
147150775428
134379059268
445164035877
981319154137
082031298726
483332031346
037609792460
995262470236
625067007104
212048863373
717371970965
353271004238
184743822275
644782138495
546266242676
751997266939
531397653394
673564219442
880580541582
937246824531
386724582300
865440483585
589012103123
085045452749
087499777527
485721797031
170206037623
221303196163
569423945919
129075277071
129225110544
521693698434
800254148135
123525562497
637185640556
364145344456
169604904788
431540857697
442669542324
057327802083
920414803526
987144044728
195153086771
098664846474
389387520942
000328835741
273857500104
876662085996
728930620738
497323134378
830370122626
711869132532
330139156955
117649794712
846173658468
035654678165
043267931540
132388074412
078953372152
405587322468
427057963208
674152690988
424558888362
570328029666
811939066264
948616338823
688002818738
357466014587
497971956795
219925130115
818279626502
564386412474
428333781642
056239193129
313690176440
730292300928
806485731587
937544656135
208728196803
104920813904
419362330134
957687960233
172071993311
650604238761
217277936812
293137900577
579687595563
784909709628
453511268054
287548637490
664218871465
844975485517
886148100943
090889466658
448267654329
609054136950
107189966783
037552516693
295827769237
604698241419
445942598956
487600898472
932077334211
646307235738
674474714635
709764589555
387540676750
229149835616
407245437589
723225537484
387490143483
537060185916
872648736796
601456863187
459919073229
051716894996
506433668596
481573135664
773292687423
563715692175
671565832196
926373248659
090059503167
257924953754
819455028840
140182680677
369533393787
157246462689
389351954222
863372431711
007808252588
501314868633
204651364888
886820980490
014968745231
768222560991
364068275689
226479173778
142170265196
336447571308
627203043835
840345970773
865330591234
460437745312
054797989482
565193849218
942466646019
904431513711
275609648980
469945572022
837196707901
227868926849
198575715920
338569114732
742403680350
668741659643
300297137283
050892656761
331231899394
515317902814
308452203884
301373830449
793665058460
156777160285
687546352770
993193214470
238007036659
066506021702
106717743479
246176866243
737443054756
382764399884
116108901565
706887346805
512663266443
609395744913
015198773212
542796455198
874058250431
098215101658
339501406471
546999131341
155479504335
521885722575
492381757333
903327823116
242157423713
229287014371
791953173020
614203844482
810445828594
826131960729
678523596982
992147178990
759951933137
827668510650
380289496659
049586102401
353676019768
625324281796
595007122062
859523274264
522341969796
788983704509
340137934720
088437130698
072274566440
926258272816
269790617233
944384559339
158152844696
059695675530
113533822087
075431060388
922787613719
030073621780
992087290236
198426229926
592126903692
400667342546
644481793876
886502367038
892921754089
419626355455
054682944992
298431289223
746345210606
689437570856
123270788099
032888908425
216022797079
644832225270
988721206823
422276625786
866395614890
853919509624
922375298647
559826162539
838904657841
934035462706
244507763181
494976091888
360414596949
924191399995
738672327251
243461377333
561261597913
034783758042
113568898766
050156623055
041624977188
734320448427
151253859247
906071976927
084849643189
569916250396
755416989695
447392120245
167991301767
901896158976
118316002158
696151625316
657489233955
599684015985
084297537817
135601429564
668918963452
019094875477
812454385765
294918084530
728433862808
759249023072
433882156631
269864178748
135322153662
212443931712
556219436160
511729054615
597195211092
523903792617
984732982572
696831836885
209841029895
172531512582
730525017835
133011746931
900278762672
110894916263
724512138522
741254421049
364221056800
224635445580
068156847360
963615168490
443407783619
346777579528
584882764291
392340166230
905619291346
602345302335
219051898350
465716980767
572263253729
626580996420
567457622083
398585375639
523929407029
058655918569
787046990124
452719224326
572588926127
886600012303
547156943084
708713179591
479492036023
399625650724
199741230154
455043369068
491105416880
910434636337
446983604716
247130092207
466508090066
201455316767
651221218753
368913200787
197107394577
693393938492
437821631156
404483228379
038570362854
680792879662
715136369469
683526352530
383105251790
770768144376
262152187044
611002176866
440489067082
826879070919
252505554419
570219349925
311019441541
069163809645
474087763988
184795549824
121557472187
524318111856
306295184323
971255347230
027988026458
122528835530
051899211829
298022684334
630189540584
279995025654
838827161986
497655690033
650515452046
938597796480
882913122923
055533295257
939807063237
482104611283
624715709612
394217991572
882990554358
073332977746
931668510863
004996797286
016129936553
708520236898
196228445013
033209834753
900982794932
610975917540
657510192410
213451552386
372874445859
186653416623
582353137158
194996915707
530182241316
925152418602
881370850874
167433601855
643097536377
373281897105
742183368917
589506897397
136652624249
409266318766
908778774003
760779263434
961879672136
745827586517
581103493286
781402245283
192553299285
884863272045
172977272578
477473764407
073335178978
985093775524
447099770193
294373127281
456588540788
670897485061
117851778267
720071313608
450304646958
937427332769
615813540427
210549402215
037696500731
451983739341
265312971713
498543569737
120983997713
207653413060
592707655130
987831677187
773758460871
189125662165
817323753866
432122778082
470930093925
380368164070
933421604977
059320118623
911927202767
557708630981
311519334375
930411012326
765818077793
979136797680
675666504959
030280347423
953245604500
216038528258
421664944937
455045487456
422508483077
614995739752
578967540178
160250020486
913125073551
981675352815
669426819753
364603818110
803246309952
066999922478
986987221979
547711660616
909773408503
812116499455
627444844738
392080953133
937691407042
851248733990
746748941661
400689568764
950371343654
919533159738
012477793531
368240471340
713938627375
023291273456
317916899826
219642869697
410634471186
126723089803
818543538673
194749377311
642416148856
053545907776
808232857097
835509752263
227843113412
793763719757
531416086418
438794804352
891935979502
861277447301
300904232304
350612220368
295995131309
018213316942
877379331565
980990784609
963217652401
099074193695
798266634425
385971948932
036074491500
958194133719
842283243863
196080048657
222561822318
645413808479
893958639259
265078774396
282015106274
080952852216
508367359539
754100465824
547509717430
061829053509
597126855793
521044875163
243512204685
643636683022
895214451027
538257092670
250312191237
923679923033
569055222271
828253216177
295006433157
889402115039
676831246980
735004104688
370489853845
877184205370
084109596837
946665203226
606211589679
306328853424
143305299385
239210758509
006818768085
836384097969
681147100047
339950552951
446882704128
702116488199
976521637118
626642429786
093061035659
298795242636
118110617749
662311467683
220919327316
386664511794
015010478670
126070899105
216747227407
681274212165
567434611623
356768706748
980439031010
429697613186
784983848846
676273892604
819757073714
748830344859
752269824050
878197873122
281930716434
133487448740
783460974970
963121697045
655945482223
415824722730
649532735531
517461418121
669495836055
960843678006
547487782858
799698603611
199408594155
050340641203
834802539632
308838670800
552226615029
179437604552
975099042620
691739223522
981953514402
832355136836
355091656345
504346757639
014245044665
321197448368
586008442153
908048838269
915708213054
746342595333
867522768977
579301525333
982623564965
241465135801
646559927332
467108643151
506391956002
774156659337
901846093744
826174890489
618362902930
846983088088
841411190953
861915431636
868238064113
805497586609
919387481477
377973923519
355519975122
401156325930
390170863435
863945742695
446359036592
702759315462
194529519277
090938229518
383705477255
970872293249
527567357576
935617669436
252614521628
598997111824
656519285668
196905718750
320701583238
602797489406
230995842895
445128343453
377683274375
240775545002
026593220904
515638492488
933999748073
249656493344
515891077977
736250818646
889967690571
319300464697
586325978195
804692971639
819515937584
787828256073
625917554912
741348469041
146412620029
119433315248
570753751094
285712198512
226329253857
844909313030
323416339935
671010776833
241095852128
979302137558
057591713914
232306825043
584525709630
756261457122
888869059249
253883022676
034558243408
922217665495
275669101572
504324828433
107441386929
773697135846
751613408235
757381805633
931718779964
958126774900
209141180678
004196559447
447172741740
621562636347
539709535803
039921618854
060727245262
412634850899
801578853111
254836044641
400865030319
395437576974
432089946127
105362612907
254488089262
627447396793
854035865063
855239834297
387418919762
882096596504
519130903093
698427535768
243403721659
346206537789
379989206393
081326603373
272918736574
272896779211
858918411742
007441694539
121040603247
513016772291
376593742964
641375366793
504459847340
828619281323
375100247182
258946151532
963488413131
209815883775
877476173061
381168095803
387537659027
268287965031
330256849724
353307521793
672576026253
462570609308
738848701763
517902570262
813049714062
373678845276
394937658644
167561588773
939747381995
297009239729
918458995394
558250099735
112728012023
277825393699
542114188900
781084144277
369879203712
400756240144
673673801551
438980181368
396115201991
981963369876
260117389175
559990276656
197431674265
102894605894
394908737213
309883518429
043596659351
056816009034
431325246612
229504848238
947761458284
107058221580
975406323638
193094339291
680657127924
016572834423
487183292951
887644557920
515839521556
723177820318
182613275879
160817022656
041757270466
292530983049
017277338497
684036932413
858521712319
639694343629
276260493804
113448990127
853873218513
087148274957
178416893651
511632358880
141768776556
678460464236
474952409552
867354697172
290465370795
588797821966
000435534880
368337417186
908982190807
393735275065
862842359342
286399222892
003131360821
246114637637
234134462879
071326340573
530769156320
069296555742
934504451806
863095758466
648066790993
558098960842
415398067467
981893845850
153102607566
575106172477
114951879862
684381000636
521738435707
623745876524
026181429235
468994361952
295672866736
369507250999
114145034556
982921230597
590369859293
952342854838
637493968690
484505311995
407207990237
506384078987
013006400061
140691344626
030257298465
466351650471
725063177935
344039303153
876619503989
296383439179
063053398595
246784518652
534778060821
873614213415
737667417155
754593490757
237230567462
726779515449
712820155980
370030845394
012599997721
873077342122
144899117420
102472041905
850253568466
538300763336
077120914460
538482794546
165055867002
948473731352
525164709610
583169115633
915792428293
171083677650
956369772724
264340973606
077389190094
486753588852
083924957867
567848180670
857164528519
607620804764
352528357342
765174818624
933811433887
971569250231
442430659008
878727716948
630062971790
990180348457
376876315581
909011144810
280464262013
547814569970
100695337681
069227959783
768385365906
878004467241
469057533803
513697459371
083381431107
217826299532
234166691086
493211120793
354226160770
659952355795
520524880738
128059657491
347690864011
163337763947
917793169495
872402045221
206486396565
539566734230
121231495216
539459810902
885160625251
578403340288
443631786699
494842451921
874615515193
332937466468
349637438689
764774127705
731933831929
485700957613
194219757139
990677866963
897929912029
268887608419
058572149980
173403293510
707648999120
026315176750
543954667499
852792772797
478559603822
316333996343
035757573999
129234663703
381629356920
659917828679
994759472445
232457996585
916018466982
448785542640
429184828678
704362414227
853224778975
209615390440
981969147491
049847170059
147944253689
893372250912
184041469945
449505836022
972145212772
761831906943
078180155749
856565966245
071831773066
310326557614
752660969816
284443320498
115327406936
833837516420
342138439137
205726416866
433267082361
685730767705
843892032904
632900702135
180337703197
816096005063
758332656488
981820886650
228916340586
306599271011
496615414188
842718015655
398124474452
025571894873
091749342336
205001746417
444865844609
492742574873
963391326258
119894023298
424389488768
411179580965
823789985591
550843868618
942044548922
920353810988
297902828423
791331020337
962332709760
492961510783
019295568473
483215179286
501302156720
943048068852
797298307038
323947423595
173388024111
579041182120
416733113385
888273616313
759084566552
316850024756
404628200013
479946490986
429115548854
493917467685
520624139202
138728275401
333418769741
571614503427
192502675126
919133047882
473159046703
085044123878
820439462433
574604818589
157115817969
182805999075
739433082788
893975466012
859403559560
062588488458
799498137060
636900337122
643587510815
760385502023
966160505181
653502647032
118549539273
283072078890
701902679736
740641444080
699016828844
873523839949
186048903127
231129941600
211925200535
634808738027
530095973038
917949669017
359374829741
029761082613
655118461116
789607025126
091332907673
528207853227
629068633318
127009933532
639848198656
432263798034
214738890102
071358617316
973374385296
768212012933
651526654584
201956670121
132461930607
021827483700
964853699410
035491588897
176490739229
547296725560
082218965750
384867775693
761014933866
812784521103
357139650535
279412675846
555451336947
628828036115
057099279341
116263699145
853909847016
605031603449
915743355969
110273157397
569875248368
030419779089
267923268342
550490250811
908568009525
788640850931
830702076145
682808123818
128619098717
940797757940
939929299265
434663259974
305080778043
818994368876
063061979047
327912931896
999427096414
659483260026
267232055418
686274242273
302853355051
569848727509
380708218935
390928253073
520614071121
501518161536
460507567273
761365175322
858956677270
048633946356
122992903988
248886127609
489301606329
534817356182
690507950853
100404120570
165274396897
729108820736
328793501432
225129856858
648576277533
784077808084
856286652578
005426910318
423580039134
839323649368
683955971047
659871185859
305982562844
400126967265
934334214444
765531281037
086937439143
487865618613
406933415527
239449004614
579216032266
588789667047
339437232319
721164257028
883806421677
158537815160
098694802620
818659930981
728903749084
544095962703
616004337050
459434641735
531899138337
554561930908
957902582011
967163686299
181477631410
000591029618
531333114988
818328293724
870717729793
285343832353
570180516294
754704064023
806741406796
912948003249
534989704937
277287442890
820505821619
341813886876
945494278289
957275946278
677219343905
970479434708
411864223279
364657545535
441904626382
484003523265
687387133515
671093631642
387482359729
086249011916
534336857726
490042130139
372193002046
991635015722
991501867738
499096533506
124626325839
856669819042
106597515734
358864925823
193896378727
776126249444
367323788354
801203057353
213897140373
270849804901
203266158308
165429541036
192720227376
240533365320
554394229030
701137088081
614783723740
741649299852
749732312770
074786314920
661580243926
841314945369
264175908658
707283015660
347700460737
422006034575
371820870318
044524355130
761859018435
311439121826
157447754300
737623005778
934292240211
572406669517
208906654964
998670861485
612902456044
994453252222
400254142814
012749287909
439160693460
266063347511
804562154017
258276410960
922477203001
237584927121
439664253321
752328139644
971589615655
820941324573
860212823046
690576567960
293199637752
188585503878
219132648510
024386416968
674635415969
724772393711
744538786656
296754932850
197038988567
914781904485
893828321627
310863712020
240546894536
714517477051
778021390417
191035480915
788176318572
783155688089
672774383682
527481356948
818495406500
919837244750
540029036636
314582542816
888268602318
584371195623
411305094257
266081736502
661924296114
565323991612
025497873390
023904177418
290509420086
462013940096
372562803178
479956647672
151888523618
244309123377
989312721080
127358048314
294657815739
815709101902
672053203157
596533355985
858466240675
688549976421
308265377585
650909238455
141487686803
320755458762
759906747533
284487855833
798323156058
475281306883
273515755819
692265427386
577314690140
554568142748
278764135865
268651775339
179549615499
522322598645
860916526359
154802757657
526340302472
189850771548
957595010079
180606000213
353676600957
709169907709
789068998875
320193436290
714549465995
295283936528
835098992580
349756424564
672765596624
774519080996
221570449092
473721921012
464907028136
855865492179
071687154921
288031382507
461034270993
184785605801
486525871251
901767544092
341407505401
305043274138
244794884956
841322598638
582360527477
894248755280
545479557654
001952640612
020260572381
149624687996
233236197872
151090317362
928269797262
656987145787
019796570182
809538661250
780743104870
835692448955
672960215000
233437694252
175520357513
504861682988
941554563249
972287547913
962985147515
972497878853
068171815986
949979142199
887339572339
088798319913
852806033891
051250696054
765201894806
385495594063
181867271930
274786176897
559930564164
925997277591
640652176292
095136092097
289501134014
491101622373
241206373087
124795659031
194770681204
435709214771
218154398474
949908875302
577327914493
854333790513
360564425186
042781582826
028044316126
297393149120
179587039275
215469242883
833457846318
544022036285
780037798635
002104684180
333425407175
360542496011
492862026621
304890163328
717988200411
850902193780
340165647019
980117728275
129223725084
245795010633
526972933578
602723397992
124344060816
158358136256
576531358957
626695618188
969903521340
991794224538
763602988616
944108359684
202068961746
764950913117
238941116676
286408669546
352358723630
800292472531
679035350767
154101945433
753064078501
215665167331
757842516464
663023803127
488943230536
674588503303
879681153897
645180588375
906838865573
157560809609
503279353717
483261334783
153872115890
764915023294
234049581556
586078000362
473571932155
641162820811
749822203074
798850839301
878019954700
699885425203
212229159643
570328905872
862640367451
874432816795
187204636861
017107451908
117429220543
214603809644
367718890473
484712279211
362682743495
963097589828
497335747445
989672191072
976872657713
222960880520
020355253314
567698824709
092755399743
382137887368
725240871737
677444146617
319779973866
934910420935
006971109035
148738257777
441733876692
209473937309
459682979551
549481353850
445001377274
700735141440
648195480896
795670041605
988686922734
601925554188
755070338257
313747694235
204549447277
781232172101
390360070677
543394096220
887252687688
541784339979
603575120159
395234811980
819395170494
717334216033
224767735995
334194850276
156447511114
393211913719
626164128917
060207514511
521353426763
681512691978
868931950545
550007487560
717747497097
895791728394
317552163551
712452629608
041213281190
029179175328
667577928779
747354521178
582541029773
503006608392
092380332585
561720646887
883224658794
797858617304
373713595505
538318283811
740920908357
746755441244
585806434538
479144941853
911885785540
665187132497
624181601967
897398797498
541168266549
921127077721
333454892250
378171701247
308918217375
075055818082
647678556231
708812796937
695674397210
895821558509
480346329153
082668586351
392055195470
278630005742
993253089378
984281493819
214411372309
228256646511
362021301988
017150581826
152194572125
133075133528
217509067906
350848321034
561563277577
235432730025
613025633081
186143570790
426062309817
429268934714
023244394982
878369031233
970463814800
249322154075
998440165293
543624614060
417519393558
882459663317
808946697101
204978305029
761615438673
897506080164
304051082213
151998874005
861503587882
917431949931
410764424214
764163169512
668998483574
057176309624
961196054319
405161151345
595454813372
872057776964
737538059276
264084974036
487670528712
706248377886
740306604277
696066244973
775103816080
415951087702
588106356316
067702444023
172806430917
728616797912
371339784245
462615667485
649190886615
866007598134
081287078281
721923294013
150609516525
201423435831
560185232776
537617853952
569882501597
610282799784
542840462935
097543993782
925798927337
278729598512
487332391582
769155173037
232665010301
125045526508
692786470168
368995500487
510175653135
133779410600
634110270465
081758743442
518552475867
771691591268
292721514420
626376958788
513421749605
084521658915
808995925351
753792148288
634047713651
245218535678
952698000415
601698071774
697328258245
693975198635
892345145813
615556070146
788139975658
591292979764
764857178424
776362944987
974229519446
820222085520
099956992603
613005009913
994512937007
628167817350
750230944499
801455220138
134673632353
805981744766
077794757337
927268212433
937180344547
667334557020
660916043040
695450669539
668275196784
542332864722
403835254553
508561033006
764290958956
114299077865
365232939854
929468940851
607813771972
514393033346
320423971645
288489152216
820952776354
009407799986
900193778339
231312033341
815989447292
055566723429
137737156900
237003784732
679542163658
232923504979
535567453983
246357795433
123690017049
970168565818
797924822822
342813812108
685091344708
490297467290
643660261125
463443735026
402481071685
123305769944
975719102912
003922433896
735305095484
130337073353
446052288108
099798843487
254434936789
351569304608
011488433488
981786474579
032912839244
498657967732
164432924571
092127751034
498772218103
389595746003
546084764391
559772786275
115957776516
711735149252
300391300357
658071806914
068435251202
568900843709
386800583988
673912713604
460560733632
719288085545
257295288049
312198180123
544092704433
006583601479
849945834084
373551523827
424058609966
410632413171
356427069946
885859370001
115011789509
062156068920
545390234168
267921242614
504769271781
818318809308
461060807392
081494215121
586030654188
385542826745
485760106991
810600499784
300270762362
729710849071
492878607020
758599702331
236588585653
098559472824
335685044904
656478523207
105570124791
398277891719
503479168381
649023500690
551397738888
644219994845
968907500001
187739851912
786173169611
814500332075
879336983425
316087440565
325340373561
825163985679
007181277197
588298493520
115235405851
292857969081
589416844388
704577177892
889824997410
394268010558
448097786017
256047913901
575206297140
649273944897
478871452710
922913856498
720210863911
127245641994
857244671500
255552981599
568848540733
110420947550
786924078064
078140623132
387287361346
731098669119
168931498379
618183384384
836181267263
561863669913
958825779450
474975825950
808662240834
670772294307
750157622809
737486034141
628059272173
395352073467
189031297805
812597275889
749089995113
797996932942
090395589070
924800874615
775807949071
528036143650
553742754943
994673552191
907464649389
877625081068
951139088549
900096875264
343805056751
817081182134
926447152638
097205844315
185313510495
765596026820
136909197741
332255108985
218510035220
822851348839
604955543250
667979727746
990995834346
921723155347
029319669107
426600111603
368375069765
320388464624
198966908018
135768821380
012273156485
225324585640
775594435721
603398843301
035373219640
438319495364
063048926740
400646915914
308554080790
008588880031
498378602448
629699144360
431277722041
044827414673
411333845314
962037813132
025448520038
835678515772
564371815749
613510019936
169204576046
109455623504
100367929842
632804653606
893938494340
081818183535
573140277464
579142584246
882130397616
772873095561
368463548691
871424747817
536919667094
786253287417
453733194710
549982273080
422532924347
610373253928
297401878798
867793181385
131200632540
310891544593
258815946150
823225613845
859944994818
054349490627
224556365793
995604512935
571678900495
276130755482
901898550628
989236119775
914026907602
386711095664
147346930221
714732017250
465359454046
810240208378
693733284308
090147592726
799603628416
679520804367
768587944159
400749478230
292630458675
129927182306
357311918513
966625463460
370377776151
646986714835
935499773394
261958574668
926179010182
957869407798
315294521320
481885347741
003863975542
724818816804
152271200537
579624944689
076627149551
522441812860
391076145307
755111541369
242589667229
493059925925
564277090231
989558354550
651422946440
610009870447
294354660388
338514943394
415215792020
591785892157
784674019645
065942755268
791101875828
679931987208
191917484088
025925633184
155498607110
116568871411
842405351362
030298174633
844698066170
903693281695
077427487334
218411553033
643082801812
383227995036
249597123003
338557903829
170430440050
222077516954
950430499984
444802635309
417552528099
928316714700
743442130494
786048075255
735017060629
701007591316
638048968138
869105615208
930717672861
401154015430
883614603075
401456453680
325631873636
109959661353
692713566723
153784908090
378594612707
553707545328
227377295187
007161678373
820891166400
332806181021
581689782523
124960525005
138837962474
433949667426
160596399050
760718025433
193599154416
314589872728
248664286721
159898958094
870344940233
081304394092
987820036903
747658942921
088718423470
600312306785
047712928027
463999637371
306863450847
858978098485
470060720365
797008979793
761622343573
038809469322
408960733251
729711645608
447858105379
873186706434
251711805072
249070746472
252644637310
313216797297
158509021843
517388321123
364123057251
914416156663
164515346573
375929199454
781448784197
626820641031
096058551553
023061704358
653978113588
973379252062
157142965220
782904542469
600287426244
183889796283
430658632790
199193354420
503455595325
804133758361
339302062267
288153027406
462874296788
154101919705
606595663614
461028658965
430703769143
346466850102
814494511513
448519209095
184985178444
762634990237
480304703683
956182407215
804515769056
743963539818
076358072528
745653861313
656107747172
069384521082
057795379906
367993205850
154039175293
832628648068
057518812691
971959485477
338460856322
954226400352
996990797805
980028136495
415847727564
995446811964
006347671759
730235943584
137193993974
265418141024
528356005394
940770562667
920470267232
170272620330
754422631765
182415612234
463923719079
957403233363
414084907841
361196761650
059622963625
437534177298
609241032024
226964986219
767592429572
803547016570
061460368279
612605942301
812558294959
535504039398
336514890718
140805511323
354822947653
304811404739
233313584195
073732922721
628358814464
417935662295
408891697728
433923391163
930269142944
151355541398
795294476690
755148407513
523687163884
679515787581
643097037027
633163318593
155820967933
056471540059
271638058630
338107303697
956445272747
375152428985
718325595958
600983609722
600074542799
595457184209
967206064629
858249555910
621527213482
073872364691
464003364518
355409750858
341233791892
493824218004
175191213311
089047031044
077036047724
243963333081
136722305697
082362483856
751216909830
666317194808
031593710853
006249293573
504434876779
481596372487
569919483524
306003522286
614210862455
184888190467
559775495158
924260451237
863348174189
466348423874
343652941324
944142795684
414147695083
132776351209
574985255533
338519825883
440699179150
285646719815
692702186168
388811253069
946624427984
693867892330
971449566163
381657108592
541169877819
423144460445
377384654554
104082111542
683423231783
488045261661
993424692452
807800941095
695054708084
894918269089
715102512036
160667652149
760301867905
144981826710
988196639925
737301714875
064706744845
233890798147
449616934969
097172198694
687908291141
184609832664
309777468173
766711783991
634665164826
582301538100
493636595375
686065346192
123745008007
184827445633
153482703164
320855583792
051988337989
322722938340
503167335396
090329923572
184769040075
179441153014
515613982347
775536523446
900647324641
063388167568
516122310493
793971715332
392045587017
824673176070
755949165806
512181915857
009036798445
797608339882
394344926864
314292559886
109386848241
754387430346
627596677301
431052679911
514329091162
513499852970
238009566401
009446760968
947866608565
237391386604
602132104311
699438874947
111700424426
557361184123
267588260805
343568666582
614832890564
039392221301
251052519362
818779820930
033442471715
931145359909
823415329647
891175237203
710050666277
384663496413
201868695638
892870171421
266088511221
254939897491
182530955717
508219333889
779310074254
111042008039
457769534930
148089827338
245751881063
812012656714
596871964901
439944419994
829059892257
102634889793
780892913311
282738502328
377785858730
303478124933
723193992321
986351967541
352866932074
730034489300
113298808907
198468105459
769345215729
458983270015
500525489501
411211649084
019979952748
142832742102
718357661094
799398436389
030940878497
715354531862
251178686386
065647949066
137420504399
948221500980
584686339795
374690096153
018275576540
136146613934
788186692017
318205592192
632840800015
992669640520
144848533816
994878481673
180340560118
136715808884
304604937581
190607218511
684053596109
882901978530
999848121389
598616895382
723355591900
013112143449
936847774997
668422263785
759129654204
548280406121
688892515356
998196356132
903944288851
767201561321
103304560121
419822501686
810679603503
961528908059
073155047364
073513406523
886772474870
272881271286
780201582860
864010061974
878581561158
762503002552
065459146528
332166338286
646835264303
934505725763
509377301983
732577006044
357385345938
543482251984
472758495426
864243347449
909458411250
012278470346
468568443971
636653783656
278615447578
790154792428
586635059683
589148222351
663866794304
856734456196
552710653927
106767843328
842958960329
622910723406
238220049946
060481856983
966172092882
781917970170
703143191072
881763691114
459368747379
877355720819
226815549493
690613412740
280759777406
281269519664
750593904157
438866707177
694008446024
386311348727
881509810423
416504074339
768144133605
439726023136
032652134587
845848164450
139815378080
479567928300
424110524597
359069066839
591906912543
851285434927
683858794439
855582768492
155545950701
780525612012
547148294217
501978552882
281290530245
830941957510
585742678724
878746941403
098636094977
517691516407
825248590570
979890675226
630964209123
135909495999
700857114697
722853562399
748616144554
172376852641
430553282091
664506911880
056485786763
325587054923
962284445190
088289499657
420522006855
039123712579
757226150396
873396893935
534683635705
926158423488
679646952219
471155229568
008253308745
237051366560
141220991212
533006058111
317966904693
963328369296
149292858074
765837581686
808539140247
317756206557
345846866608
134893272517
057349375333
730544280247
542116899156
797101556147
836309125554
407124381176
937295363534
379713453546
492036791871
534978541472
215794690984
516979755409
781518225767
731958278079
666766603987
796007948645
779236919111
008582067587
142567801836
400107394703
026852066220
875447535550
647144043181
396120659312
429884219107
365010303316
805914436066
327987583982
040630471521
521969925764
553496106333
455516122020
730997477137
575902070269
762921544042
810595961086
713466293983
603144975678
190780947560
361953721556
203789860817
226868963392
136723743196
200608764057
989437085190
437516487340
330245336187
345126029118
273611137921
466367901504
322876454686
220129834516
891215500210
388658722747
451420073281
234515558063
302577963281
719121055817
033779682602
081804181607
174774800611
511802860225
401449836432
845837043082
028073700418
338869040785
125198306064
844628862372
293015126966
908800743859
227917403333
780538852726
625623107985
715153384010
357514306026
288883221596
136120650400
021717631735
749318662366
480458474952
950760371057
238698716888
374952477764
392660297693
484600204834
914880244100
320134944250
832596208895
158282892674
118700318405
181563702389
972952038262
670754798597
608778377481
854568189899
857982188313
409045096475
317507362232
054640040943
596641950182
223430343335
082478233103
632817114942
075756424540
086285680253
747783999564
299307794116
599934484533
775091617701
891269884350
396955443292
103618986606
567590499194
945199972631
484043785709
517259907822
272113078777
622839673731
581235476921
243935938891
352021127627
507895656738
740504304526
766937463380
237177034164
681485299694
900443276047
787990168986
767048603294
209772394900
280063087318
092610894698
358972846356
059874078515
088920885653
640870180869
360537279340
864373142323
714469133051
676196035411
092843305635
768683222255
586028892782
043040373668
287655305860
926767088032
432353622085
948618271609
292448981200
368846938425
306326585313
480796177112
210940920495
331173427330
528434834205
183537469822
740553569886
696931754831
737236358326
963939221473
828729784065
528123996641
691711402238
244203208126
808709363688
851267453959
876907145111
025255666668
250142970328
416513459200
072029362116
870814243266
126470545930
253482999412
344746029524
683948299011
598162135876
088070128549
999024839604
077209180948
084836563741
732694165924
538923910574
705563504210
781596359449
202279628868
342851397726
513608423838
773332974368
215634766358
081554341100
787216679565
190325203192
526257458230
854382379231
293663491487
756528718574
626530638004
915344512732
774467633870
248682053140
197451976395
555025228548
105282175361
513449802162
731337318687
652230183897
227209852011
615310021951
121189491126
615642843982
036175211758
523498467826
295284948483
238485185709
873657375181
911165066651
823740888234
895422625304
739549429938
232975059996
750679547914
498476338803
400324625430
419848208322
282285767370
973263698451
096179466286
076854875647
690430972295
880246921575
181625012869
145271199781
155505923681
618428070986
455633601183
819689071803
432159233637
550488249305
170011127377
052984662050
853901727490
637086875976
831137705688
422868003489
684198662650
372703528536
116501032954
396057452674
398831495689
545883740328
770006285457
010809349025
919951640791
948117440494
681277242383
989910000865
397711989560
124632242704
945496105177
947497771014
345982292219
320670844891
681763991384
956882555823
169120848336
418092639083
982215123261
845438437658
793441556139
019400912949
361591507913
817889656263
428933394681
464533749737
406134095311
308303939582
580163971445
077189233951
031233043291
254125566542
486043673923
978037846215
552770349341
448971274129
352254030327
738319055292
598654436607
617533423273
674943608324
246803748574
456720723469
117488407986
648132859515
606394128964
587664801328
011413095576
945884103154
427313050109
938105458217
021648412616
681392934466
309396058501
213536111169
070767809230
572275252892
092723405462
372886899130
418945949620
910817340667
636188315512
947201060522
980054184295
346694462687
340925401564
158421745182
840019498804
567598385756
989338777166
878993998407
610759045536
673119225775
047329352059
418642760692
279592901591
582623324990
552100002012
835926839854
993814417969
811070668012
377038274505
732475822420
567960763050
290405730924
535729724773
790733223858
325608258881
535807160924
532114858018
444005143611
116287918563
394084293746
091801007872
679351694421
698124765311
628020782372
725979582660
231683377254
293778176327
737016231739
932614933157
464585288942
242894115286
694846300413
618303357473
423121148043
547820741570
406555128878
321915249154
614133672605
764515298379
747510046214
858982572563
742105005045
055277495171
644307303687
766860374717
432077620507
170859495097
484798593302
947156726800
945209399593
819048535623
820304266375
664159793514
367820014945
923092376852
976901293637
167820470608
101670331701
640698066605
637286318618
361067781260
706069302086
480987955906
143704827560
729949769136
681147156110
598287184269
567855439287
379930138801
703066173304
626243313526
168235194584
688793855017
263887483328
196395148300
119785768336
164383041798
969985405293
781429077743
492222220463
080416771122
953273682069
292218503153
346749983304
099920358746
259110201529
342580833897
914000184284
109035244571
816990274348
400977409268
356855846467
840709120407
480711182345
495508743911
022974329471
867139020197
171985678753
521779360890
984952522133
554770496106
911459908791
536801207527
449989934591
852541631742
822163505029
539125486938
693823715012
306296885029
136655704940
811854137955
658769772123
704837239498
497527209783
405549254937
551337759970
364261376675
366363270584
212279627793
510993756634
218206246110
965726672234
186686812663
175773118228
622527499219
469903842718
428465462910
385898031592
320610415493
451285049303
229524013052
927563186807
770093719964
166746429487
489485172561
921475147175
596640952025
159464006160
306382808363
315381936395
672093243376
714367019198
528885072612
456201626983
575953688521
012854908202
018990696540
708375172748
473391857182
294430270955
540879241052
056677588726
190748870253
094827483974
465181807303
272505356662
905009704685
510893408354
982620229224
000638231711
656226040020
699931800008
904347357298
543527012533
081301756848
720985144984
670536537520
713418800039
097407160161
509180580668
245327833089
552034140904
526952606723
996252548280
676033096432
290445532692
085124371319
170633413806
521564449894
685682850064
265718882873
614601274370
218330069649
797506224131
825644855045
166304714368
728254549784
014490023736
307256199760
560935322312
580677701158
852478461212
327286555427
859357497833
276955635480
023941716753
024533434546
470833917594
340043266327
965212024819
482808295241
953722112779
862031060184
318302909498
095521566719
210988089343
825589833620
066710020877
024709818100
077176042345
784411350081
577614710974
733546227801
224187107892
806825291297
009915999577
029567966433
856184302228
271217689043
250394617173
436985727060
905949126340
035610083032
293908431115
371681821062
617490600245
091349312872
299718583593
926870942217
970658514468
896041713592
731633482162
594140822408
103011605858
379738079784
847572670903
589834236957
017327110554
027064166621
381690784333
658932599361
175748235578
550761706188
619058166443
809345636855
322630811623
393902774631
734063121751
229938866675
641041366247
436015366390
000181445894
472734024340
408830296027
642988911360
468249332499
834703730816
741641838859
455435867896
758286213207
347486210941
106604581672
059615686951
105132551857
046071454087
241791735475
894385525564
795923637435
793281793528
526027855286
926244443603
015127475628
632750136583
359344057992
418696521825
748299596004
852286215921
223900496170
958484569002
918731855739
667008893569
379477767129
890122961106
443416731111
963367298280
634176710360
964290808463
350761502014
369573759878
555438127985
158697339878
285319026942
072236066907
978270687226
638990665197
488516070292
586488289160
901014726487
071027288741
395417557695
130731544109
496438623693
566219837449
448535076320
606800948747
352618036112
246509862098
307882404911
438581180085
077552716046
609998989587
729800410498
354746365520
676241239550
959925976271
759507324374
014059483381
532663285951
607610025972
908684625104
977319985613
694423894092
728964582602
550340366042
177229979744
004436670047
776228379674
809332902121
921343482334
198787806074
078945409723
063200455538
650603398179
069761242289
210224036364
712576445432
583130057939
289878485347
082414887405
213156504939
428883428115
115540053292
793723005140
410427998840
823893355378
250230948975
908247271741
995390638500
162152247443
442114573990
877221674331
058448128321
921075095954
818460637805
329161291612
023794162094
152854892133
025028304211
852118950234
742627896847
377763474096
899100455283
257633063510
155326995541
503056648099
905851426903
976638573835
835574715326
268665390473
545720747346
823121524922
406492720977
284479885375
734138764081
825863439386
780771765175
841817878053
506090492787
567777421570
220323927842
034053867272
491101432656
538820509431
883788930051
746927411289
967764965689
222354981927
818231024951
307691411518
932469837020
387459901835
556373555769
382957187544
449216204467
209853591088
357310180702
435079152344
990489230751
976810992475
948438634036
659169523063
459779209136
783788486517
198725853658
850032011313
344437444346
741586747306
653525999465
878122346142
179154386029
787489930362
752182899306
618533628851
635933899538
217475846758
593319111249
887194033764
062394647334
340043139627
013089605074
310392422883
668197206437
149910590662
444802608292
049758592755
724423133816
295043675050
417577266030
291906388932
075565204661
226982869136
155544044879
619617470009
163986330239
031309776558
403935392437
154664909453
730795706024
513312103898
727548949134
872322284429
538344901615
725716781626
661279252140
936162278739
184869247228
391987524135
177512928006
374295224177
911941449486
382496972373
571048839598
211335208042
525870741061
299527525430
720543097944
323895719611
683303764750
762936503267
821100717176
849329332897
115766302135
802904705403
219020599567
411482707068
405155018704
843757805378
556635768910
781204227814
240324856425
781815527734
313850561855
844524729483
151906983599
564759754152
535086131011
311868951456
551555378995
650499674383
733820330663
361838443146
719076095071
243792485380
124562296204
468767991001
375502352907
942612766622
196950025484
089627113169
387691932108
048531272285
098858828964
161900276962
431726615501
745663457084
092632236441
366639006620
696965656066
606006207652
284748039629
944495224663
446141472380
255935192810
468496890693
495140893394
994463307864
330415235145
766694328718
700131771141
723463632175
365711144112
083688690683
411428926655
385944595946
223053737266
430965402959
614755133915
739684683071
031713685316
716211798336
567664750911
884419613598
094629418682
468181707761
768829826735
136720977675
502916200559
519955547665
157137909857
316634361925
024294776873
163354421381
411852081592
573569761230
099265170939
154397917453
880333972515
378469562264
623391625201
502411472902
736088931296
058176925673
225678634615
668940358430
527783223427
199595808126
695972526101
927326016977
682170922495
382936142382
588808545253
897540036123
727303101695
290208245217
445425455725
710035419495
224976269148
807221847284
818672207287
799965501920
361613351347
279193875662
525192975279
561172446112
989279253309
283673181599
424254581117
571421675212
131441333491
366583265153
534764782597
210406496845
262988198174
178491388103
377727344531
060205532870
329643875356
798302242325
745829351450
372818397786
880344130036
127337164305
680516931669
271402547804
485772407722
843451732814
968578708661
000107785795
180607470599
894987361342
960484775291
985801646837
945531256032
700365078206
780284912708
558302901276
328183211228
523417574724
949881717390
603221163798
047800059880
157565423974
496434784580
609494143409
598751899397
527667370460
126359328310
797735118368
655408650701
451577646758
034861642789
845092128618
328912656856
052177013800
451257694077
085348504096
922574458402
690519883806
070285202263
683938846902
440300355454
350519013592
383484355131
309179346557
380281426211
054340212791
451281354027
195139868717
144366803108
271257067888
471782953234
018161302855
578738951902
810851738270
777008825006
858007884560
285226819241
943930319332
820847300288
542758079514
525705230181
899798026411
497240271399
479465973631
189992390287
509029241562
655714924683
218069949012
912705745062
980003137158
322422824290
416217630850
333995556895
778745479045
236862010116
174879022171
690207343935
138617494311
114014560171
066876137407
647255660452
684755668606
528883861337
546126384511
285617780741
176947933599
058428337039
695226631866
824786774536
009259262171
077275532531
329035783745
157112276493
110649808555
067621244557
097554012982
746457101783
813217961000
114545702735
017443181727
789304623695
241367113563
436468090295
960147066696
977067517815
983098983574
258949217418
216990815013
076499339782
456371769516
120532393031
460582809720
168043870136
771224728906
536309898482
398600401172
945099239899
484598755848
009944340918
461890383411
373082998704
588000258056
436916807004
364620380192
188501623229
352690807299
611562002729
454871944929
628919534091
853496201389
639568773919
993469446497
004314861543
310638154810
946265314548
020582527024
869724063008
081620937491
757941088143
360518607500
886471098380
603027540058
002195539491
998729180877
003356213264
857921171021
118455144563
937141538155
732450423318
540573148856
282965831245
681292980796
612407175534
170929533699
328288180578
918557045514
621604634350
336056630298
176297709936
876441557284
651750665652
872215219070
451725587888
978624730588
475226743989
618332656934
926901588095
424107804343
639720175290
490294660740
655588658183
493205332924
641392558267
199050428781
460341862983
598475424108
927515190129
930641909493
876583976478
374734758048
271449636596
973347489189
234005053732
677826481873
559701330324
042793439427
797327706964
317755166148
194908581048
782154753365
245701669450
869593709301
498208603148
096436814556
959924605495
316052563737
392307683889
337543597658
064062552592
324384180529
263371629862
408073593649
636918875148
254925366606
671552803897
363956942194
807378378514
564612306319
682734255513
235961351469
223224402629
704898379955
665287779711
395492293453
219171121826
360966209634
473280346993
515455051321
613202486005
368283674979
964615531267
068945029489
423476825292
866260284549
680878846101
639701458137
459522543431
558798013284
281964371098
837343519271
064920666429
072196791864
057858720929
216630129216
333319077953
070795298147
654944494859
219130586733
404264834461
139168186133
331148126321
148912862587
516147648107
641999621770
379562169323
473849104482
240821919776
211010537665
260000873279
884668198602
197829659501
045826516805
652281006825
066015251601
505896994733
059963834926
069564504815
736348423938
414882126179
186209787932
840764231523
605418376346
501511162327
660628403784
419028692153
248746990003
626849418437
088533551483
998074279571
277345727235
827445590720
255097572645
605197763562
046164481278
600756557858
334257059276
924255038295
616072785386
562644342485
779965745019
383590036601
765295007916
980814284275
123048253232
306410746630
204010841865
166871921190
245765474242
364259100287
924218397155
107654669596
193748124130
001573600863
167973903080
601968173001
215652595292
281707206543
769019245198
793412810014
142037734961
857790057507
720411136185
747840192260
106723007239
936117581958
350080522006
323187416092
278406913213
113433237993
057904863404
398671853299
657701582136
480833047640
419085522019
846883652967
692784232170
050198961698
018932742226
821695991629
926130133027
771328171317
177537281413
119218264367
698394674234
364861983015
190002072048
374145072049
284421943536
817723168549
209868808197
227304248015
794596522888
975774545328
850495858376
366568988049
708438228758
675774919258
877437659613
671175442507
415966032337
090187160338
499304950819
543692060871
630226469525
965284157509
886836769945
749162560411
113579695998
019218326938
885078108047
831157248243
341695812900
085515625778
750652079621
226358307571
597212367893
011855791155
960769633264
597743957892
857866756782
726444418892
133309438225
113969943735
748533659381
059054147821
625548838943
796417193807
684652905004
771328167257
594389966077
211897263250
463060319339
877924336889
813912791336
163294389130
266354206715
147126668825
744307824483
126293579458
245837315691
762423444856
012419106727
273699011605
613538878807
782483164844
774878187432
025523786664
317217219376
285121660669
456916295123
803973600707
779533166432
311014956562
245596408027
008961650231
096202726559
950204512586
986018992825
188654028506
683126036184
112893887907
692043120713
054706053413
860315997146
157189397429
471946437613
561273591024
611278881662
695922404982
808915675503
603717497344
581233044926
553813692287
292737309488
741073378808
299757729491
580906076277
436325695817
757703902300
849239218928
910820073767
960367394636
167958360770
695294473497
613699593421
898063931136
923909026108
405270594986
128370342032
207355941707
896267876672
024745986288
179932084953
020705417469
587375013294
085190579319
915081397207
878818355090
746941645253
313062124345
500009139305
751024200365
155262498907
323278697467
086815000358
978881822247
101921391536
062850280454
671946621271
336666464641
487293441645
452840565012
814125406158
588281955874
747876280900
216569917160
278884138738
271497411220
432035392066
902749348363
527265646118
468785282697
749701179083
336003089468
159613231389
068757879434
945440243387
985323986195
410650166705
353719853708
089189289285
964761140394
339909484400
914935899085
109434735030
798796255141
206713660331
966670190887
953224912359
776596019348
642272199432
812199747649
321870425483
001271265945
567257955195
450131184537
762421899599
781369155598
969784840953
734503667046
349143441578
586674238450
897540035088
073553302914
118208627099
665548947229
406830707987
138834381990
144018591788
532898062590
050580987215
614303024903
217492447837
779577155839
795823207466
079452973841
153768166253
040427777436
513443027046
691037902159
157581063352
488889344732
618357326618
424324726730
606681730310
691195504592
035611847463
335921575081
932827789876
186332374984
225154760489
093506217865
122162019870
625708674503
358630983938
480135346200
424937156952
455923012868
746833402586
850690503413
307145574153
165864920573
585022321366
668574162365
938155275022
097415641958
293936776897
280544006414
100228995245
292101662150
375726612116
929112170352
433991071487
781337481372
702849430493
894496681429
070171518983
398646727667
430126197015
803204548337
993233345367
746854109047
764312874288
120958418522
503699630552
420609504374
699140757123
536031606144
894936650751
401642169807
748564384869
554448726863
256328182394
274456176206
968095389413
936190863391
886642149922
562760281893
424528458668
036992444281
300077688403
706183399891
606116270254
208625012650
248050771588
141426429397
559085451170
436089177760
067611307361
509637123335
916251976321
772772101359
521089648978
302956008546
160358908300
200183055936
025683752786
979098734850
400011748419
685592670205
318843021108
956508660784
369865721317
744786140268
094802958440
369282259847
922739444262
597547774511
101151573416
049946826143
339023535924
382628782349
180354823529
524374583738
901805325544
919593550896
629746797822
179875465564
623191709499
334989427652
596467918806
120306886713
928197752502
473932253621
151543184103
088739971092
926320952688
961907330085
944837004441
453586532507
489371750174
173761213812
135056415697
056275689207
554794783554
681396796245
234338677684
392743902298
190925698219
749534743904
120381895539
663713451634
653521801697
759305271404
745621475906
495668913565
373909709844
718644563530
448653937647
011068875199
482747241765
878785075665
337673565076
778949327089
517493310272
884515278358
323618565236
580861915865
318568972054
313285632808
600571108013
981743827391
385333489615
303721199725
999528896668
976837824563
880303802724
727709861543
574992745605
353360068678
767498537406
214370578129
190035035947
557063941230
747402213380
088415447593
042313473298
712400976617
356642209000
128465378273
713604180535
262900398250
074741516709
056316603110
311540717845
607514161216
674110392909
687539729249
774817697626
584670788231
234538695654
542148724453
107180340874
993536680265
479801802702
302155574857
405618764858
405805758159
118071993218
863792309240
237143288904
079809820775
599041253436
263105633479
376647192044
768684498469
555568862576
619946419426
882677568719
696587298071
888113086959
970334132168
422949244238
587596058556
823998493208
936594143656
473768599724
384416944311
559179760170
826542077856
018506839656
959895196191
470431805238
470206066318
778021808168
085233336834
599144241241
223550078544
036938560167
702688436414
971109047164
273275712134
006557300873
931436922160
131192839763
119574783209
360819342749
770709079007
433270655351
397452653036
468039997845
323763045875
405307078059
809076180472
040413372733
030179702889
566132435200
624880366920
939136760667
315134474812
498676553201
236933883670
419109843707
265498711335
384596893654
905486136847
877724097993
172545906558
456604330237
704602254268
364922219801
327536589702
605654022634
159035973974
678561632946
561155853294
852142446387
562427995431
948205560021
371338259797
110461244734
901507566535
500794586894
622503701653
708602082099
495608758351
922854771816
808834619800
753261480813
851125145538
658610479020
454425347411
940144651715
137283125554
204571823212
949609201985
117376552368
933218037742
257406994577
456909066561
849843696747
115081113484
954596016039
414908855980
590359781459
611485390454
667522654222
854497090315
119716687364
604895164980
854369236707
909713672890
784566525987
913771934748
374197387123
014661750128
640690533282
558049566518
586542491413
888600848456
450342494669
226495633714
647621972482
122593674133
384854161878
620266607900
030153392632
762890604234
038120036927
459834473061
220326488857
729768199761
966895745034
090455794686
720970699716
760454952004
664182652317
378986675013
046735762971
144083902684
448598660659
086875526109
378377062202
062083958646
929005521828
733432706935
021420311306
366783201674
041981742262
829047496370
026302200699
192200805553
096887200904
916829063903
315357936631
150151103343
885916434501
819744554507
464135532112
132559784531
800310576310
008502033162
995488986002
058061654961
713850786357
549350459531
631347589313
954920599889
740016259293
136102029168
773766322830
123934425181
894178031923
814504764262
884067076415
556510671365
587893802550
844075281125
915350822706
017418095081
377892948181
269768037988
153960797499
961414624071
900735207735
515748901851
554739900031
810275318260
415442483093
461527117253
756190252039
409968529007
197607524431
867468677658
900638500251
034225205761
817592665905
302046169850
412431005802
286265070796
437299922804
630557750724
296686005569
139937730738
067903045215
574392748471
616618642514
427390441680
999756897208
485558755595
024912413463
491382228340
722046162949
633159920080
573913142795
827269849470
461928379150
536882303820
616724245864
201188749273
021615336933
878124652492
763287675154
197380016626
841909221401
841860924952
549907105881
540424882072
861759663394
779425659656
308421577894
097162493352
382964807271
593030584090
842207911256
444985564764
523531415060
479333450526
126128622248
653403448431
769961721178
264203674384
130320029160
707927277995
014094979267
240255939976
185389808483
640620067754
912378295488
487388825133
438251623381
937101497636
827182589165
804536234291
191291921896
813279076105
161972365630
039039889728
022409598574
822477553071
545054006600
617432549876
714900153974
734357886446
891425163930
999402784391
188168518378
471954450276
036354758749
980991074410
090052707296
010971734330
599100598064
575513673809
725777628930
618075827767
738051669797
356837338194
127418877350
766511623373
053727746905
719326445244
148190873798
089243208568
948726403026
293044343356
369767380059
146692014101
996392292271
962653819298
099984403596
599714177557
045819834112
907256878946
039162630533
413285565267
338787243525
934419656438
744426247919
567124162700
643748720250
750574206358
286133409578
990305602903
651303927255
272287720470
439391332321
917758768099
550569553650
000931282584
350456322659
738214970030
869288312410
523852039686
912815578372
479350761666
252474130946
524614103451
161649796452
342552421410
307391850136
246025954070
925041920129
411691707650
609749252921
808736846270
559718765125
102117166994
381870395224
851058174212
572336841646
386024272411
398700363732
960209508203
475552553013
475428674467
826833226592
417630051478
925867648427
129368085627
192807605721
006213342246
760356818579
785643132620
464794267805
656593203959
913407211973
780198486818
387891781790
427929770670
420845695961
209535095424
434500123818
999237154827
332474476852
027975832729
742861999645
583922063876
443669322703
037539114117
940462477659
611337344193
005636459895
225524319178
997657688727
861909750062
789045676685
767154977659
138215243016
409123653040
723084894459
611819748580
210562119911
987818174282
296853436818
720545201359
608558615357
173265950732
989829830777
973335487465
485851072101
051433549913
796153495768
120745834452
476156973082
098087370264
292872861710
052303364407
211856372329
563388313614
017860756259
962091466994
948089025326
829204113479
911964968024
827701945389
663888215274
781624932431
187517894399
392486606492
432767951938
482845092821
793501789265
483790231577
179072329640
570429889488
995080798257
175623636509
138329159233
599914615674
309514325001
164502444119
012116051842
790670655281
606422038471
526141234838
513514950551
775247984847
963144814857
479164683245
083984346267
131545789023
867400626018
371603937494
957548142524
734968524207
291701265458
240969923101
980079794837
317293725082
251058521571
385872557928
744736780710
558746071730
801643197878
360744933282
947957841431
756525172195
272627260822
700424063035
729078242484
593920615988
826003340428
331953228271
479349832492
053674910438
676305153681
476252442477
524351117391
981685313997
105780014447
415262978279
577191968250
095748703390
865818025590
558573536439
168782978713
015645636572
521288562539
919276232681
041924918189
845153826020
453322004990
430655846020
894415018271
990471865492
231432213062
041923135380
606826647375
798025663086
499525912675
837017528498
572232095089
305762598085
125648959273
525019650994
904709894325
212707122204
047087447290
566214005333
961831462906
030629754062
219631241487
864640766612
814961417396
913087667964
718875249251
776448042237
423060674893
364617044916
342781755838
015429585535
309276468825
424899464153
064662010637
219791143148
489561252339
880427736400
942116085881
369185116176
095088693141
903795338090
810553704318
755609363796
895939526232
794722379903
316316374713
041576991177
536957111745
371491056743
554291083685
760327084799
237214689573
146822389102
851236715841
073997358730
174365201264
137742223341
307786308070
792342926239
093933240887
065416856181
644436597364
943700868994
432611593409
749118231990
612653165150
113504150729
871100929966
216597197747
117477661319
189783276214
032023318054
504438793771
668674380757
011289601161
483689612670
018111955712
993839053481
511791029254
690115937744
146139078363
012276641405
206167706765
331164671150
705389423887
849638362531
574931282468
474871120324
967286344933
463885880185
279520824450
853950258642
555265974375
141036043871
783529071587
881233999034
998721526737
602086484331
976127394021
345450056328
634519178840
893161621663
029262607539
997100015680
215994944478
479188423267
876759006280
527304247751
170850415331
343988463750
579819527485
240912345690
058275201646
410761697932
114949796567
034743148065
033254143729
271081146464
698567635465
612741659832
415795130431
053483011512
489114980062
344527053322
187505068036
228919327458
360753824827
066663958153
788046532754
793159238176
664427970249
019165908587
976330810099
656170973213
191839882397
078453898891
611302199730
832380198779
383300628120
543177423155
476181100518
010631557580
001223099996
999377418788
526978605800
311772643353
330669885357
915948313859
233956445335
332036129648
855837396367
343099127049
974113907160
508886976041
454873386065
127903099459
194499034153
844479097274
882354120518
900386719347
404998934543
034602178743
051786835191
020690085798
709035979777
630551840528
712606028831
339589475667
162911808105
960796613832
146683307818
255267070055
876051345251
911734049420
475714952805
004734781649
669582728480
372769971570
218512912509
159520467486
479803353853
928435502734
447478907245
453708430911
063092409383
329278940154
053383946210
779484737125
675097299917
684719569487
471887577190
190572130678
262520423199
311391568163
996802408596
736492837526
024347143049
429898252754
348553649403
065689546839
288113679645
581385895273
836596382707
100033467601
916035858370
088443747886
323671294850
707305443821
716942694737
168992615641
860516615178
715237613598
199479160245
220204073872
046536817943
314070459633
968797072502
642481441618
871288137702
624085398797
549110441153
066330828254
503599502166
540636354680
134012226759
444323563812
348673315866
170946091848
695366124811
798653313163
796858238788
658158912406
826403929620
350766646006
831579886976
717303378363
499362047294
965745627621
741801011811
400982395270
580183553079
029647101614
431218892294
540704607117
404536045326
236414099627
874443839397
363971126072
246416827696
769115138592
029386250823
832011033976
232276959356
840622223537
142652989353
666269040544
824143261534
750330162090
610726287422
771201303012
381534092270
335799134661
695231518798
319286157505
988683550286
969065670948
582065018229
874515599447
922112978818
742157932068
773306003803
750379455987
183931315953
768116546892
318452842064
628366339281
968596627626
049128552217
091332753473
071993600116
072429106577
228176744668
949642377352
127589356796
440224043097
697451475447
628856641393
305642644236
255321231687
094519550916
775831411067
133023328014
502813405359
466716005987
927638327911
986616823944
544894269290
072330269274
105787022207
153486897699
042958317667
491728796767
174205722314
340032118335
394614515104
593749639004
168294037777
576882958021
231427598463
445229520193
477606803231
524037391878
454083016834
833655606584
499284463823
957346474743
241893370806
081379899051
699014436444
937859458089
395108718409
357614415710
775392307856
129592825627
555865261310
886933754723
941065641327
730238691254
872309698812
683221513383
360372729619
945458026692
987029920927
773036207261
928155120517
040306501550
602116657407
821289206435
784340429168
239952736820
377841399306
303683173882
736564903827
460457079340
040069426947
574938399562
328290806544
412518074529
529865629894
513468708342
255399646867
038240930343
844679858199
981533901336
109879497143
741158924128
529264737122
288238804649
349493841370
220602720896
038195558888
225086718309
103576198606
033913138698
130630496358
857852876401
445466461635
496338754375
156324434365
006257985328
304518633212
336615020738
584631028933
321310576372
385960969447
658029712445
505885670687
233565943401
371079401530
419827203770
784143521092
235456551477
403496073463
183039234845
353187149880
087187086429
300684466217
251171263466
654680822502
344153291048
446708889252
103134760418
780530356897
722220174006
016417890805
102210070402
055100230429
927039270958
651500923008
978731710209
432308163554
717528319471
404979433808
916283305066
708220032238
120695698907
778245510089
572605679262
881048570621
989432047641
780670229542
128160116729
031699228053
232675661678
842148593361
953518854765
915559755538
231859752334
939764163079
230962363987
223814132636
861887511828
055333978017
859010690586
301651359395
983014815833
458763512629
798391916324
321061858454
618174913711
370635049061
050748925104
665658193390
953190094633
570779389031
232010340359
100799573911
952126459758
942865296149
705032504068
218626430819
731592407860
473449201612
710526214290
504390742553
951671306646
437668896994
831992244112
150117891463
116821314698
269375695581
203776608797
714621649136
006523783941
803264909747
860358866552
447280223552
974372902693
538171994773
115551520673
508219518637
506930081536
294029262558
636825716181
074285959482
493067229787
232022048426
642701854387
610431240169
080733138031
261508711609
338037341117
823404116792
151919460358
046385168038
212153569560
065853322229
959525273304
128882594422
705945129825
287111953188
959712105374
583464113403
731029316316
636547916239
393760415139
237619223167
723875673069
240798731143
104549077002
710559044075
357370204660
921525843724
350682525964
948336936314
897562353032
572917963754
562334620638
978765891002
792268568681
393280997356
699817159985
684326729601
979038807392
137459314197
325995643824
958111565568
512294128908
176623840126
965845335385
980782033790
671943449615
428251504860
561807793744
222715278089
115585227493
262083962934
564472174224
406983632444
561857813907
615092591450
166360007359
722923237588
684777806624
465073864351
269089891639
496290404211
554594542474
282058316813
879429889268
314318011955
365651518555
561780927073
947230419566
030065748895
498811032586
372385381687
030329262432
061905342180
762605673122
531479652438
808927033467
199060778758
106040767790
493744230096
885845271583
851502044115
110835367539
285696169930
017068708190
341047024641
420485069858
687938731296
598528640655
808244116371
574886829909
156067744022
019937837348
793347416205
104645154026
108778578453
468793223798
440977590076
668613183270
996227967311
756018668635
538785924676
018887596986
568425302562
828420129599
716599160895
307973834348
363615861907
872559644443
325590542883
268582734411
064926862318
287353989626
892337856025
686657295051
805167279661
183301811302
287184499230
270255403561
560908313291
470144446404
085789419312
667056307699
478361926888
818531705135
032804233978
189302863885
932973092551
287129949195
590188738839
910780464167
877892321029
182843491903
811159943091
201514048397
528678498690
027018227038
149400326714
545393616164
732181308801
320692099175
291193685453
303356370297
537516201002
351464736923
070307565738
358999237210
875445309632
114255664529
459353696439
870994816715
168431532726
287412595686
693376135040
206647277551
424567202706
043230622620
677509649074
424412627740
550577236441
858563700404
562437042849
919748780682
669213432722
065548285069
021768896118
827174505469
837519459333
303779484372
212896253350
748649535209
261188055962
054404040493
333000278735
012307669759
351329761606
178267189455
634105566179
668829379279
302614059573
843438454471
212739503153
154802718736
005472883794
142477265202
895195651388
944756358250
464329589678
645284557570
724023582256
103962891325
660362097378
828813102610
970084532447
719007498783
910720289733
930384275208
779829155050
149610718461
876718429831
733714631182
633662079384
421504968299
659285995012
566043876758
808544098687
770262745418
231393753744
879501037604
667519899579
460510348046
355347407023
221050857170
804509777370
768703468852
458576888578
939007887632
167404014980
498474392052
606231729738
367046914728
830947646265
706235905778
836152986712
075543379821
249018651089
082001442738
172512278262
189972834100
350459656195
364397034318
868959269728
088167460489
752659569948
121919648414
824555926983
506191636436
596152339947
333113662045
313719891429
975287473336
622963649612
423936032272
699711665317
458374592608
008882075480
905118423859
747170289708
807105558180
967900423794
659994589655
676133492502
139957622952
228410377758
161023392691
372059901716
511713334100
676713320209
644196547040
979321660822
125881457886
985592920289
467147412031
890353155734
148076988878
484638760197
296169210983
423493453163
096353492205
497911492645
346510455789
022830584952
428571629783
703403998985
001083659340
309995302412
397059869516
091882541199
927945680014
727878323536
119088298863
354310523953
729986932648
362116167906
416464679561
584918489468
645389383895
708263692078
890927634089
924086366925
422816474854
269450916376
854281833301
496811134551
869011897657
667873062582
219833093333
957192440091
806673277880
120968127016
927236471019
053110929439
401644106687
758886902551
169185215826
522193196336
950495384231
912849627805
193692104061
870566476395
872776415401
369518150673
005258887885
730274015951
506467839295
402227064435
297729387528
761958613652
708781537397
634264719087
116004113177
643833878383
832748490643
847906272938
919284654432
613145357486
043483330857
385616792195
861812269205
273326767548
373100215075
370761998929
919765656258
311776550172
901732118266
157340996609
673851567167
451214055713
726597926752
875361373154
243479847687
074358538057
571371941318
242987154810
340705218912
294893157961
983638477990
452234996738
667727733067
683289873888
480353710479
099968741725
675152671911
743247827766
896840286737
553005400164
294735665665
653781228344
067660898783
231412962332
765710355447
004323993755
579910452914
319692081238
842935590309
267653793802
666148107521
743934737059
710290622129
743267084041
434492584594
979494854993
123512076113
319337895241
229973853009
710915808295
586353117293
835513034501
160853384188
169099562910
479817284206
132513488117
640203296109
431118373843
321485858175
761038211456
882490255313
507918029841
381403509918
781041692323
159416985374
919911220361
681848434755
528541003820
485125878432
197142908213
439996153035
041917947829
086448013755
781131099948
084402076270
606012563583
101438085608
694141217721
657907526871
574885304456
093840836006
142600277908
520379211609
598102180553
859769335047
399099439306
420387598731
585433838750
623331726027
411980491705
123497792711
716238374964
922249373920
854355939156
912157973083
455524842975
138129762052
605924332528
022885803902
653073449906
261651824949
403964352307
548550117774
583302311914
125864155586
772515962104
043224363406
373047196699
508930319466
482880575399
400943907677
660498736303
074241124240
362188208961
263766246770
604094516261
342104821106
268158033251
785121439834
663539332735
097573839909
734486847366
719669033589
742645569352
071917957692
618699867750
460255236366
013442438840
477518357675
755653737376
321377137914
143075650407
636534926388
109277759109
654777211449
373077032228
088385130611
675826865580
068590166041
663750674529
792575692121
233864069204
922918848569
587745820897
179063608563
400390208864
173344989038
200018142225
507528162554
811696338329
491979874176
538721894697
195359569536
787627491423
190401055247
756653890980
488448652650
187250014788
117567462745
366080191074
783969156914
274942552300
353552384277
637054759327
933554029884
448280992224
344982187266
206933760641
846356192560
381066902227
827882454344
862061068701
979628535889
477019530458
762703292228
518461993280
935657803766
440920538019
302633185320
023662143555
024366225689
598130549724
501024532429
612747662068
314937139035
148854714258
259600412093
863848763237
864424651931
139776952855
267539896586
875899964998
199035943259
737093305374
018238610128
060974242544
482555197852
909899739196
042332800116
876247820477
369124934258
472796950612
827776596267
172346802532
185754830871
751022274520
940929341317
262679775890
134105942933
942631915375
505634704940
184027199773
770686358078
791599861603
805159766025
127384859812
930736654722
841656553571
499257437545
745027141741
096881151298
790667797559
753294008619
367889454310
718822900871
910542772837
882091698213
261369934658
525513069949
102359955134
603134951050
619607278155
829208750783
534064324294
584301424626
496867146617
586719999436
800524057931
408648351675
246956691085
350488203955
079207556233
131844349804
042027553341
733696438234
126727806459
811840755450
811329783292
227618276140
155722267817
958826936383
538034787376
946814305035
037349760854
496719087566
930218684641
852368212849
130023868907
896363062562
582884156864
325331470937
597249765529
567418746740
660163933583
130562716425
204695798584
071295840126
740921938305
623378502628
753194649642
804929651359
856961009393
619874762577
777580933122
351494286698
837016039012
211858050663
823816441331
947245553608
411723529874
369096192614
521403361301
981648790444
617864856479
052605942678
892465783558
832324603323
402219260602
080670263461
355421614139
142489305222
603248883711
869471866882
626835756659
634264569629
421420689298
052894360005
764456405439
938512229457
270787922200
718450490646
705398539798
304685241019
933631267215
532855096058
293233578905
926063814558
045909314854
876963145803
644926350259
272279041485
244004414386
784557845287
511076731617
332461513122
007422497504
227088264376
707738959067
602668128824
281537021624
259983251895
284671252413
959515327521
605609933714
836598777637
699496770108
864228676419
015693949874
922555100825
619354797625
026757460739
379309050742
070254940608
921448873386
168729375327
336886138623
589043008397
522077822198
221911505358
256066713816
269955597172
003677487187
669257262788
215069519380
273480679021
795514472710
453992345442
141583716887
096847089019
828049561432
584453495027
091277081341
128825663520
746225583405
411668973889
949432343551
643988077550
403119647258
838685292647
589482595258
053592206239
455585398052
690654216141
745410075982
299060406402
682382667162
818083739539
820525259441
313071418167
190952056112
276509545736
646614787344
590011585393
724992242295
702440511181
992757637277
319495208419
494388810874
100902140667
220572112658
075841080242
580951623192
674966544695
832087826786
325260663746
409547002149
462687134997
660951858922
429095650744
937049292710
528605396473
955084846489
960990697637
704913924537
476414743045
445192969079
599881235766
290157958777
188190718893
890057607197
993541280487
024219310079
839609888029
945848083172
721698579572
769320296332
866551339714
640499142618
706324123081
674621573565
734276929694
823980386847
111990144840
497187997747
918119003694
218135246610
873887775262
269455521274
250152047524
144429994693
310021101481
404810411717
059021665913
398752925589
807791085827
721133965874
924745762166
241138316379
742296773235
325257789091
739975877809
825658649309
323210261267
369674047064
159411149469
959636654538
732196240964
474613605115
093385830378
211475440468
517155731299
393708761740
726663288974
283956091884
616006440447
182900241980
621852387570
865646814271
875792973134
633937844745
632654933783
815938461341
134964947583
586949287460
965081804284
410153679983
185468755871
265454529022
743803622384
170814862763
959097755602
150216864502
441411433502
427297811479
732811212901
566968641565
194277220169
088266271714
641351473117
535074339229
908266512061
328772336985
527893420557
117897238660
440439751649
984082581825
790609338023
168922547672
975296213797
474796901768
448300778733
670076247689
136425243208
233130813598
171383226273
280795449528
066527074378
437318679839
084756632164
657806514160
225439441331
879116500942
803814637483
580385121239
714043789533
686794921574
436747597361
379330171781
986137571158
569229931093
628737311702
133101965147
952875616418
333010112740
585076497312
559356111751
727672667229
320696956680
366242272129
286901537701
607543468626
979380064954
068484950255
572629547298
432366602702
932307285441
412264786797
425344231004
460418769683
810649480896
583962569603
587737876373
298299527171
914601968744
581098417045
196172834724
931105219216
180636998195
179707199063
913011257196
199067702374
295202939005
713335398201
764178056058
443471420262
635009014892
137468856795
428249217684
637279597242
406990461795
038391731535
043576424727
080782378007
632848783629
317706315886
359667112585
051550230834
186274277735
064975564658
566051559050
686959047058
298162501461
661285701771
043554628196
624424709119
872599602097
890911737150
810128127262
320044648140
453131066542
792688477357
406813178018
772517106521
656476262623
872564661738
940332285967
338699445988
685939478983
816774063262
311518420424
645236263012
930978708753
877781273693
806640648748
696071015809
562018559973
897379873183
206713445139
260763242900
542887484353
062726287642
690026921225
886833234904
005656530604
772564694607
336354943040
982237074536
774466160974
139327350529
539626095506
258822868750
062501445437
408407883770
863296793145
590118658979
009186746801
904013348534
947404222718
151239856185
525896972729
209412510543
985743389014
189491199289
375146004749
456230208979
675574153974
220338941621
492082515003
933807449386
753171773347
860996639815
682252154312
708874178396
287916380057
375680806489
202040222439
143034787147
409556377721
970565430981
025473657798
113298706505
546934602965
930021502019
489111550932
791069259828
538791996963
541545866906
017261948767
464675864410
919052644325
326478455410
440437482973
572240899397
395649461995
847265797256
075713112282
240029189361
546283045662
163276628852
761943291720
876142352209
634535360078
580040344219
645773306819
386274031350
414110289903
383550349570
576874486884
196695939703
048137772983
667006395688
584389395988
769941382894
217326538380
015501863083
754673642108
832273903162
864355867696
782848936599
902195691277
077765223431
126080580371
896432694023
085191489295
387007671185
605028696113
986914141943
437962092867
184695125960
559795008527
523011693367
481766212959
758523971289
737392475933
691773411582
067850627896
303166509678
143940422597
046698551311
171174480783
914827637889
926241832589
390539936694
234683527234
302048353424
741028708737
871599625263
791263101850
944933388404
380365032624
696958258181
881557288508
051339226477
514746579976
719811832658
807997608548
137834565911
040232001019
332678919597
898442467055
752434634945
030139122431
938612365250
440728227022
999842471328
549496676589
037933714517
241195210095
300876214817
916246992480
433744429334
460105525820
490336319135
560177512665
451183571406
242958890001
346700329323
762571326713
371419032694
093898768443
157109676836
899415045259
465292043103
486345660939
438851315342
662397966205
977193199800
456174114182
821789076650
986138128288
288178803224
972077026299
625656026811
921700250087
322535898598
247395688157
017860662406
389894200490
744040763234
081072794346
888433860015
267408332738
062298193643
356290537263
769307848901
262589550842
324327578486
997083810157
658347090611
240827789154
421352363355
970727443118
663658383798
524907377122
724519942177
891205898594
607289070378
331916359322
303720295878
635537623557
063946761345
532220171747
123520296665
987740836441
711041475611
837886152214
943666463679
098943787603
891941217212
950959039683
424051683879
538626641592
800817203191
371760554817
082109328584
020820200467
612766613086
231215109531
347918326339
845268658252
476256288586
642718381449
959713532058
267181418037
001521122090
388121061783
706359062391
045823676099
598027369583
390126174310
715617977299
144692809860
117307874878
547829797528
049714229121
949754259011
975223685519
303072507312
546498385681
881082720882
299165648565
564388519517
491000625510
482936358113
559934903542
021334183032
641798243184
388492411359
371025029906
174202466213
011870097126
877502306499
545034744279
172749484278
705788954238
156949928769
053961771025
811705625199
734637196130
567678647054
800239990752
331910749699
470363535290
604387887614
004035576949
414036551053
623244221398
263894206026
320266997538
000077365953
121394830220
228991180912
706735115299
321755769315
807130753560
029890619624
508736634403
724247763863
158463721118
527090985347
042801736592
231401600689
037772310606
841045102546
765150284500
636792178053
748668268160
491253187700
554217561879
774829930550
066482608009
527574211557
307472559714
528570823559
482112834274
199856854960
732722335179
064619852176
510324815633
614761024576
885362574928
075023907841
873912351725
990996334453
438764704615
997037266751
413747047047
305467511950
857484479002
576214088693
528317393277
663156719972
289088257326
526762651078
327852688197
972385163233
000485066683
645002704871
077022469787
723815755472
123345523323
205024348273
253714677130
022588640559
630660454686
250713306481
645181404497
155516247302
696058715642
565416385038
470988150119
501485484652
439918154407
624793662877
163199136688
202008413129
798621973585
107105350446
430498044913
472263788137
985734313967
311319777670
576244499789
888522954117
799010587049
050762062678
101431573704
352502229393
331302131890
716405349288
492821443280
075210073471
015428438507
710447169702
745617005502
531043230275
362534210561
038825183524
914767939279
025939950355
731020979386
237102971808
186706372394
760355506656
133052962429
770999795075
262123270670
233726004140
837830329365
587045148620
021379601329
093410765914
699924442836
640606430434
827549708720
624417378128
803350546700
426761894074
706222288763
657235744323
151088357225
945244805104
699895444714
293506180208
290695966497
980738341103
126427883690
033423189246
834968578032
970785746361
991899334728
198095596315
131126373191
219999386866
322993884348
446325651572
717859398271
826109572117
030217744396
851846468482
975475648313
477495786787
401159075398
580474325582
184507250197
247118784650
488585939990
375339401660
618019917588
167321957011
309271295870
128927261163
540796414504
130393081399
771172366381
110538315521
685498357743
621278271542
541419514058
679219545865
838484681592
662829426058
030752467540
894372342898
910091846595
497853105976
683925075921
612579490041
479183736288
528279069343
532863297090
815649070759
848886153378
363015468802
509488705011
969207410057
466674556729
289722486385
848335714896
058895062335
066286273355
012910840523
861107247524
456324735806
597420866354
960830056619
846710528871
657895478810
135883213430
115481374998
575646293493
859152427703
609448336177
324240103168
170583032444
890824850096
850304495412
788245981086
098135635061
231299992474
302578241473
018390258674
940296199699
158349725840
062082626774
865149041925
562641111659
273588367465
929420331430
978479456042
950833565737
675486786501
463056458918
518025710549
574046229331
465450567563
460207264885
696857921697
980700415479
097750567186
547508582612
455349518581
553673091268
070240405136
551108690773
923899920808
680333646235
131337914654
997854954491
550832245314
865674562946
103612865648
006715998931
277267194339
338344914621
648710494195
697728340055
396837130240
791617819400
319436183166
432790104542
753028216944
700195212494
990518269858
588328988527
552575273874
395092643955
922586312143
086065138176
293925109548
680737632751
875373248701
328139349896
597364400439
967754797746
044477335442
168840701770
540033382527
456747708232
393097035796
989728020836
987113797055
517980778046
310396822719
423940103829
289351147374
167005017133
002069855124
807885608153
985072090703
681667277537
773647142593
459015696754
506975785814
360874605958
014032692225
738487741619
545327582104
714882559026
662265168766
688453898565
679539691699
428633663177
103764784834
598421337854
513799191525
265006876440
303957020512
093559622310
538047687173
109931517253
917667770703
532547375437
396702495922
590232492562
575980967879
979085146706
022334267311
387184830947
600208955057
955191913223
105161599141
584176384012
463405091128
249869257105
642529665580
535276035771
301114364681
709955647955
742915072948
471609235323
576840255830
020122727305
272376922329
632781417028
209261159390
832689611485
522074963403
881968406300
852043244795
436073678940
539100973460
229501189140
562598745854
061756973505
183336028612
669538583389
188978166769
590004341987
825233722162
810882972009
203992407852
027879663034
527427628066
221397304652
689968640904
886748486039
337989309439
406185328010
518940647976
671446158283
724716717544
188060396450
410870790603
587471425740
745651710673
314244844690
377287666897
656584509861
440703592539
256887452531
518279557318
170746696639
218233794482
319393386543
044384809827
871990734213
776111060705
864313670125
213078638671
094199712245
745643800293
769721928573
528989642426
015102514483
092547291854
267746965026
659399845789
117483450654
556430355721
401894537896
353555870455
835364609645
171456141622
867854919482
972780414869
860076641084
251502580572
831831557490
434306716760
091913373880
827373199491
062980059912
137417111817
466000851409
224569710169
758964358208
593900068775
803122620046
398055226116
638511566995
109039603899
201110430969
373099101589
952692283220
856961914016
560758919259
460155535430
433909254545
562280449612
845460427432
151103776446
757055401481
550879376247
580152299845
185735567336
803598633324
654103904562
237912441531
239617738918
994571010100
434948047001
013426435700
234369168616
276173193101
747145936751
922793757546
384847479696
831460837507
822784455992
987793146431
821639627074
397044935282
137364484127
767592222151
532005698161
872223897248
275813076864
350624707188
304547897903
413699156291
484135365994
428230787018
938524720970
593491650904
165345434504
930249468756
304649546080
802314499478
862688873013
899962718642
022333682873
303979532450
580821138188
637020392486
766962355242
806371735765
473464956499
986013259987
707394446058
933464508983
485989719338
901575933076
665221058580
409475302441
289601268903
489724162518
953670164152
165315543930
960906435370
506508597471
785592842482
932367372769
660280863911
513085477744
283573188359
002448381867
101038043673
951382238791
646891763840
472505256687
256892234764
153654057351
473907135749
858655647364
836152069764
300392596431
689184144201
460984205827
606768778244
740243599622
673602313306
927420205333
257747701703
223888567215
456500418070
458357387786
204191426741
918327934669
732281486513
542633447869
646915830020
086315017092
724152649387
233705081461
162647042167
718875157465
254902605930
580461071877
043167324545
364763800049
903594667165
124125681926
948556642325
621274943179
754273177134
207452184225
181235450467
610144519630
252650768408
331756495126
952402894863
610264851425
770191654713
719045443290
583392878921
102196087301
552240498173
143147694404
823656861176
692074542742
786507294065
184360644136
564447729111
713990145924
553901935335
895283463057
354483628570
247634793723
710294374196
104654940342
565920927689
749084616023
845288936896
231717192411
715382505580
728382287644
368939385947
732257558745
426453101511
279811523149
475974678994
953418753017
376309775824
646413194567
588989327989
239544867862
518836619322
096303531857
775367973764
076263663204
636397656467
504594512377
457841846215
768121728425
627359060689
473142470012
987343632974
711219826641
292627466508
926620147831
604004272552
308789803036
175113127380
564467033677
726673362412
595304747723
821271833611
309759014390
946205359848
916710444669
793938348389
367033540995
650526671606
413032457918
614624412113
250149309952
579603596975
805081348963
482976335382
127239505982
204824743664
320528640061
919704456461
803845193086
570186467063
802531630688
385281029526
695328398006
825518181749
700812042054
172257091147
355765583526
849277143228
834940342167
068813625164
697452195517
720859604678
781431495276
555989670660
478521022761
592786246621
705850536465
073177640004
474899996336
323252894030
218661415840
759662152301
610054416973
812440452943
993637315818
215448072023
321038276044
950655285322
046531950884
145612605397
073548668375
871430411537
138673512828
644745089579
054202231705
027738181534
007261742201
010855479479
456402389213
811487493506
455826170702
763884953267
765316997212
427460110541
511932313320
829122418004
623886310963
471545238101
308372971669
336568273082
795426292428
271096134535
887065553567
349607547607
708063183760
554108514309
425252814908
221980098654
264785284328
589183958364
837266043250
819861155025
454006724103
461767366699
861220872011
709273692822
122723892986
124223574611
482419815281
009922688698
583791808779
381016401534
286070018024
685910803860
314465879696
953256533593
533463032426
977949654994
898575115941
782569119778
752041632294
686226561420
669299367577
722576403312
160164071910
959435239807
463913165930
785216645506
366846841843
657221933053
760685650163
468764612333
724863927974
370835674990
507764596384
066915782583
384727358453
043496040671
867072266731
396222724249
681814333229
121075713795
784694898047
046690899966
187132850294
339528351216
340471356026
424406012531
489911381124
380997488592
789353056263
841839005266
867263981285
019445466134
068601144344
218537744143
455502463197
675868915648
112640843288
838287790208
838643717072
067671951333
636259873269
481659737849
790991456099
949124842405
343250886198
265516850205
022186422240
369316413836
851740568201
149306725097
288623364589
218625957179
614378871490
964886557505
926288134826
101327127639
332549771060
758322576102
698738155124
426797069512
159805606230
179578053696
472199627775
968712714775
580544030493
343418711543
268486443153
416335395971
088225699543
376892533477
909360534440
612984752985
853390455069
548092437925
259238908349
341441827249
819935778169
017229447648
464154835347
647948641626
235759865390
853230760903
844114550583
685887755768
623551602474
315932026844
528239474684
652392684777
703414168506
766397654582
212963002672
861553606896
467054614890
155415882280
986464198210
692625147660
160633309255
625459385799
241513918403
955187311114
975763791912
781732007689
660747504501
072099121280
744414618653
330657334076
996331978350
911169161942
249466035357
598670902666
937263823394
674807841202
816797933044
680116950207
240130772872
741527685985
923989541136
881044689444
330117029709
830840545449
994276428152
522628767683
587510468311
448629827051
886834300248
863454447925
891361046239
445036652801
365871080110
212785963940
743385802038
164146675877
436787448151
570741397367
845284295083
617334019843
553539065452
829066254323
075407543550
465986240162
113465199167
224164105298
609658083743
802341105962
957299559776
963270343172
162495051295
422583529447
772342689931
374075935052
501876106840
554600517475
470202910714
960062756022
538785505707
875658617297
503944105737
700095162263
697871544478
065995681558
814726202585
856944039773
350836808227
589507779688
032661425728
709899837194
020132975512
789765602054
698684993594
180936145458
142892017638
644250320727
019810179582
008817658919
098001008098
154247111608
449584097264
859683482374
280563587637
672338484532
111640689723
100721892307
251841588423
377477565953
408432510319
040840900029
307064447932
840957402117
886730475516
503899276435
984439354649
959022284812
953776086484
125171607404
224561408318
939000144984
030242393131
733378767895
452380383839
042034723706
992231950880
938967019313
201590838374
394608706389
035550988537
870008779329
144779671626
569452565017
296311164720
430231179877
946231244332
460039911131
966454434252
229961433572
799217322598
005762306339
352865102460
892225283833
879652538017
976473708769
573639667801
607366766255
033523559545
557004883117
032841868996
685742780011
315081791547
670613658268
104131713744
402913404421
202411401271
010439956394
662839061751
933190001586
860399847339
741918632298
835758865463
315471371092
433906361910
301697209756
664439128218
415923545945
387421031415
953307548581
517952169999
648001320933
244886268212
208353583127
951473897212
008589330084
270780371641
432434462011
663229498534
842441891814
685527078914
336558587235
799814966060
576798187634
195125012260
970599644194
749247828743
844134847574
144015912202
578858299410
810194925808
551855109608
841221690092
083412648980
596896332111
916777633314
425425165563
529333337629
565171377800
710605855527
970805493945
349857411404
122275177478
728109671648
936843750687
561791366731
681454625409
064895592939
414187794447
730505740898
859748602725
302260513200
383232044004
175709740966
267944397424
121536558069
545331914044
781399593541
852787097627
840688291823
623937835486
020519955310
403081470340
013806300739
466116669051
857632079412
808955705841
873154452888
053395649654
416654290882
362833186677
422785919779
393314302000
177926180285
645845801614
145847366269
799928007608
608175395987
845438240629
334088105374
721762578452
789327232542
662837836286
064205214146
587646907553
065718362272
864244807561
865765783425
998140977594
518818291262
760162417565
317390052039
349733522990
877503968171
132791088413
401331104062
462745553149
094194295841
626985259441
237752304779
416016737444
219361892211
429863671122
850540050266
804816059257
440887492751
902115861283
670558848843
526960427688
282390818985
421673577124
140196341423
322680295224
596880069998
635391831983
736710374618
327416560330
287768808821
326340673647
305845319676
761639597186
210768087286
286698546201
704047679171
821691244700
818677136518
129515482585
461171370404
185301639460
752099848612
621988471266
804938875843
455877382870
839230461523
250597190632
751604342648
655562272593
614768950708
720420432963
027827659510
097929292021
107920398088
921627384677
982138817594
536615111248
360539350738
606610466840
469466496761
762239143227
199640188933
718161430400
067710290132
153212672956
042328163297
742684784329
766004997183
456389564299
913921751322
451598259557
665273477160
029260014650
509578546217
599833377565
274645362231
879496420363
267405762339
497417088410
850280523159
068473296490
629216453843
382563289441
045894209926
620688904461
135251545132
633020269234
134988449012
637750729299
694526494268
644925292980
724564412919
877796591550
534297277216
846587081511
369560043966
287667662762
016580996242
041931182954
471341863632
550109945405
188098647236
029966386387
955044652208
548231348994
970496533772
951356732797
535586689803
136150320916
929449131295
205752875059
977445568563
705979483516
365355173568
587828240012
732400387131
368343210537
761879607087
967408837245
972137075230
151418008235
841230361848
877368525919
378177933330
837966002833
861305857383
248673802515
093311815349
744515585830
312473385692
815693687688
461472585846
018538753496
858414777750
601785601223
332298590391
757109265248
058357518792
815024292562
603904355250
876300096875
323861516733
762673362431
828451120906
706260272816
872111296183
007140688210
264434314777
927491731644
178610629438
070421075560
902325827839
855426473648
857692692346
214695744986
540015316556
360426303809
874939598358
643987160842
446249878853
959625464223
828013707746
636895055025
359915403311
849071868729
190237704768
403674604766
278511359382
153794089186
036546790416
421253208136
892875227642
514259042806
924571007989
584322434648
665849197840
012976558897
702078680153
287180080822
473064961438
362120194696
942413413646
005817554548
984539458358
455729708722
896320628281
887336187690
429309653972
782272544705
569343835155
458348616594
429304152959
076046956192
482808221161
450957059338
495923977222
531003651680
148030886340
199608264944
647307646492
913060303305
498498508223
218949733103
464172311876
601043665928
336839878505
203450619952
094424258674
640416790343
937286465307
756658223332
600935210646
429431852188
018131162969
908589770026
893771607685
723030774749
826406899648
664865358042
594612582751
671830138880
170543082830
814884857902
140056173358
563330670514
539452536426
255228312462
402239270497
181878679926
199359721587
197446644391
936132755013
264580684419
118916331467
674022493426
209004387442
341339256188
418321165534
327285235334
490471060386
588161021775
652379557141
747949637877
394289694796
112420692384
884253729694
511301312381
570892163687
889009166157
212444654005
836154867424
670839252318
765595809547
161299142329
771584609465
038684481379
999251123840
479111376935
353701220811
036908216338
071596046480
075062748368
210633373630
792150978304
760620759733
729195265076
185794302530
894730965305
410861628056
015919788088
709128173486
731785258062
104430613421
579253887021
561723977968
228870210171
570668020603
714716620575
056675928623
363033476977
504052855559
816554315788
063342718678
452326205652
050283254058
097439259856
153843999244
357401800082
366823223657
026267154020
366241335437
081448825407
116633851439
011014425639
836321211192
102342747153
786091147889
927115770754
989112702901
298076775688
335301157099
841751851224
523150417900
231303957499
859526679922
872042039010
953599754602
319672619183
625343388093
163601914436
482125987181
874294827043
864864533913
215698452294
741193963609
607969398224
692933245789
959470367857
657247433815
924030549665
328676641544
086939081993
568996601857
004371367231
192714163154
737823347940
392833353136
828177422279
170970616530
465112975310
907489739268
244684570622
152821516729
851081082925
665831660087
812807415552
678159843332
573081556215
978560279223
447669989063
011450938755
330058374984
003276527408
912392175428
939201869294
626048079236
931253983043
548019920724
716328299501
278915170904
310387560818
461847802614
734101724226
019850809257
628142175126
066541337058
354186496621
399219705419
644752959328
641316282726
967612668543
157369975534
536183406753
442666424998
534473835554
986748373160
041832445626
367382205602
859551595454
291547497064
516228425535
482014085261
336523005342
174752320678
859792143900
902685421522
352278123008
086881797950
434899179822
755320737289
655306383983
041898922413
264067224869
541848024464
535040828852
932478220252
528591832500
690767777782
388661649839
621072675990
322018900545
078656897250
123244515944
012453983189
317843719801
140210301349
313093718476
572580943544
391392698918
605995318532
434983124334
895482742268
327313348532
626479566112
239847809817
387732985594
051497470046
977682765065
448875815872
738753276762
168825701721
275162581264
431347499841
669425066395
366692806836
271566447635
780094722330
697895692838
666938715238
273719692076
356756715510
980546863121
293155862755
206054334888
185727138673
797447948332
736441874500
845660183003
213922856018
051585411957
860235344218
547773957206
485441081017
571066165096
429028881158
770739826141
986637427497
067766656478
225828246518
179588237552
272413540966
821559465866
181060387756
201274464208
151791313360
243093638062
347350467548
372141889271
583212643459
007547601676
007844118827
180958485936
502940379334
228683739056
398770889135
631029776992
701779724075
204440573125
437209487525
162783116406
601777175996
965761715111
271069087130
362025268071
546557100272
799433165045
174810041464
558414556016
994172279829
120207472800
808004305075
744470297521
666715938437
769558071600
937709241408
911025565347
651628999115
850993361204
940506660086
934902033711
311344932631
873923068726
688313288957
004625829278
415958376652
872841555478
868644057639
358038521818
944550750254
019767299191
230158467330
715132716532
239462492521
623351433782
461776715016
347608319068
026598575936
882357268534
832802276737
071844549618
765223448017
355828684962
299303539305
687280474886
924431178667
993194408896
379978914485
072522155708
614121938435
372470941706
939244393196
567372864746
142007181677
375722655993
305089918619
873047827710
444613546659
614940548414
154185418017
924805732605
413210180251
178564762588
922769737311
986671020979
778024809513
472565449098
880491581649
879937097873
794748303834
798750450178
784850073553
643860423928
052207289715
357533131429
163317558472
834961681311
106531851049
782982267888
256056074710
717912850973
287829686860
031417001595
937394396372
504991918049
967507475484
374904580765
598893061607
844213606511
689525093173
662999929520
975239754106
149324902124
040306740319
352222148008
280406566843
285217244018
951780246207
914198492009
826489739621
431853701960
670388618838
596428746443
565358592501
861317049664
089351030566
004851568578
739082541080
229404632887
995019603243
830247119027
671721007993
052011601125
117430013367
946844992319
822326285348
845178291008
649851543681
632669222192
043572442950
874417786683
593202719761
086972960683
058545267527
833537491514
607194094148
142752253352
650707181874
428747605812
993249930254
256547862319
230079576437
340980313755
230361841508
130734353067
018372789731
919502779564
267204630515
002161011135
512060487971
451046576815
511112634381
374361212058
467042398601
190182407346
673999938064
384001088131
747469830694
106470256205
558046439942
118446314080
409830519004
539091693789
110025420084
566837254032
170557806414
503750424391
537363345988
870009135095
921874567686
785062269787
510473809078
517107318411
130952907786
540607141729
134857279635
720737178420
181183790865
728254041845
384770641663
207971780039
711021727834
432972649083
549091133530
127545718195
496433053586
563505459773
369571060523
695908576969
587501221595
150393899928
844851698216
957358643406
475912087430
973907545277
130062073575
410985228141
027536458150
996534463510
941104367648
809451953303
857938641744
282793887822
968515319906
465113653445
392635558675
557586460691
751243697776
817874262078
598820643941
000671896201
885582505391
033828759871
125377860084
463535680026
440577648862
253438655717
197496336356
194506905733
300319136811
013035566307
889999392557
858373510166
221575853702
041475489908
751141348633
619347028855
868875055551
762257555941
362927827297
488197828739
921913055311
363746669055
898244915513
136492196554
906896563921
377655987211
799299828798
574434478143
857453458834
351528331635
644570264298
638172649306
186340166941
545114417042
451058714863
705799529557
207098707144
666617561862
900009851964
736877624920
319142028165
344576161740
838883452405
479885806751
533103973495
308189512751
203676393622
918020504342
352718401455
024085162610
853795594221
577132849863
583087170303
014994475549
208726656585
966625115106
429810572164
616403172223
485434319797
280421253410
558442846959
015507874884
283644186553
720029149888
352118498987
607181996437
738229372952
266760136341
509689877074
442401951880
536171558523
246680501504
278568704113
072199139891
588059170375
100919159368
255094191009
305304129975
664251091717
437741870563
822294514834
686335584877
691514307201
148647244807
331600925050
689698608925
118895921173
305359655634
241061088043
386026479305
255645739951
887676300861
282081950501
415449124621
178254367366
369573668220
102560074468
207740458107
678047079735
633235163210
622199275298
287475982166
139796385577
762897333127
471037112471
210999420828
930165343908
011768838276
260258299759
433905936094
774947208968
412237749981
345441387150
430109049517
949711294541
743317903282
435625425681
237940233878
570313097611
771159180838
688774639242
195052187066
560589462063
237689573302
510626996296
713316909018
576826655067
195570040725
866971771223
031856009778
213593686970
638016371693
072349880513
519429759315
347870052787
612642365650
744348208411
567948534018
161911746940
355405681939
603630032433
957541942333
427594356161
070912369188
442505536820
521280121265
852038843109
771638410856
401045714914
276417921395
764150837451
758582700408
488000028548
253992811505
883313042278
757782441942
240294973335
069180865483
235461177492
521456938720
033861941586
446686720030
347223169069
553424913598
175632330809
271902102193
922387248162
290023045942
621071329685
148765839382
120843441769
696840087285
813675007698
529286973265
229958208984
685918600033
587186248290
441374565917
512360221891
946029469274
425752202924
291049858046
988345604562
922212638409
146911654156
480052384901
492302176452
949850683484
306550568840
621058710150
438606542740
109567308771
662533154050
384333053221
669515804982
263777012043
119266817434
279330261601
503861827341
456681049464
367906876040
117995534494
158510015798
486343028358
853508526181
690163878340
439144354382
110633727120
354925008233
788101502471
220395879698
589178146804
194400451559
079219845154
593330304994
363292174505
430415860498
628805535549
153026451326
988000395017
206554988902
731216163748
583353884671
038144648348
932038910620
010259999577
610146983689
189889102682
913415662305
578516004954
521464190159
233553506208
104929962659
817946617691
150180339242
917506434584
392338310969
013855537615
068796374896
767437970711
511310270354
607798918463
715180278272
260212853464
225826096074
245896860808
106753241422
315337028173
303160418607
505153241136
238730819736
942907789880
095714865576
049745344649
092986142312
996648824865
533776951001
625870101268
033008669289
884332500925
710799585029
186304771474
724340554818
883324450287
896252342466
968253443828
352486086672
722223345641
381512339956
138419650753
735480888842
004782409243
413947510570
311195443656
649215813000
092250054991
242459604068
263496011377
311928749915
565127649072
026579909796
129195386960
947876684418
359869677400
208006019073
511690774654
220486155366
576758219108
849836942147
659168514036
723829133136
055953682688
425760550956
865051806124
151929350773
309962494691
891597655379
813412624772
516469968796
740742810068
136557360370
854554692866
352634187212
550442727550
594647913274
683857515260
969244637053
795461892435
555424864801
504089491120
711349332321
510369419250
913514139834
123115397967
258194959145
416584857298
355665670164
705601766147
097161021760
528704507573
894165437959
390135185190
240575232784
784330948291
499956448715
361302250285
809592673799
409472002180
470110907505
614882617210
922922213744
838344977036
601505072343
394627388085
522214832486
229908089716
916478418376
903078008738
471176183788
499274417864
087889354066
958355789756
070251670112
095622566458
240200864116
945444466022
480557598754
134018137745
063816741510
764464841696
613905430297
704978102665
485283165231
525222259358
794782127996
650790514459
460796631406
279212444016
382343818805
562725412047
907782840383
757868909134
551376742316
922104741311
287223866831
535485171199
188336242598
959509228182
747217663132
991892579225
873068596377
776530891725
895886059588
065636519853
904330904177
225454552915
873772649125
411683708537
989295692410
962177171989
821287409295
359804387459
254246457208
593940829075
877809767187
136189810105
042818244715
911591898167
037596817394
821058281438
510747939426
912382769837
986169503229
262036171213
518612016430
995189392642
569494086373
746366286358
008832639340
642552022593
903356553651
698837118594
545063428440
239115734943
432977306461
561827375278
650468407359
696867609521
252710585600
305392002318
611281620562
639111992449
790276360617
250448426655
133602716592
298617584863
055116606567
491932369191
274970376805
528211855874
916994769909
105634136008
062545345901
909185973239
473032354451
725808211117
576751161017
730557725321
407502109316
049389808858
662777756644
932841700319
604629098753
522305726712
952869023204
459316311267
687570156069
001383939042
916938999621
772669736533
593673514633
605257627032
071674930690
122698370513
689506087015
156118792557
623024491476
375489496395
095506693020
589517109508
997887672922
714835452926
938686195055
955216453884
849185008170
833079191176
850232164595
260106888896
508167994732
377547982017
094951484153
644552799863
400582637052
996172439302
055300446336
204764482824
038381806141
780364196194
709070771796
570147626885
894385098017
223480566837
340412383746
689378490888
579958048680
670677441861
870086785010
300265192863
028068680316
413674122075
376958426590
429675963064
790356610654
507709210119
455229974422
416124937921
671854863539
585116631237
540687498781
517917986235
313714178866
849149339561
254902615471
465393221360
860859462449
058921808485
636220112548
007256206686
926606714436
268109481686
864385928428
647849724506
962774887503
414083418207
428932794369
222839026741
991355431218
955341162076
590097524140
711754025875
136036006535
283994829566
707180948976
702255936958
192177405370
551751504412
188330046252
141663427350
709044919622
897809361965
186736402709
822786754842
788856797928
947184811944
549107398447
883456973146
548657282691
533454790463
444490181758
264341885581
452674870817
019153382680
020216714517
865629542605
499230416786
533479538440
121742748749
418610619717
637741605802
513704332000
671223535830
744949775338
121962491323
090689932924
420321266304
271072043369
706756909290
072760743428
329981735209
835452341443
266980931573
804038102421
324471268050
990812009021
489965704480
158894102473
036652296290
332873192855
361877386325
642712613283
662446857794
787948772786
282723849354
900559874828
832710813437
068055491766
468119728733
480458262192
015458031779
713590563682
176265429507
917037327719
948232122651
200534698135
005710604856
200131809561
279092864417
084730454952
140638745446
455281050077
337542220856
526934770774
444349986482
700349533686
441395070979
948432049102
478557284021
421157986740
191626741159
858932927546
348924538954
902457091491
851639606025
056025069217
629495065886
494622643531
712947596378
493227774465
073329647029
484520675394
301488592990
985872793863
347035675085
472169154012
549814583556
865904889031
652879222204
535706956792
954627942219
821396440190
689859592048
561995133772
245826597241
866499208383
138459116882
218999890455
581349022017
771436806796
631466506174
465030488871
571377172570
496969746290
136671940062
979809095297
187061888468
804470392277
261694387104
023442761943
305222402451
754590237233
187726600095
831937612808
697839516794
403817038225
812440145169
031313394753
686859422002
196679337929
786774643015
953097823826
502827070328
330463981614
737636694622
219483501706
504763486450
635874323378
199006803911
171406776635
248133217016
828582646079
587007168793
012057429106
467683194708
163092199428
402869959985
111402080470
993138947839
456367582156
203479520683
556249312759
657332500221
513130872602
884932990168
376912530363
850849064964
061374235169
505111887725
357801022590
392100860646
627635210944
055996420980
804617406675
135589578802
675815147953
956685225367
677945494876
741421386204
454730743511
181537109183
440332510895
180423805677
945302568968
336588348338
310015022746
325222770780
652973710239
414541815466
594073917692
710575324362
531540335051
404702776474
741936605273
612677614118
219684438413
292870910086
427198510357
571613891592
821557758580
543288913649
696550393529
568206372449
541460929217
780206168780
928594843638
914593305413
275814558150
496087607911
386940269894
259988745805
118777028413
544146428143
760799072923
119754213784
840297237685
902264409000
331026926485
901477707861
746615305452
363116190035
386814218120
303799222320
829577850608
051301877311
495105252932
795890369846
562803708785
835724198610
471380427813
678844127431
740736482974
865565360788
490334689125
354676614555
477243460220
385143760253
602696577731
516911224024
675256221941
716742560753
881431002945
796810679999
050641709464
140254435480
430164935861
322150088239
459017906049
887661300026
379994256927
385152063010
246382032705
861134031767
014070849970
302809031658
604298787741
730419811994
705562563393
996800136296
320241441825
094122705072
665550637280
469140777817
649275214128
888753941766
099624629436
467214287651
670485621801
915719664515
962469740305
841111578592
881070331769
277716353073
598815859845
418930470122
375380052773
947987781504
065724822859
634917686885
282873304769
364271522346
762310891369
669920720191
750331963173
411731616014
115706758661
049612563254
456648730117
443715164795
274870905613
415753883581
205355434300
686378973518
347025558076
317441346306
279419120841
061643172594
327124954741
506787943297
114245123572
151477977326
510732204234
401228878962
939106602517
907945289676
231593066117
007424116882
947188382617
895927819292
494689606165
035104108549
027016899775
277634810988
895382626801
000459077114
016652795710
213377213667
432001097223
583737875147
515842068322
327632961257
963042270232
397161410377
766862326903
438785096776
981956256241
655659809420
160933551997
647876493417
248226383352
588360603821
948959254491
543731481042
206595207134
804023924371
083986979857
270006226670
232561715483
308574869226
168510790093
695171487106
209719989129
979026410275
751029310965
935624633708
231299461812
921737669189
677866544075
704046046064
180852320581
820844328829
242552231657
260689713347
352651536386
616265003408
907047516526
902150455104
131406226660
220074657103
292776529823
676689228733
369674156826
450871427714
782333346487
843641576961
719419303608
076275977571
888214456549
216157759711
309748404542
456666267669
107311643753
233261509213
652763678349
043288094726
890155280351
067454962102
070345496961
331029951115
640154066775
976242757732
917352808452
184050016572
012177310066
875726904701
719886712634
865100517225
491930558583
683197308673
902485282000
301159108016
008672090580
862619189295
690750153304
641993569677
594152852389
676495849814
217919665164
528850812319
918047851924
049454429113
754522264084
136595927828
093547396673
236336821207
201180595054
097207346821
823241086655
689546785450
568207037040
214464649410
553434737667
576323775241
519447845089
528502603220
524528226114
539861728739
216958383299
676887009092
973595234299
350660666797
258716014058
449008496569
132863018092
723648417749
911898406660
217013014866
396990783242
829169314432
834954706242
985808769338
777017808430
130046057338
505777637827
492325085810
343036013210
892186511582
110164086751
163274443710
142863057544
967728124106
048173882396
795385013494
371328225600
959611868695
700073696398
997481549292
072926421572
233568885776
546181520049
096783631049
000398934471
254225269642
000524812147
020306449697
143542624483
021953310552
670286324665
122551943301
362687368940
285848280889
507071256317
502978258391
146914896148
424456978032
806855306196
263029961037
998000876620
621392625301
870531907186
696746198143
623148083155
215271426816
491080444159
535080021798
149137758821
275351922782
688512338642
124876750353
746584313157
942148112771
752619862035
777449459764
433048018310
344287545210
460781442192
535961877823
513954589539
837072958540
102766257999
043788478678
546998444353
695863666318
305917092640
231051544719
030634560790
205016324578
226911217205
051163803188
777003954258
440872933403
377198623337
818845119965
597834870413
506835086727
198539608577
654549190676
935457028830
640801151772
134485902245
889861999900
277894228947
445302334673
102337302459
815048449658
009230870449
070827578584
145703911384
739390314055
947177786167
022137238762
517189543028
592209338649
072921037616
347865571361
066931351587
813679694529
694797956981
198217268687
897203467032
047158171288
446074869079
824349723795
163924485531
357567940194
637937186997
465142053749
244149744934
757359418396
314901118600
869481433668
386038414241
408931329834
654980883102
563535597202
471064883371
219169547850
715144542474
442314207024
622471406774
657420600850
043636578047
171161797613
331187950740
401200423807
623217534526
845040490658
356608034544
533629597552
741456078582
828700049018
893314564616
691943751278
733642515724
626354660691
751686141012
444260673971
746113976929
082024491618
596079120214
204656509596
682563615161
794077749648
905866661972
120585392128
726429588500
187253265924
561798992920
394324833028
700277530480
565967214243
049855028163
149249303459
338312017084
207626505511
637444114262
429411333971
334550422525
552093745939
743540891078
327090650737
270736094253
533934445819
476216680854
568158932107
341192828964
077395492602
783067245159
954492676750
326263392330
610292725712
384177389996
410608473933
406650836562
748962892461
048418077638
689415777839
422600582788
156289102311
832116842885
421113269654
134825304815
707119149130
207514165675
468138940366
175045017835
676955378342
903270411483
583130605319
779105693645
201474086922
788888518752
632033191032
841312754579
690795945270
694716247878
385501629913
769310355492
912037369095
097383104520
413046220945
289683324564
112819485563
340879472206
488234374020
484788975551
817576509687
406657355722
630867043202
656023868580
319199819119
027170154716
959200894583
936220699920
458005621299
852255461956
592800810989
878586974946
033930258667
829779866047
514756793778
285072677667
065380976050
930001007218
428082658814
683820371020
524749262971
644761837823
511980799134
530934886181
557045212680
026806806469
199267122643
238458686177
772007475120
285884129309
575958017038
327073320907
911326888522
909740465629
327016656462
287744663327
238181226625
711235684643
228038153126
719819937053
205850173952
840464827606
607217096517
960683474043
860994596728
215093625336
583395876951
689402113276
849515937872
852032114189
220283690761
254009654072
148292776991
373339746315
184656966487
608590218506
702306638755
239448201976
534275043496
089739110977
934261631436
279224800487
185773659551
322184872045
725302995555
344972849892
102682151406
651894811904
993940135657
096908615034
810290379938
932619192108
934124044651
273858958430
482501311971
176416331741
269885778695
215974783345
622159165900
695358502455
881737145765
136137796868
490054500895
809240885255
095958669359
019534138965
536807100237
134897070761
138977299006
374442103251
930548535906
351537466077
827069134370
761270080151
132144298218
867257870857
570346277466
641486582267
745319547306
821747105194
224553083065
165957893929
226453546877
570823439407
147548615773
174974121919
851884218926
939325379678
255469500725
215894531835
023945054067
854480719903
093669635914
037493596536
678643718619
931445799318
656588716046
741203634982
922342028315
524453932153
711253084905
312796594087
945400643922
244638638325
771989816814
139541377298
018263627377
076413820326
112629535633
191528482631
457431562870
613333715115
781455931864
541765906950
408318581354
170873695589
914518845369
703342513981
278013387983
814310860760
493490607073
559458230239
288685325050
970003364725
829979604874
179377926881
248185121669
285398319954
316603038008
979502725382
399132351617
138074282828
926927171824
559434126563
588627218225
005617810620
862672529890
058801390486
494497857302
263903531317
533279175837
468001237497
818965107321
548931521865
597956826314
249813940618
640237321460
505144181708
294586280262
574563849142
943121488470
610295261292
066532394234
760146194725
922872265867
699570080915
519408649178
222386128204
759890888711
609218113813
907577885165
087898415727
194224387269
075269646853
508788223294
616147487192
333971756404
871604643386
529375860343
315663635878
255190428103
377453421529
300290154237
942363208435
128704582717
185184684672
188103940895
832072562591
774059737195
038564607998
192430609162
632625764762
657984787683
158996003676
302816822064
742266350404
074548492005
125294406366
007905245188
975850142143
131060313217
185239832365
461986092775
434573851626
260785486437
031217426062
524332239185
032630505508
896291652312
899032207434
164372962651
592906259501
004796478904
376918556437
795398644251
551851375763
325443393347
597057943348
854758325203
135392770156
423290995684
237454530338
105020357327
115997746571
272150218739
499515439050
084658315802
540839127583
442229628222
132291142108
706778326648
926778872244
517405475187
007464037003
542127782883
035811067836
782966331501
534462709288
552059678674
842199994403
926111944665
465481769542
717228967824
246699026777
173735929705
442791379587
295340322411
863032873430
266747111828
147948206918
494235936358
340437862793
219414430399
626205950409
092774070100
658571649408
856868899794
697004569046
365074556388
602518606028
907652426323
839923348561
805091023097
190379235834
392054545141
964272387942
157629631369
642825282583
225233468862
779970706910
514174346105
813285671716
827239336112
632111093584
106789159706
827255441077
876050042556
657097981051
186429345251
352541027188
720479766139
262607429225
562921802238
617190137915
349602824285
041221074677
898462451144
160113163151
661963028287
852166833160
207375750399
704285236822
456869722910
930964369780
868542504367
433579197575
121992535321
020610976844
985589720907
634084390885
524203515273
014969681236
545139140872
532251890864
883473049556
869206598143
865882378155
389330973817
913989462971
138713967809
244650745990
019620295799
040016606065
343535643140
057343287932
402479510692
025248505711
948733395357
135766164692
885567780229
979035588754
073026537017
802080332397
649439673404
596300961624
127343299805
894264328456
013998205507
305526925015
981012872367
183712731827
828911539321
536985892581
372057087969
204342967943
506773073389
706974676877
147314594288
309085145732
603469050064
988368893647
357704268287
336308807748
730868853363
524903917291
480928915866
726690192404
951381447173
261618897289
480032087720
907186460076
812922242929
770706807865
494903388526
881048615373
922050415352
725521620479
841589134488
719743016598
610573465774
808455444720
452633574904
472528825648
891892284287
324571800951
536624525267
045853603227
823443722532
130411370746
589679449640
847839178239
775801214603
320190405442
567353101771
801110849763
341046112033
870152832802
780997411698
295546969715
889966416480
371280980350
826230580645
698440352502
794492216319
191409382845
364318328590
770822971958
237832034150
513031814370
373730919771
380345490657
379775338855
865519848415
438006259715
116879222014
367208633669
066066301518
121784955473
934837229027
930056976808
958227791207
224026641696
088812892536
074842969982
313122432944
641034906175
211495875661
240257066330
278386746868
105175038829
548827162196
452023021528
054112834727
248791539327
267097765399
826583314072
138473058428
145868763969
517514768431
488433531677
286332997139
648369992841
580255049298
606830362082
076583399319
294949705660
124200813847
446425429611
469803893468
044191078132
613248789710
766968161776
179270820034
184121404941
213829864393
295072098968
760598229764
560423943103
617681728918
394554572054
257076134084
535202566109
440189770973
191059173884
962700605083
033225011519
438153796050
745857595320
998168907855
749442185372
626684577324
467107131502
152650819216
653367722787
269790239899
563244420283
987887270734
747164094066
530367911692
380381954864
288677407473
565299455594
795525918709
208420235180
476318436465
103941046781
125430650071
469795991411
871376908529
651640909273
453492946063
762220933464
169964850183
239411146735
715945855952
399478631849
911492317422
108869919902
989104846954
403444538056
782923866556
972490828098
470910329795
853055447158
709583449803
377608544104
970427763554
833987054018
310930335847
907401565631
634292570030
158073870324
713147960390
513921141907
042697009970
756177621569
006478990887
085606675480
473080995688
849113688359
535026201732
745719558710
413202643163
204161738496
089542873818
049216142950
181368656089
117371707830
339784853998
434103918852
300262365985
072142181307
415206298863
304165480990
875609046452
513759411936
458865314283
118468625325
054242032969
996880519674
451559148379
545000141283
931667223956
146133868677
298982318848
140285175220
470255692728
213741911613
572933497663
303025537724
084455152291
689660815680
317476768715
400508791449
659890879488
481928401402
796023270784
027256014216
804017375148
083396866551
995552803912
246052082228
494136033241
817794035717
815008068805
309168250525
490045888083
101774420326
667783579253
129633015058
217580794472
509023497130
707955929224
829797666441
998177540613
912976461875
092740479574
709667400963
751284543925
694434364008
659885611401
670795607965
301333179262
589456707789
085250711595
585166891852
805400595366
210686389690
108221986012
374698870457
140716717482
395505304535
627736089549
318564770781
892186134231
461377377717
166370822237
570470883793
889710991020
980769415647
464338745350
920444093000
994270472059
885852920851
351324449268
083374180678
324295927992
438024988359
374305953779
297583235811
555723522694
610650383294
573268033812
515465563735
187747898303
737461789301
842684903214
477979988880
071451499471
955423472318
978618667652
317946066246
452644012594
293380745429
846233384605
785889869463
124749972578
257214639561
302324246679
875414993943
677936819563
016905495631
903877861486
297239621028
695694741057
452355559874
322259578783
105761916886
527626274895
361294297837
936971811146
787014754981
857953359314
177117452249
832376370176
166816085642
150872782015
765731391942
070437473345
120101128054
137339598736
887762134202
013453685033
946795322766
417104861335
736721443066
201857529815
716413353352
673375255404
626316926843
037151162922
656633752745
174091182524
803149150205
362091882550
153123319405
483025287049
549835441200
109577366054
126173267795
722672088033
124695393308
762375239177
673982274360
760246276144
126067880725
798497056398
598438976245
052406094114
742128412405
751964188181
207315308691
197561290025
677786772734
973416040755
113854604305
781699102270
087943558259
286232965260
653375839788
449770914222
891673493224
045642148157
450216966381
706061280901
166972990250
723644814642
278329117609
211685393969
566381820599
789354950329
439627761308
103983854517
931972950458
477059640472
167758525997
243547003143
640289903891
954349321011
645903687420
978691392919
311552491517
206321965274
620017800030
512911616619
991226706253
446421591443
016785997630
907348232498
337140512138
104011230348
973989391357
047710194005
786682842148
725770526117
032984069714
647236193843
877020633803
918796075361
545663123554
725329894907
369626221032
732016252125
148091358611
003502717033
594761122259
257391829632
926587720360
424800339553
038009073558
967062795321
069641867587
805049390790
142576344254
661934852101
454743772236
453946316888
815448457937
825361913841
226948310675
653536213194
574519443477
245503217595
587253094966
499710313617
160456834421
125375164986
805926304298
886769843814
168189405956
199557765865
764529691160
696809933493
430556905776
339804714559
010947908290
317234572262
397682500287
812589120096
461288020048
139469871196
923590360851
436576953665
434131960875
951802829133
499845677794
746748513519
220623155385
488240094554
791915567519
524434876230
128565058554
561088726561
823630831861
186313672743
327092661156
677147859968
745924189665
213536757377
179309993734
970470201653
616977251706
055567093470
311205539895
427240135795
959284060977
345347496784
130371643203
857875500698
379246991145
748509117668
239773226019
157291091128
602024571618
368665212446
565374407472
676559795464
049617272228
420928442057
885410789360
301360365355
747198399994
734333481142
727313077978
753832995835
438124498235
232150370839
993538936748
493897835324
719496928372
481144847264
501405031770
214180182269
908885797702
495570734563
657944358155
967338618237
777931183284
116284302749
937606568867
545395523164
669201432188
266864804016
533282772817
520948296140
734619236902
303853355535
287164732314
028816952419
648863148014
266065150867
682066960379
057738770513
214792673131
660382173791
783184061660
655014966062
444381112989
258541673096
537851655675
675596305237
961327904651
061069909378
269798577546
696531648121
900067301623
521481997311
378211804416
762338055812
690642295321
543975551533
228125866168
481392399294
876378097614
996098858283
464580157648
148090053977
283401350507
533391347694
165578370710
824844898843
443115622798
882785456269
006997616110
494058840951
768424882578
322008153752
320999594682
602379051017
219540318384
878547629935
077714890098
721042514299
644018396584
447206374945
616948263802
732513869448
583758531704
110809200598
615630372250
317599274999
179458990780
506174049436
141615547527
851790951007
163716743224
968985836629
633207845717
262945761045
010671469415
522151013282
733099660295
510013986334
222926106931
503634091076
657647794755
236879509085
889987381780
479406288242
153004034658
097141498293
406352799542
951944637929
727000971594
799748335673
293099722460
235912630086
886454822401
980253781660
426676581086
521232156947
233650461344
636852315533
445570843600
563231638460
133523423859
603887387070
742730309728
832416982197
636051067542
638736970191
317963866803
157875997135
133998282858
688280780364
714084318857
276726456772
585117016025
718253215523
439339351401
336868980770
512586564195
016308298720
111845962473
763324172500
201612262890
563851739170
401338251866
798990727365
160530125707
409208458876
601406452314
263203420113
472882403410
721321056056
047497638748
008616045572
889820142052
774294596656
425036305163
990842364508
984243212996
846713494447
723761240671
855648652579
367566392640
840547363595
260906884146
213812359131
887884136896
976002923322
473736877333
301757854253
963266372477
931266636192
969388158034
414833143315
399204643217
059186715738
390414240314
293416826014
717422184308
843682948462
481510562618
893507476342
714672256767
228494280153
017425795431
028413833402
717293835183
014670691215
774490048416
171409060674
722176319435
057299165747
187441794913
729464946420
494693217835
946842093563
849524028019
604159893823
402488591264
966884117844
376514307459
320128219886
965242353388
112447665476
636589849086
808187868887
081536103016
189661478131
016307966018
574559357443
026943354026
562631584491
661221740330
535066507623
918575257131
181160565379
687339997229
038784167408
634444092330
996586065217
580997505821
159479878463
024388325473
910715317348
602165671410
348190558802
972742821872
903415027266
874180929842
722260818841
819611038059
651180876556
316883861179
400699811803
724148736471
814595915873
594424802397
807681675799
873638633327
920961513891
977556971519
406070075382
761488570974
455356316835
601543901815
031952447731
804331143521
121540183705
261226263243
801084202272
884547626997
200362394298
901620214592
537633925259
641260617697
341063637453
703419077472
718840633823
500978124983
014944535802
375974899427
558578170895
162589641647
792810990143
448679052125
013554099067
735444427455
811454115905
161441477279
556756869234
810945297433
053433595726
736069857802
601161976248
019420261576
893602966047
316107246694
501317231234
324477849568
089259843707
206219024189
055946025036
420390633303
281234441328
596575343349
403387400208
323760643882
094765740150
495196373256
350105989335
890303554981
711199366139
748221989713
760955047306
267123204014
121486172493
841686287747
959653930570
307506248514
888462233864
142647007732
491704447481
864997901468
978200430681
251100273409
200797982732
457817381455
752481878686
849340365636
227496149303
700443994090
771839585079
006087332014
484382478748
972393734872
645374558113
278764359412
908222526693
270876824768
834497262952
488085670085
429867228646
114063887331
680653852486
711644607857
265294850896
009556056098
609192309849
506298749944
150475119640
950849771553
186798506726
823887093274
416430534772
260880027865
191580302786
875762811609
450874136696
479973634335
739638567575
426370130533
086556235870
574391455572
995637481619
035635770718
136248023254
595734991024
831887011699
290119597735
696327571192
631242334362
349867705565
200374702877
964760604412
477937040199
060547465724
221385763278
917791853804
651737775320
274368874467
178662551307
256121136091
013038564528
903089932796
603728245989
915254470002
702560247003
075574635537
644606046362
139603206309
395757142926
739906954483
894914408556
930522075652
612100929786
706445588640
714195716414
199049216546
241323661369
698098819738
956983645187
636984970857
346679179919
136322045083
292856235684
386184031692
708805672333
793963292267
798471129196
835857643142
243331374256
454758795051
809526055845
273424787522
465228553313
246065883165
853344770938
720705530347
280349910124
628083145811
874441859731
982738072973
654622467954
184344665774
886356947162
179181685412
997554245688
222413182940
844486075313
582769221605
248404991269
461077363310
661925254805
048599509933
606542251417
417385573413
020225636715
589801775651
619982963547
588572161836
246304494239
052157311791
784426751887
665792341476
758877220914
378717762501
807824030249
496290578205
836257534793
565332263021
121646937466
091496099028
079110183170
564916959322
630964856921
160160916815
648884053066
536145749718
166090483171
286472279514
553103793440
568054834646
301982802560
590405504993
711365514123
312820597130
841818030651
517927291197
401526903107
240200865000
092859597586
431199262025
581155905720
107574751400
843820873230
357192998031
105241515825
753544221349
926145499026
725137564205
228577486712
794776393448
514591383121
677230593205
153519909480
310343391269
788072382445
390621003897
844642800383
377434316402
635473315053
151471061455
646456133064
003997827213
601011819189
017822661052
505121171360
726912314859
719459368137
995921760055
970996533268
011360708247
149011823525
647497226508
148286157068
108885508670
782017739215
904168953569
918881477706
460662545352
903843599610
776952013090
428652868680
678419921470
384792854897
873604070561
597911546054
264078628206
558097050398
612942229523
138904436703
771327676130
874720313962
349314802629
708306816760
214394131170
451099059864
225967183559
029424891894
542566573387
756879898164
103717197661
631999360107
490874667225
275330139240
111115126131
682891528363
867359104410
031248783931
035626607306
502715178507
925680216840
302082567709
266684012364
356020187840
171985758223
902887150599
904108794013
433938232630
119093006844
324763621319
560795691093
529579337817
698910281122
226736637797
289365643925
124584381339
226907787714
136983545750
143988110193
020074149561
023145217026
555565122859
977217839920
991809449105
948023975756
485443634340
577860913094
164106556790
911619701703
788416004731
439311105444
120237751505
177631380535
088758244803
256647771244
108750704537
330233197262
444468969886
240214044560
059583667077
217088863988
154696036154
474956627057
688996234663
727998370928
566266697412
376841348320
986763128234
521616736804
669272827987
582193108133
323088021115
672730429500
293485947249
108709900191
599566454256
069497079322
721613744409
279749737257
263704396808
482610129999
748918010980
778004822399
972732646556
861188520626
502594219553
054409217696
254451389723
652767328817
007837626145
583746863487
893303779859
117485951204
562506362401
121508471067
012340627793
843585731588
203556899127
849948969488
940863355858
951779904775
594711305489
910861107583
479025835637
529591941122
696089675306
915170672977
965766832706
793068783877
409755043529
702535226214
151508965268
903540183981
919625797517
088120924145
871595740223
012080066967
255719673931
816619676685
719239113287
246954513521
198659538177
488091433561
503843302394
145654402664
649626600419
426587096053
666054588882
965610494462
994778441856
566801045667
047406679868
384047908990
004665280237
237281944766
567232462495
939052594554
006990094920
543906047400
605780603479
008724984716
508250200473
924174763301
972301411216
610801458043
815097100618
444302669649
048564554983
680722749235
316828611015
797144833680
639053001164
314053772976
375258441235
664925977470
333374215304
790451258579
355454213842
153487394975
253775348371
806110944479
241576559434
429763339876
507034777248
992432829195
941555962807
878074753012
123267298063
638961187509
230424951939
697497663850
769134770812
011398592610
591169041120
544910266680
650558508277
771513523334
666894904202
048087697268
558654590632
261752279318
478504123114
233086834893
812550740691
063800924400
806581593622
112647487298
255593491207
918026429355
227213021061
031913166343
337785336224
427140113683
942971695380
564281137316
360354838121
867312581621
362113633703
698406485500
109923713734
357099983513
139121495320
824297788606
544382236121
458289878428
170409986103
408652890067
630725708401
445601520510
666266337110
854818300493
419891227273
599304038298
819772552090
908127210571
525220710181
272711773661
512461467789
254104912968
319508203924
677842777760
625441192310
652667898581
353937233114
282103701899
494902675981
313818102879
565064266808
604955353076
577514205151
740567293013
412627079146
271695998326
809745568587
235837484807
752834115446
283123835114
745302609863
279177789640
207820459786
986336714695
421411095293
561101117798
510583208256
219078170562
241346686881
038392983808
874466678842
936591404422
825409796029
675269924002
559397260603
370334876910
518983143869
452373904560
814230303900
091243253371
985941805805
934805129002
195268437787
415738511249
229972757317
574495318619
947048756972
206683472251
214079055360
718408140889
300326268166
962668484017
305895631229
450997295601
579831284318
472367315496
949427724638
049195064057
353849917941
582172801134
484031730746
251824668724
978558963188
113496222131
947994005056
913259502541
772460138523
582360448145
426844116263
401513284475
428850870910
483176960258
497600144880
395926023497
966685806827
093643954752
329644051102
454278112989
101128108332
274513272859
359910098398
703664481234
081485914789
692751236337
877350184800
858035477870
426708622401
940628142700
131064684594
464607877852
707889266421
968242472170
328494343510
142501835841
218240083568
579841948606
659976850686
486630225775
474973754049
051845166082
467189059606
264395520276
961330257495
752830502763
989011502933
467890618360
604213278001
374250929268
202596390919
458178790275
738256122171
199895557428
010596759654
167374939069
114991540415
407895486431
137771211861
218697745726
658808988164
725881454776
791433101023
536115828986
419709388030
461735342383
457493788964
949717756560
094600604722
326716886799
947656457028
683161725973
570215644641
976427043472
023342004389
297297599817
248637293811
613163920261
129634772432
099924592995
629068375341
969064018011
820046409401
922460274452
557847809210
456768310958
678815660385
661312808803
728913164899
123197693001
617990095631
462712004680
236531045647
949131300466
022699279077
541390725285
064108288102
987052813115
774598228927
412022869051
163736332972
403835893306
816396317440
390163297693
445440818074
038177349536
565972133913
590338435346
979673619496
541902783076
260969066330
242961328035
387515097965
338495363352
282870865462
581374563983
077292938243
110350016094
140819759628
925777033374
651203081399
920656628473
202332086122
938231924291
074035819307
827407041251
503057669538
385359165696
172298913577
256322992863
580028778740
451044450128
224823797738
705071069287
209343576705
774630185685
636331099778
123199682979
111790717272
818738582191
195543822054
274521854346
384251122654
287992014952
773476626611
055533212264
786556653847
157748705816
257276072485
609325222052
219031469370
090620961416
718199411245
020242767928
624407256598
319366733318
593069023898
088587096164
267073901837
617419045444
986022378450
941666930956
016463278008
217549407865
097764621470
343435927601
710746016803
896786552915
555370259619
092259101043
284391245758
465368749314
979207628845
959948118874
802925662682
589041081382
401124743051
005216770447
336586402264
051858353887
694120077616
561625680183
605179996528
837788565769
673349805296
327542857683
463526156297
653783540282
321894953908
792868648126
559395474222
569537747721
067201137389
070779166584
325149321495
774753979588
352348980008
275515556564
851591211035
951185451973
399525876722
256079262110
942733303366
602311393027
339696603158
808873920567
505811666617
503141929358
328830519876
248854128033
254162690321
492163083744
484537985222
583481597294
204507482853
974766125040
739723099962
245443199671
916449182856
934153810689
955534452730
024573597275
348035410346
421897767133
472635847846
215300483160
714255416897
063655172350
576001521928
200279350014
811239566122
487673759902
629577608590
258459959246
714257698897
165083528701
137149633386
730424361966
945362653266
537132814905
159955892404
054785372685
493084781285
967306013890
158574366077
825112280902
355776431350
695733528973
376909263783
893087918170
287537361026
113493039243
541500744567
284368916794
100590898893
931236379872
452921543409
481933568472
593938139155
495259313970
515766217677
176661809120
253201383025
853839887551
657265104903
807083234371
274570582666
106650762314
705989901132
340486752923
159448525134
954700381218
061831939274
467648966440
548547229684
785510606548
500497643820
451685842784
626123819310
495895699435
771335759155
681784699076
466327999159
716712312124
789324636223
863886700506
262837151373
985431969786
803567450624
333585014967
122489661867
421197283607
678057897488
076450753075
493485302385
264989763522
164004442594
819680431105
762485008678
834762707944
406641820410
193047920172
331069790768
777875297933
498970392723
172585974146
730015063495
793516364370
197900349604
838569393560
269709684022
950478764982
951496923199
280455733430
315716006591
765011217347
160632601264
660087297830
150969752674
497868117586
416107541112
460952909730
743590177456
738698472003
900237734690
127347178952
439239711864
956320287436
552058829780
258462986696
253303914691
898350182018
272456103458
121557736184
017576605443
813267012041
164950442296
129319468431
220704591997
227824782402
141535824368
435546725403
022360562755
504847367644
149285287496
168623901101
858942610732
037302453652
000394979833
576260281766
074264245268
015993731893
821513211344
707348969887
408663153896
382552769090
167245178470
988302761657
191770086478
185694834223
739545816859
568520761316
233032200924
831255360131
146933061319
620511060820
307923060974
807103812392
400782553072
049319039006
906429965181
854233916682
885067769298
298025430464
768040677707
092802731451
465787614104
098630341829
373147529280
996609425187
643476081207
278511547324
466608466041
927608938359
715830186984
336967303466
725698684650
191842500367
213080185295
019503118550
687224915636
534813050308
008723886437
913217429792
250902381757
031083169211
497385693649
113348622754
367334074055
612713689821
235882338864
051421792719
621012617189
971408256893
167335301332
073276138909
379933309294
301534689493
565839202139
587925891778
493759105653
893173833402
833801889916
480204653948
889081846315
273443772023
440649592099
809165336504
954924778522
530023413687
130904908888
146376532766
575958098112
947640792773
061322295288
120944870377
219108239048
747598634212
374067390504
740507116706
332817604273
788190495722
561768583094
013668841281
327350602699
307866438955
867138436273
759581485944
427898654756
415456055450
367043558565
537934768697
038750830955
879367260819
660602672524
230196980716
565311136898
192079525040
487482645833
675088788619
729313136933
599658193117
738752948735
866091330341
275178320798
467493611386
491782372801
047964025714
500227579317
675723202501
727307539304
167595566926
715222034096
512617215714
820318969525
688989608097
172895749757
316065051716
427753550543
738519669138
851649117168
844554603548
013898775848
831165929281
330359906074
481034819895
297415787369
707930850500
402077935635
487070194864
835097049633
527617507684
997834396325
733341673121
232381026724
444028806200
432126404869
590725260963
276834898975
774782072758
700843766168
866299804767
924402245984
234749626210
301210726057
223554885493
981296841997
850777712119
088096407689
711694651579
469942490165
893182725099
238169433680
072982007845
345986786748
149183883518
250754923402
165797392882
138411302373
013981462213
794976399542
728848214197
885338653445
425770371843
528686568132
207564363519
492291819484
095262005287
579244536475
058481062860
004144985587
021531915511
885865580582
406868298890
346583640846
192576444052
126554887599
515809029165
077698837146
852473916871
379465438293
403254411954
366070173100
504636739910
187066298924
671679117180
656791670308
369729482264
661474862717
330417872319
949370580061
341123403471
638295889915
873516610614
589096762008
627984096021
169705100425
888506225364
120419424339
942739667854
629132382803
023287560276
368953274905
981011638587
732013437379
295437664126
175812077864
863858089798
908847304654
696709183950
921898634916
069496626037
005270848149
102820296874
211868255510
237898695082
962867523109
790929215470
433533731864
579692302796
834978053625
762741198395
079707956428
444037119051
572912598605
613562658737
264118676257
263159553808
536457456248
830196136452
935941701213
734721414249
384321283070
593922171995
388509145068
393687767942
120333206978
964486626325
920136388725
741241774619
319767946883
745436555127
756123711464
183134352715
093466413306
778514173432
535122070425
754561842400
270927556903
660260968635
125702924480
312806737672
522988682017
948050962611
279076589944
546845029861
324496992300
126515773503
765352615632
566520371773
386081428124
140609497509
515289354029
053388735016
864661145002
917796814063
901987581189
001398823251
539081519710
917216271969
298932935438
673632029817
299009893323
673002132806
802854070186
197419241238
313319175364
331936646950
346062364752
938411607441
664268538338
807315232553
543305734016
148594734079
225096672578
983871716419
918289733839
687458050017
785059876068
084171665548
404882907636
819437726271
417008486222
070549863949
644944512607
675260351008
240366979243
532349239563
241763764532
538832267485
958184063279
161822699571
942901995957
869544315654
482907270822
726353010700
394132427626
957642672532
066870108498
458997228718
011352360889
406224342274
561826361263
423450650514
759215594279
855948219957
879910595740
407779344289
113273540038
272658798429
002674778247
065047878185
028684543046
618018764963
742170695568
457318286449
520208160847
393153145272
972714909909
919017914469
886667618785
918758120400
525450535924
732920239514
377713040018
916670390630
104959783225
575123916938
855415875641
258370919100
377784240137
703665498887
023183561541
352359452484
428969615288
667185900366
829978427944
875657800888
639816894414
673791223411
055838284762
865448047513
356977167554
300745762554
160924596538
975753470573
342169145092
842995443544
742106387876
318052858370
475916557130
200189092231
754292841512
542911564123
706209142135
658842474291
522767604421
993970546655
899700578605
142174504447
307409204537
930315941281
827297499786
631565503617
211811862808
832347414765
532347707340
019358973541
759605708056
643812387005
601785387710
635665899826
900051616040
117893015431
310081988598
488535190491
401279566118
807386819519
361160952725
898228309456
051482141077
428830754414
177784237107
000747490271
858486096008
097953928173
451276288813
121278269347
137212808844
885430100947
014265534631
183110268670
325391102809
734235594550
334133204413
734095720711
165750065220
080533225885
956999244174
312923934874
525866635668
354183514348
462728764903
988334921172
642345079858
837253690381
008962465998
188040201355
985604934761
945583644049
331155966630
699121141561
700979715341
385458958985
395007176784
792810030158
249341824035
231770576691
886428082716
769017376156
079012407010
607007560418
962943486248
814683012785
375863419807
851609258506
280875274763
625256862338
637989324713
398659922164
969829896121
113559529010
464467743855
822037743261
602356446950
683412152256
424236537499
366864878221
457504805127
280370784027
029878291664
848983064264
934266616268
377059553469
074860653151
493900498824
203905273879
549819948030
430438537054
782190439143
961155556930
391117941369
186967971515
455992128788
715437277474
254033705166
219943145831
794498878047
152009851960
514431809397
373518461856
945480204805
725890029453
368356075509
835989760273
141052069264
857103382036
591020336371
994894669110
706413702670
404895693757
963459387289
949281575516
226933453123
479671922018
964365346763
163845889881
406953273606
321258154262
626074434993
031249616470
703167155259
275410402814
775864271737
141927760353
661522111413
748589944904
146350565170
766794613081
686914718918
290808485501
532869924053
410566506546
939451129077
557011295767
494937734862
501663253540
210374978173
543132398469
417938667917
928237174803
318809452912
971469941468
803597468534
888059611490
618135992488
417840435987
696518292568
462290070024
693873230585
835285325611
062434854997
701557635356
950362673969
033975540086
582644412222
781671502037
737192977099
269418529219
558040184605
060225093996
429677737963
053573055537
182165003365
784554535329
402192723844
166306002343
771714686653
005398880451
768062755546
034299852216
510035746993
035096731615
539826356985
280809741068
648413944372
275342290122
791632658681
716651302965
639297956652
434494986669
810548140175
878808925817
711468466939
281353178350
818880474992
853388775628
258773175871
884931489086
933501943750
388483535301
616079523487
447905450183
148512475038
715647011579
312136836224
382437668328
886457980061
854077710828
042667201066
536309941174
493886569853
251626885418
835017229196
921187442905
105614334058
762598186415
511110269856
909887531090
194482946040
899175010811
424162341682
788054361985
245255268641
585276603160
437500407232
088955950873
320316023756
268078854026
348446934807
085266690794
682156065596
403290629540
532623820710
394427502567
228884019160
589358115684
913065886450
588751660064
300339124334
666508041634
161827285461
377170946457
169632966781
994627522093
669192765733
062563894811
841825305795
311944679992
643616127170
826720870905
359464156773
027269036501
964183778931
059116604243
598692534005
304913960238
629225776446
521856824049
894616699758
420653323306
128128208759
476459071917
700229024890
746623798160
046005810326
697050440215
891569066769
908882256304
144580705520
529438288139
619122712454
473402197163
990097663659
002066057279
872301421076
960837992685
733363587197
292812015407
567116560180
733872292233
662719497204
823887029528
183906031904
278127869269
789682930661
264219006731
813305075756
210267279378
443482468635
358791012900
023994219934
494990940363
465612472621
614710747362
793716654161
284519673961
682511037893
977301953397
989501074659
115812408236
145653057771
520075709872
698157917975
100350485167
078149164132
915188965522
189524167401
728035369068
167967916855
123285419792
235019445208
320516924931
828721927483
659462024041
578602787758
727060715279
640360451218
642257605812
700675900597
155441375829
313129496426
897126167689
414342576568
612989654186
930500115583
045733545813
031448392504
379017871817
295881894027
842805783751
941789880190
695985941235
181467896714
249372951877
856241342293
226488801252
861985979677
084510616434
937936720197
314835318806
957864318838
220661665840
423689103843
112837199295
636266932956
951422656866
824794149684
625461560702
913312255497
767775846138
955401040318
916463396493
033780794237
747575873153
379217996495
213263228777
159540756708
629274767362
588012144132
613981296986
359641849318
295300481309
553287609657
438837167510
178421714809
572456281201
231141558275
156067079647
876309413430
498572790776
494795046688
107360762121
303281989942
930321686635
808219584554
147124514333
609295782859
073165670202
789440102215
628764701943
616700311443
069546564584
078043770547
046711735891
267837592101
820874521318
976598594944
897482500877
557348450920
962442998383
056462230618
388637972268
969410662911
017068229131
832088835932
096842493590
534566981386
631143512384
908516514883
514094908098
568119068437
775074763776
495159765915
360321323533
078999020084
422610885892
627022348590
030532937534
824715802684
461549396742
597443051748
057242476710
807996166513
003393712243
234833435759
734861758672
109966870314
921148186755
215456445672
774668258822
132094978328
506071515325
450054805367
235824739577
800676318095
643620991856
618529432518
599816807704
609560054558
733861321624
747246857303
020067528831
714882088076
697074126612
999509231967
769248688730
856740112891
765718793805
991660982833
840480206312
509134149133
470005438347
923651576142
965984276935
165473227104
747578934067
108227814673
655606105982
364314153341
642195748078
540432463450
495989730540
501711240285
807849704047
760611485935
632036751482
161501090565
647422289089
480300734437
362437998684
923061240510
321093535399
674610835120
907418098348
597457540954
556632909358
809043748277
526985005288
498711419461
619001386555
332335123967
062734591927
235072956152
152444935512
236022794801
728807270618
621912726198
464722894038
477060626089
748759918801
328226498160
104010493345
991168062621
654117757918
050171611993
574975146492
571346675991
233453828771
154073558741
385519105386
697512028199
846209487772
067928214996
276976790575
003715492938
202644769030
247934845718
226025059946
264633328710
563829676711
948128318271
066431385701
162423896402
561205473585
652240165300
641945922004
629287986738
814304820251
288044061065
193134658483
389209326168
217882705516
691081271868
677825630070
343991541331
602449930814
493855044541
330688749523
627111360647
007941384233
457772172910
246277690845
670355113812
227996242677
023735811153
822661625218
071873257189
400978370903
656219898791
242497246460
837343923979
880117273118
894857002649
222481835004
209386869790
820600190698
343022477886
651401316098
310297442509
061279525008
392793112025
180622528553
065613566206
068966446441
561771438315
732160782237
376955754461
927769664701
387779820940
834619246678
241542845802
612422966576
318899206009
135077460521
874111506560
569651019761
576639351743
404256036142
399736423001
573636004046
619479110968
239900025771
800356812648
029430598762
171231548521
246732358279
273337006844
854218589713
329428491657
082724788706
161555268417
226042090904
674381169379
606810580746
317558948199
275045217458
995893068894
528126043804
145225452815
743086473461
394242945280
918307146663
342900522489
086500508338
742466492910
109381310287
820511459186
060812885215
938289482908
411348166924
800293898810
854032984637
595475321135
656493609721
384251111169
606760006519
574065250812
767601041777
171442261462
617229340758
271628740776
017536715175
175041259375
023089793173
168593008691
633039405168
188655523166
111447041085
239259796961
248101469161
056168112337
428420996544
009796634673
774226044006
696113163568
781530028153
532994106569
162932573905
314606919363
292865949821
574590697505
408408543464
898106518856
446680251476
613113272318
513053775628
553719654627
825670057871
977546346521
686472921804
576167820089
970107868242
162272638332
115746741322
391460078688
880359609115
954663481302
989462845671
234175535444
400816704676
539674716288
862808757475
107223085115
408805795206
927329423077
038067649701
703557140430
460281948034
801270394127
344175541088
338253843071
354577337297
771284006949
893634666773
239783810648
361456980080
876564583155
597337730657
830308403842
446681998191
519270552255
211870497561
974591577215
056743686638
422114555541
204947091686
034144917064
761386797424
622315071988
184469496339
616974379777
413060477388
304881617871
526757475815
907684453822
133763069231
076255284080
903377598785
387777723107
623519645620
801001982770
086889805894
434708572069
574833321467
199673513657
145334553736
203616185082
155320948689
611142230295
323739335471
144118369037
340766687281
929511277654
274911132610
813486781849
785909073726
625648726577
360565074507
236555390326
337396699247
249631745770
415034035215
741814510663
209176277510
208582486836
685667446719
022881795452
597717224113
138745092109
955252033573
173560517098
545146782976
171182243059
122328001445
734382528100
954371051490
446798816668
194227348297
293776918692
277908526625
527469268272
808236506120
560672148440
185911639119
578874128384
519316418666
259924564827
855926189747
452608275337
264681605484
500977292011
952176876596
178960371498
989730190077
750437537401
658579193469
969717239207
714464471251
780325298748
017182793776
730557564809
720109291238
273725830871
781003101550
444572485433
928220578796
705342821738
293703533772
555137967506
287851938261
299699761764
984714655905
391744900550
600562620622
269211953478
804380641914
396610884578
395068753658
211222373727
084869976194
567347019254
439736652183
470602276784
986227919997
917636417966
734730716486
205350842319
196813618104
189401535881
228023671306
659807606798
165310848706
729598940309
269310086453
409728495397
814170285999
303139036210
252123713218
750642348546
324497179214
555005105827
481112159410
434398842541
829849936088
899918847410
294020532534
242717931638
480588840112
262145054871
508150526172
302893664526
893369748816
872683809701
040923811105
250874695352
655472952473
538451187008
071089940669
102794186398
456004887485
106051432695
244176590225
857373542497
101801988142
040850849805
343557944253
508697103824
055853168526
876988176586
600013436976
919725801773
526995242733
173731303527
537443766025
262730552949
492463834687
140364253013
826089824952
501515175729
074744083511
854341809984
027911848546
271465712495
479031789394
863631120773
436997310721
559460029732
256744090429
349904980653
706317365261
970297709033
490661879703
098104070149
700857348237
523262772214
875199682827
946619392589
706112725406
342309267553
894803027695
113308037197
430322546965
002856290962
081086954345
756690587284
283302275037
031410232950
833467037324
302668197979
595562686014
664185144486
295791582246
719190537865
432010657232
604192583503
686126262392
617906629958
306389829757
241467578070
257982310249
864773810782
514824392507
025183491427
370349075217
075740149080
019663431906
089970322154
526732142810
220383531979
081919816047
793229761237
159263917738
056423013311
627711221662
860277419678
572859570867
433569271059
336729888792
840048619144
350508208708
401866605390
349321695768
053946085686
752765034311
134828674666
916818941761
988862623312
986933767225
998767937955
383168195113
559478166322
759853543638
978811490883
200641063341
024230684197
112720176019
045604052341
548195678406
361190210125
871029270152
471931836686
552948773597
367590570233
706780055046
935857150475
118268641195
168619620754
251302813716
081568167424
176445613002
080588715150
289527442199
195071981493
345506452883
648363330024
481873943745
041548260382
480831501222
588619202036
600275737916
966343564137
914168195226
594215993413
799690826912
635428848123
776187023704
333586106869
909254205773
676351727057
217990168215
873071240735
462790353186
615669982612
910927453756
086737479714
098711446092
027309526555
640493269586
365034355151
869388926161
212931353305
931564204582
226739792557
211898429769
384909546755
109620605235
079415018365
508679405651
225411261873
372378757384
581071752348
932610026992
598128054518
749870529880
279567988622
420802599023
943420339556
616035201055
915032060000
455450164248
141621418765
717275885043
717046577241
070068804251
241400499805
373314658494
140820373273
812962232252
040282333409
814043997618
947800359010
078655694635
782196157165
389900628442
149847563295
485248857976
074386371009
278672622424
076903025677
804457637137
291565504254
327459860196
236452107846
442654264997
075424497203
048729753175
294376656647
021570337056
674060397195
006915611024
757832574941
355413260238
265343170462
778642247074
863182179781
964205612256
791358562515
001346869807
805450073036
940484890974
081332399647
358602667612
092547912904
887271471606
505620417733
714346786914
830827768784
657563601081
903853192710
354126286264
655477378349
435016297114
251255750909
442031580138
154272992411
175679961345
381151758742
523285987141
214052592048
634856138929
054850894551
441610747507
001217670147
300246601838
711271434836
165549206871
687656874515
075740989657
343282140633
218278627932
940974114228
826618762580
008259743036
704536430259
282522964694
085102031376
440937890090
403610061002
356526414466
630566683079
310940997205
595669335534
469659000056
476618274176
141650049735
518957000368
750245973112
807273798766
877420268809
918480098137
921206090037
833590893773
234902274577
354751301013
373138284185
907797656185
868004314331
573317774052
072485011409
759645961054
858867498821
410193850592
092255794518
589971931187
877732006777
176729293984
974897839600
796234889697
550955512542
738727506485
221098909571
028086072037
947377156425
162034942005
813282228141
891565159890
165412984253
875218399967
019171531619
726997194955
860718807984
645068102348
057664869278
101644600934
438834327688
180917076758
278300821697
445313488937
796696238915
462643131650
464051899927
851535353188
498632320920
875038618745
468195481038
176731999774
455993506927
590815515367
924278344344
740359229047
832760261163
294028249667
146130672483
466511283554
349115335222
042682152951
975406780865
227804627494
680652115860
451970237910
851722354870
360222470127
445504981012
084005011838
617771670917
403620803243
112752685102
096328055626
274938994408
508748556501
689320369179
250261497622
009129153744
659393489336
461247887275
900273460684
799535737545
449588404543
492057277584
056681605959
162714853968
187210728102
059836553362
379760156786
682827406142
166994480680
969738815518
208890290560
515396633454
329729959650
232749839240
271157345348
106435293443
025536465076
375783752580
668941237561
901713927491
607204940260
699894659140
439507914884
107381122660
078396355454
369082646738
667769092741
002394611562
712507273283
465019411232
600355464258
769502789356
692764860379
231900976914
477678645745
700920209449
159373686055
403121802033
045009956250
451055830863
679366665702
869237621115
886611467830
084548268669
781310340090
332894886679
598489832064
020712611134
147326679666
061342000278
342955729413
933290142283
448218836351
760065959509
562383211513
182690371282
559713391137
490239463488
077545963578
646842287004
205793612018
171452234337
364179699729
687927824378
502848666015
761945812306
512159117500
378247649258
372620369510
469850792478
383101899214
149530146672
798517953705
113506772319
776227947297
662233386311
357874630823
552748731492
156017185054
240860654438
003970637262
573410888686
854670421866
483657207415
306351143276
861095444903
896095821244
610631386281
644423181661
716956984391
880843350056
900889038616
569108394881
765770552192
103461893649
875631343752
240484210396
378183252798
468931454779
029940045091
644984967771
418562889718
497500422887
728006742969
983496591155
022205240588
843140709417
163093292483
965483853595
770526070735
548077867479
836799494281
175636847252
116257640718
999175606373
175774401682
720429060357
469283193056
962645118613
795502967799
834418325585
279830314616
593615372884
628187952610
815856942585
398324494097
891507498116
182113856049
891545889487
560666109015
538108776467
279975483681
811012924838
831562155794
535898982350
267898816986
808576815914
634687886176
108557085021
424295745935
931588401769
277137285014
121336555878
966883396388
535043666202
224856875506
539544619969
047803319321
931936607044
064639558251
640004914715
934575398839
248012797481
402774213232
687568209291
970452284196
395570193129
135316902526
998081314118
906259343929
899365832231
565918007022
801748047515
678923225160
194068670704
684087270409
747426665468
944936056605
441683225312
881736686691
879365674333
267835946252
978623202241
402684130403
509220741055
119161002118
802832218400
917057691812
603708755298
405163996240
961768537571
970257188357
608582756830
416171420745
888553645228
886317962029
726093667870
749587006412
108881268147
059097542967
729606713369
820476418461
123875291055
274443628706
132992278766
231730905369
966791961724
942797726701
792167290331
367115036388
630336464844
995058089688
535503267867
970124964973
295552072079
432332029085
840738394950
087168771925
643271969261
680945532214
800203143600
663828221133
835147859420
771171192639
010305540828
370024762649
275642169847
808195308448
784432857194
834937505731
055391814935
050184794519
781487928009
050342241979
082846998533
593742490940
355600789897
775534169156
606094942679
673127118597
620796593778
465905416724
855000799666
798953865038
923679146559
743112683229
694200426921
871829441949
742109510389
897856332016
835444614762
863835152852
426755042625
227112898381
913571824004
215750427417
507339922578
646398860928
861063070504
054657476956
347671360411
521408715547
583485854469
587926336430
319687046150
208948946703
063717971599
836975902424
501513010975
082526907327
932919911924
830567778354
697867065572
806950006845
288220101480
088847228736
970205763402
190612581218
090110610392
135589447072
429351164363
804599008308
483665503730
905953035207
897124462966
704185289546
248257201334
016438452653
679792169356
616508119158
753276978587
537324261219
527134421558
881330365794
210096946933
565174318561
039937199543
412191099022
422615063028
446303427470
590204117446
553694690809
559012396691
233522689458
589925415010
930701086245
529108237579
751072515247
388005404037
857940121154
131748620296
749439474395
262310953768
311831699741
433387411669
494806556446
297769840179
594499654513
691332497702
530285607412
050737213875
040508467681
982134943294
861802105512
527431699800
607646801451
380650034141
291374924784
315310183326
311429626583
821225028775
535583647087
135752138403
518611065106
437435908235
409779899548
738420084544
284272263295
843831713650
615134462514
506712075317
664181958945
279786804161
573723573769
096832431708
428093232899
724554641848
173157069988
720520144204
869661519382
961417150765
517514095953
951032715540
966992345677
038043399790
276105437392
147202177915
807344913989
061410990153
298463781033
685231905218
053618431210
749375305885
944021110437
913280058498
919383288684
426328278622
259775598094
805812085813
194623649351
159683514764
530353565400
395042312962
237177040116
551334181590
132911156096
439018674626
651409685155
597738394930
836516888444
535662893945
806340128284
379737006915
152991315332
665332920285
987427090690
392340753659
833200351663
527745224294
028336608172
271096456255
006708839622
966579863600
498360541856
101858673428
827255534824
670784601793
948021414461
211609087376
270771864627
176960381580
565965868206
260337684823
927441856591
375621676053
366748916292
814819493415
643199228921
771426694729
238066603728
019991621489
163915025905
246356927670
651335358365
744373776654
025429885448
342969286331
947619797277
269746403341
054197810240
473663886909
884555893687
959971449405
023175323986
178529802929
371642980851
482664967789
991928040115
883142672672
850161840045
243922607724
307964132720
870578859981
260660035906
782118939443
117548947724
260456882591
731733802382
958167230609
713867630397
139549376557
991629833572
695182008097
812946123108
203297387580
143460158641
980003760759
982141109243
833207986354
626357988445
892096172214
683539565805
607171759158
286455204222
966813151498
314109589680
485420926176
830972529337
569169860399
564823487338
644419229431
536012535206
783305899455
972391826664
798501270625
252508567476
108201066170
268309915499
319189887758
278006232935
036245204261
946085125866
957404668276
549835822762
155135910865
836481091717
255728498783
846931645667
459344688356
818846079763
026095045815
154153656419
467963202069
836307444727
561851550678
453330461784
032579508660
606935964749
111346422038
020404111780
294062710996
872390920390
151985233526
305023422769
568788918041
076625330816
185722610692
670056345797
720128567903
388319638008
532883850666
816662480237
277211771742
661514888827
256345430194
823364712341
801047570056
216987520782
646556221500
422040010442
794622942930
036673512994
911531036170
350520039553
713498063009
688738589813
509999824585
159072769403
080548102222
372052657119
453717115111
462125180244
184931730010
793304616252
256505283524
201835563852
825785183250
388938799977
132812536306
731874074438
337450429050
704998637634
211642133151
801976976865
351872974268
237021772835
796725144430
316257735172
133273866194
473314183038
489773065251
683067828162
123140100039
556858972848
264911416085
472446368324
436190989896
101728504958
264580340088
700309544685
581255848010
615668495722
138837640407
662603613655
890804129367
206020957020
628050466303
837792352268
213241673414
725286740174
280932414114
794942346274
937213808551
931057673547
578554517939
603841395960
952449591344
215803112690
072092841420
431966189030
796763485008
597045029307
775614489099
096994198007
925786379523
111319254506
088785089549
987470736216
699020124796
321736239471
719233536434
798103869235
182907514384
523700642927
717183603095
188520389185
887449637434
886534312636
143278631090
781084451763
339071970973
535065906956
919416370207
000393618249
935225965188
031344359970
454068762410
237259761355
240944628877
785669837729
373328829404
316809202800
316022586229
119258217623
285867022274
160228961991
913598094367
308288558902
759235653518
305312847287
580738659083
830814698491
096702963380
280022642257
810536505621
514526561966
084775055430
805812895384
523433778340
090198254422
828366080558
678930558601
242242481834
128373032247
732413794358
812719351226
369091369406
464807946248
923793673487
383408779533
643617073655
134394448905
531670122745
759098661000
903177764843
798356299776
898636107195
417971388175
825852627907
183917918966
943254013148
129003231788
834132317734
161328644061
922110537856
058205945408
485985280323
086937710582
738936886949
765247294040
309442270526
782966221353
527454207711
187221706581
545682256030
690434198403
757673991514
399492750379
536229685304
235796422736
873124927279
639617331517
633090688644
292228015928
887290426209
314565121760
228147535018
883147617486
149155039940
930844864688
797303095813
670456685381
673171673222
484283612968
171611977260
793143037969
990402936779
198102133577
710049052683
988114781349
276218866063
171630726768
182456030826
980382342102
043670553523
597347011282
777310206572
463471304484
788354272617
628852199153
535773467602
658996109692
891480173469
037396789776
824169474275
112985358483
054863295491
810001072554
421312639227
777226333490
123334984817
577712416849
106240101410
529024600268
062343428475
872200095890
304086952223
008222047464
250425672854
905271065101
868759107382
365256979891
258664926703
662425045875
265305823879
336697984022
170187428166
782229494524
485818601458
285370282155
533802737292
620775188513
921386409210
926011288760
593992107092
727806320395
778665597045
247139192768
507803105128
934731160601
879700200461
494577950055
196774194638
944983953081
406246187766
440966498032
845540760120
492817635784
921726337766
461748279892
894212981206
488369318563
737385105310
407296659096
272104235143
674535591202
340630490289
880700593716
447557585907
025020190743
150597065151
972188896061
891873518479
696514167867
357929238102
382517074901
258335538377
348097317318
904618085595
396540838873
137067119882
031019134506
953378562389
645814823216
821767868753
279680165065
548906287668
329758388265
585129099690
023259578890
656349322403
410653981941
631455908250
364035153839
228673334277
009119391475
972555973743
149397675399
409405613668
016582341479
641924997807
182126847493
311474474349
048493330121
203209867167
675533599357
211373028933
891999981581
939762186709
786686402642
492452323191
859627821020
738647755452
947884503908
917141165109
432508886849
953797424782
790838605358
459395673015
117903332193
872138258636
526049877825
690948030997
859464240067
742795614843
052761509944
763114624550
957572663949
582771727775
111219447455
563285814273
017822466143
009988328520
315504070103
654762918895
686841780836
325457468438
624718037269
638616168920
252746202218
058300634237
614087779269
205576530838
969587030374
284034465229
112255760948
566952750090
062789868925
281558727052
743748011045
386423570606
968675661098
200324074238
635856959598
787593173755
919327469510
288111703239
639475280087
366256639050
658523680666
749580688619
813959325108
303267154121
110855021465
828256758377
079911326147
099437100930
074708939090
762953754949
977930996952
315959232278
194927479891
093982025153
761401631165
888408274890
565695806970
954503831504
741208986420
412336631441
401934670271
912677119321
704280156161
287727123479
400558142056
117019696994
421644398940
549194379773
144385778296
375690867542
953756036790
650707980639
921893252778
846365396976
063997176196
398443215722
788642482321
554098012705
617301211919
039697990924
129401093575
695486126764
124341080731
115490783437
016074152316
190725777046
631356706011
980742715065
114900697355
139588098469
034977276775
971477982611
204211562559
690213705776
782907933754
927015848867
675455665396
131491080502
695712214452
471790040682
615355096840
103733197678
423622158538
165417135242
715715496107
827298599974
491827810550
618642076446
304633832254
411200616509
511099794382
548135333770
241961143743
441814326271
716659194142
539150457984
292424162786
924697973801
659296194650
117994671008
270771057002
337006352512
271843047534
729877867631
312009819900
088096455712
440814670147
750724752164
789964234996
897692764147
009698394369
082672449370
246222619437
201834488404
673513206173
288875830275
879365945945
307133316848
343000064932
872033451595
042730166223
080834245127
252356381089
327671109914
368488364897
786499026314
181983902109
511852988806
241473425124
678877322857
275439342183
106634984400
576160048115
226118556565
874632141956
238518062359
678854406186
644780823512
303780734816
130107731388
028011922433
765787573675
063505449719
719803590763
678907701500
533712283504
612852853386
289721882244
476638281160
712688727345
418642332896
745923175052
691252154098
716828156876
616985977523
462027843204
490994886754
914758132987
003532938901
040424120003
404465674105
001751545309
435309636621
571688327048
274878482031
411323468566
988521323730
812371006727
022241575941
130713056717
850725559003
853233566146
762779180462
485780385732
756263310783
765467773322
171281924360
562293224361
911343066367
575331068212
368174448355
611160209654
213684142257
902569307029
301471592259
354789672714
956867537461
958499769711
339670040526
083596590933
728123648938
469905549489
594827198518
506195764904
335658020958
315765862564
178722028721
310702690402
848500549944
940391475088
791548929251
793232108351
344597523622
567117583313
737823409693
012463734485
844347581585
156795307774
499043724227
234632233454
273398115516
056792921074
762327592258
714862290169
786110681771
223058624486
525342812241
773122502992
320354393182
454375300411
981880536744
318115610781
333548240605
174255791871
227432141794
399734170029
652645751938
798674607739
240822032823
162090193063
261833500011
781659055210
937093568250
997187724457
872718132775
598834746856
264219227452
920815017184
696710750142
334369245156
545591805448
673029317000
206127369965
493416767039
665653496356
989583690996
998283196269
130879903736
333403869304
477695371009
225599870562
601738231677
177507029694
729853389954
791632622570
163835051555
196902300052
311386888050
755557234343
118728055005
528280749947
897460696763
047550915436
711695752706
738973107104
792138023224
229468470091
751927918876
837825115441
083422662796
065912747661
807442773854
584245559167
065868747998
695840209321
890722731039
784363612000
913707678701
519613408856
988546969685
606534180733
272861428281
456519752016
704636964646
126163192282
138454747537
488748092869
932385359675
136312610008
040054062121
004258322064
840212671981
090381729978
835019024254
549858486650
793985667525
130399026861
500558016822
857496383954
730176496963
270452871461
195134459053
580818406294
154311547394
274857003943
262562796031
129648093564
797652171485
092467002348
996431590432
844959086417
878646640382
129613819577
791162945728
582278673277
410022776470
226949819067
979936556106
880405961420
556787509275
846008811879
623991632368
869782289252
942588535462
032132933677
523824573980
202431182071
743628622074
256455907853
983682539732
473510972571
173457495009
891082200101
565668856940
265957754159
037342103754
577447776951
736177198193
957440419589
800596695915
109417143866
042735253085
398657358714
049139674358
780958704656
048687806800
941232302688
759870410418
306825309733
190727746549
268506527007
666925929090
615755900618
827615040626
980612298348
708951028936
343688398802
785605143569
533078639201
453543773724
074159645096
926289462842
472626399613
977506611583
549794088899
314527004986
466306128083
341480323774
070489681961
588127985412
004025826605
238310572306
022703942569
443675232275
162121797033
706115482876
524486958180
286189674033
857653255267
702945681729
692466466999
900471130499
161705370226
724243743839
610386466448
321733635373
031245174570
219099910294
197996096406
814715867822
081312248408
997515408597
701160643651
035002142072
013336893618
700472203583
670005036861
870312924524
890316728953
281951904148
670208226059
098881890585
697994015432
572949960486
326614863267
848162017208
985575158197
746308335738
774726844214
875347163909
250203402590
326629834226
344244980645
873192985953
587148511947
192737224329
481316487145
867849739774
366606287512
533062378196
570703060943
848294131763
077086499326
453437069083
937612621117
706780871542
635639781840
035299461883
168523328186
365877119486
117997287022
455939817637
750617926711
641470075101
646617818745
231489175982
881303021547
796120082559
358438920608
365733744152
248844167753
349135528578
440052673955
489942564889
214069266665
685888818433
637650995647
541505439521
158576715665
812484616459
751870118139
216868979611
695696015037
358883452855
091826451864
266466077245
075102411926
362493464121
666615470908
439607492122
816511247456
301233373390
369066928379
055242082124
529540341474
168853925398
878043144308
882082002477
821574906718
762060814646
934218742049
477421892842
988521249610
752761582152
203197854973
857178126547
462909832785
508375232725
813640671191
454604089654
374367260729
072073360148
785301088156
619230025237
366391260231
697632734568
847212532561
411677974167
006088382747
793140842164
830304498929
907296034135
058295980744
237609445343
911779635282
989000650535
135810749582
901537507764
818382778504
849155226779
420794958848
798270034527
890428013729
080216325670
378791842750
261803807623
678025794302
449883770405
835497008170
995172124411
347796223856
003554115220
220955226154
165664415159
300688787866
692527097815
544799783276
519761312048
167676691705
505986219010
714043640878
431053833061
312697191387
999251370415
406306031243
917765450031
648213951592
816305002503
805485640479
698231728065
312550190078
895085187229
141511669727
028035043580
147843962998
495079299822
656524158509
355579975416
007498123304
210751994341
546774398650
541852054744
285135302180
494932585270
665142719048
931480350746
230269724575
219422901151
537185465568
425884121859
820786645431
193112851012
297012845960
334444495121
144471014826
326572845269
287702480883
674362508856
668862918804
137399249199
477686181704
212158016706
343281203891
910487772913
382134219516
061978675599
126101770400
149134242769
610285620233
737783492784
558628346972
428906928439
905795530803
273334577232
250345959534
284774498902
936032669372
892247742867
651832303532
891796773797
191255207421
464311152459
102789861725
964537605672
361687819829
910068263561
149742970229
981585345729
693045278924
226688788005
014376218985
548071329941
122455722056
737604456394
697730142028
390139638727
277055683944
957235495430
642592326862
204975263974
814099516272
545719906229
893432727727
584536950083
090436840783
935299940934
676340057085
883632019059
655614656994
532937562549
574389048615
512582887070
656462358230
715737115357
070215091663
650959847672
113824492794
894060377750
571367939258
284431232287
909353618616
038654630352
477383816632
339639112374
991121455342
799349239470
742078773557
653410411196
132064783134
198006879119
994312680986
376358783365
502381676068
183571764056
106941911588
088820194144
278715827029
513538184768
776229798498
898283748636
298494670474
315372246666
802496581948
025875579348
036036939821
096156274361
869149225622
169498742014
944497587411
864577309905
270234442109
831503086828
544251571006
416832719664
754694346761
562287974189
024114222016
435854622196
008953063258
079485299147
996620587511
965268527922
383721280916
164382370199
629070112717
487825879330
264221564252
719836892189
216886176817
952194810478
812981397250
299788821565
992221039358
216790622819
710577344904
156251486043
951003822453
684789335790
325713036272
424686136449
548127660978
281207295952
270048483162
570009865008
494151556740
636591570240
897058163506
968745036046
655324632225
487672014307
049190359560
026289185150
612077473477
808329076695
214498694294
761940997309
764713987280
885451779123
255785467816
378903422895
439022470474
475334327151
468492654568
225699545321
245180871636
101024008841
295917095776
444911657851
681243209194
425461806238
095841794357
576989555128
042484548568
346052186126
658570728419
834722875471
364500523275
229054520118
891105913816
825196459513
379114533006
196621404490
212184291709
612784958334
825481270146
896453766593
271464634408
685624264059
874092081844
597831804431
344161992449
289716187039
211374168040
181655003041
953173730505
067539748042
308056709000
749777068975
171489427351
348561556175
515976105564
960184048156
143739065131
251460311585
169910177189
437919468261
816049119850
012353332727
887144804567
199120439991
299635719110
931149729748
096058336801
151757954084
658964598935
320246765524
953574269795
905936671915
429754198378
300068264956
393764403777
745828138175
354857532723
030251875161
796517123167
255775336183
379685052437
704615774504
923334534342
653040642848
538419597633
751064421595
210801635219
716332331630
620570468161
812027947068
662604321103
511214731014
762622642340
832975609980
528964639089
704973020610
291805319705
855499553817
866053525371
555911979755
345612150005
302546572306
827589015332
673039695738
010872856333
426958494240
242464810527
792287094170
249241705281
891059882740
988582743290
174016322278
407712184797
772721812931
528487471663
614403172791
731756635247
268592908079
164322557995
485091834857
033369828361
902105911910
637922866085
830454402537
251386169297
723273766537
353210498281
978067406314
847608946646
017463046092
040764016488
853544196286
208043172096
369884538614
751504694109
882704136572
152371938641
830764975768
703170574783
034336858231
123050972419
994838102617
902139669437
694142200788
569747340165
076471351894
959173931813
571882485407
405960573531
128163326886
852416213664
924550905561
699268331875
111310015799
564804887166
154106333244
095100139169
299048540033
709136143181
146971852590
853708188461
713465779817
483322167393
594529138239
698562978243
618239915388
758869836639
869394206335
510499768881
262769764836
561403590028
956042039444
791802233982
679701941156
230925218972
421384629262
994889072063
585377955406
113183069384
967170458507
807839662664
807836684048
640252906346
088768878785
480142376122
220554050353
606441850911
784348246262
696599595301
274421734931
781330793535
220807344848
043084992266
037810876247
721424984205
972790739183
858029716742
863338269688
829425736570
080002771331
203227657118
831441712799
598909490537
711483489445
677880255931
715059168247
910774930441
025624864886
668863859337
290979573768
239599794482
624214598080
547048492334
909418818652
496008140008
144834784866
681296772881
416218126351
478277070411
102938382381
759345951659
183683436983
502536318568
851991666611
075179149271
382531923987
668541015552
682128884317
191623017795
515859957200
211070688486
935375074292
271237723751
674994029333
715197586126
143093099802
455511185354
032232855362
376678254052
450491866583
306949667726
288538411309
989794060394
610914886713
847991110763
069163943762
487555086143
215866946477
503791545842
301607190450
724829393662
135403265424
455696962869
788872943461
280364687317
545762643438
227844897530
514553987477
793605296201
234245368033
820068272456
778962320652
712716836801
220297423962
305552699859
042975769151
719819980466
172005653590
126364612463
286455913286
744532003617
313117214940
685861272271
465466006380
572496380990
430510579561
830577019539
919889997900
177600072191
644949684976
046697927264
897559160464
106874832970
263584942673
955062446236
880306374663
335853237607
700691880547
206642023702
186901615904
523823311307
527493364656
088734348048
811740220502
995593588447
434572805828
274081562169
420349286266
802253501526
712223252633
658795858124
211106309720
357637739957
460368164024
007709264513
550028522529
589548347819
215864425711
166507163943
307744602526
887080535607
893663905466
718747081560
460672393477
342855025901
769422850822
354560668448
354280226413
775088713815
290212559834
247256440717
309784194905
499109342631
307602425787
928259309614
819858502047
046321299158
525155209035
576883975649
623484036990
811551231410
954301965579
437319073756
341164049034
665223885023
200563178857
914849843134
211684230688
625817498291
151008033276
312173530915
986789501361
778212506702
646800001396
023426024102
512775655982
669775883957
709464985285
522695117455
022103443014
039625070717
856233206251
163290111902
006112020950
169944320305
881170900970
395720191535
472864419040
404400305167
257779269394
778117552208
430394698359
960544772699
798974247924
167520505286
267824646872
609790960276
560806441686
199036587904
547994066188
287044597772
668840344169
864654078307
863731059255
715427194764
886072718364
993457091681
994539512231
717113438460
877469495842
589728927510
121745030906
079343379098
543953744372
842104870662
775385818977
968010964247
946772599986
179522021175
472024250064
723614296143
129275526810
067072959464
037036885789
042127258045
486015890203
244896533301
689689834688
284615916183
750056860912
148588522095
017763396856
459001033151
893918116675
194470434891
193637507950
683238694574
042014501667
840907747051
739272482376
269005527215
033433937204
810137964310
288387567190
335685415520
841461941770
123450763937
117849143357
647398693617
226132732758
247207966743
984476445039
051997745387
742507838125
961306940430
064888299170
246765287750
766613097984
433124481714
532148290665
634810611187
786251393661
932948740653
826304439813
380733875832
398433605704
633108934853
080973458357
606213831645
431815043062
867291147326
152691982073
012361531365
688993716422
237873937294
649497667416
376233043945
854245189490
424343328264
678065588616
855886088678
665237101482
516854214344
381983769317
591725814100
620935347059
317230453778
844799476897
083083625401
897112442921
710302744008
143909238745
429279026497
411400264651
252370166055
000568335642
257210057131
241373386081
490893260057
414029178333
796665343297
673281908508
220710392721
137588062703
927902789281
326173943896
822742614547
551948819855
692558596382
266014346917
862176164222
173449741597
518180279023
460081822221
189582749961
871261751322
980248484507
886834896643
702366380956
212510751736
586878658638
967891742558
126435363679
270119027573
706246817640
078059235313
719431237829
480489637395
512916299764
436149897231
356632696002
316695533922
333327791548
182917340949
139373742236
549423887950
637195175832
366687419541
962356518976
653773730931
189796588725
772151292241
764022133668
250720730450
601524069835
905109601212
992402828020
645836819072
721231380891
936342594300
387305868870
480140239240
715318169246
589114814335
538366014588
911000632305
666675090271
046682033555
391517271891
537532657305
512981828335
917214902813
848644077217
657331025392
458945150532
980523963880
026350950729
661694110816
047077096815
903647768589
840823529720
470187811302
289375554518
378120642084
001716427785
136225010282
967655339933
911047552577
002758196685
555182141645
803435293769
054770253552
267339985545
410602569451
860369097950
145167531217
338355775659
699150884314
200965205073
029652670066
617425885186
473463106590
700835004481
601289610264
517298367563
704768194591
961089838033
521126856810
937156913485
589325782140
962337705701
827191548054
716090218100
023182435041
756435996218
708211978874
077627987462
916215148350
576933291125
919912031287
853890281259
430497462264
042849496914
600154278180
910294752047
866840502680
945162243879
409561175374
493272753678
580284938115
674898929566
600343368218
851439506615
482044328654
000178228346
112954257225
092906441327
053849386681
566831037607
905166485139
999085744380
109893948393
304731085301
727793180875
431935037525
990342784096
412692639440
228746426584
900897375370
305767460031
853378452578
126321513088
008621282944
967205966407
360846628570
364145940405
518982099719
509419196712
677227923979
613375085657
989984949870
904107750357
253317331762
908395343037
539148774789
554256594629
795532713082
772877026829
155921073622
910744439024
427128788588
577120891817
112019383801
245542727836
585867155004
698481506533
761613041373
431222396166
529224182017
136185000628
600880469277
525701248306
113718509477
062706967516
093552730346
576539889873
568018957302
440505536750
707850350433
722780646171
342742953028
425198568587
522277344572
612336141249
645491352953
140879669162
780817463717
119952437936
307365998018
886292272080
124744865730
681862484727
576660707847
759602748141
399821173142
729983731728
466357515872
962952150382
671544972700
713876519304
485528256790
243928679239
351179533099
249180253682
159773702240
252284225268
755097648307
863102723167
101950958706
759346409495
249967406232
071141009795
334798117675
633763122513
795147010035
064278076206
198456095577
120392815255
796267452435
963933003251
394114701673
937893159489
578812322079
052963800326
133841476996
802045258490
123958881044
705696991914
449239064286
252688072141
718496310085
710486426242
799853217799
372924241817
460289516964
996069576104
768198460768
236825582272
019969445663
149612038144
975087227198
417755502954
123516893068
465769028164
880483107326
673379170943
997359065119
676241822198
171071185057
620587355810
328432143826
865339096147
574166101488
468994314687
029409419704
502612484211
997875328913
480970929106
996926728531
520509455728
457952194139
569342916060
378305661250
292722995523
023394052001
593369212847
226680546221
952089006618
054721977495
011618904596
897110788748
467744989394
795285580009
144786290342
134739629781
956801165180
717852333162
340814837776
315983415217
032095993017
067393495101
062255055954
861455359196
351828534924
237918220915
493028531274
749825514618
185005246653
919798443682
743149443082
882113967031
433238001644
695671483854
199782929900
985491130621
700061462090
073309013925
971842637563
341002494477
940455517787
908627881586
525390457781
051899524573
295164370448
872615380644
112039599004
699929394980
032801867465
104901463704
385776658316
109696326783
654195968883
498347282902
414329831110
292898422851
706231524421
568053798250
629183012943
875467607766
026948306356
410300458839
677663793533
594682069402
107761945681
201914864581
009715513539
818282752532
515745305927
465718168821
636005345840
607870322114
613738429015
795827537295
193209379827
542183672650
963418469660
519261670723
848096348870
715686564637
996305566113
692115343008
284946420397
653253478832
679633526465
049278349668
847840299485
690822223076
645194767227
307128177511
782531444141
709599484494
943042439636
868255755936
328630876113
855551386122
352566826275
326071758494
405272076028
249811603821
511708729654
574742120127
772560523645
122173847863
309732256534
712721510887
730957130976
945121263369
671709762103
399722361237
228722923698
456217254339
260801627223
065515033979
910300451376
055305222558
407319140033
563310330269
658020803723
300149179969
157018951789
991619402584
819845527368
096839906101
016154374218
702506282716
951101691635
838479247832
855233208115
426209014924
556512318806
182347572092
195673849425
482168935564
977657874328
396965049239
177406601878
172353457123
131902929469
199298408851
911037113244
606800559266
440025644709
551871672569
852901085576
939815145518
188232821236
277807364976
995817698234
185255817345
958189920306
396228849974
543506952179
379124652277
933986180753
239900331435
184152387220
892366621274
509288094994
365389875487
440277515471
564836511755
067956770801
803793178109
204230273110
175388609361
699508306118
825773971566
552679003372
547073806608
912178096589
031085281745
559972904808
554381648191
711866428310
817437550623
085901105670
972310118874
285781955993
126856637854
608979995285
302268583125
418468421049
925390234278
001856962086
476820707240
766958237454
760682150899
182495333431
807512510292
072968626177
867282763106
072929345650
586517165569
383783940129
826132269080
347743773892
399581700714
260517236137
491366081930
343982734464
556884292931
176804119333
096728134344
890021998714
078305800736
111897335581
182949461086
461086062357
649737582457
213372543237
619863470666
545216815656
606154372056
864634703693
192843302316
965655538111
625004903523
796019927239
395158013849
905799271017
725143523778
101248757274
250467450080
339075607547
326377331049
412742399335
663633537260
906370833539
816966939149
687513238175
231905883745
778797708310
030478000259
420739817313
183113242553
957245614123
945331145433
552497789722
917286410083
047915248833
704274476306
472560964132
077614138284
733704518892
457013254102
180411926994
530872150711
651277411517
382500087966
086461760030
444336587989
301146259636
022579629455
387221630559
252841499317
545483694912
345196353887
532572548103
937724277387
619061152454
678038290121
399873463209
236610605647
342200197878
912493407127
249505080267
641749139602
195428799971
616879456099
682745283903
370481177429
836631065797
905121247199
699781379598
787881295995
307446446269
290820871200
232434499824
107201118148
795896505323
457126501003
683133391998
163762806602
926131429576
089261368402
771271801597
625541976753
622033373081
801172632918
252972934974
541219095969
988077423025
442449531388
472258011485
574888376658
494308551008
114752157771
310655036960
702479777152
386236921922
744260802024
322293617743
593237444238
050051928593
236767676482
215452558666
185358653699
403168056287
002173862759
391336275251
426885254560
993485395731
766258517103
310498891380
352006203072
794650521303
567782007733
514603404670
324926543321
637495777135
357989021695
729858330179
218294361554
070351492821
072457371803
209191768844
096036843035
382677501961
410252720820
769850496420
651227651905
445698110928
636073287526
439551978289
189992891839
322012294956
073825036057
205905171474
285594592383
222189132278
685775843892
488900404693
438474379520
996262745762
377816336604
989710725996
110461821622
260638592139
925978286192
153035977571
089962066592
350842333832
691187875957
436915649756
570818027964
298555216206
127122935618
035508411513
626774429584
553166304712
075482525165
496853426425
502209086742
175672839769
992687521425
593879110716
582705713963
214771643285
666444745284
056468378656
461998857817
574357177077
108360764036
944464650758
966683462336
644039687665
944501687969
702287214187
699257327785
193608541487
093383562015
843331714672
188502375788
607051248703
465444421429
614075786505
348023173009
974505067173
840624650227
919668670927
943977245353
881684639344
299080500621
031359627600
029161951652
637459438320
693589718051
289937342848
498443725136
787802134772
469754150390
949196021191
466899798125
481571692484
507536278814
655666548364
057181796092
309561255483
104615332046
960361498804
775276194758
814318769472
627239242986
349356646741
044722051401
906592195762
234588512367
143446843480
791722232719
751257560826
461427784135
812447808511
785955308696
823375219383
506871337371
560627718221
652196469285
722313388559
538898666388
321198947892
548170637277
079585327562
969277097298
896812089525
528622034453
865770770883
284476800884
837146365319
591488731402
834295283246
118676966439
587430019010
774561005543
396484465620
591286767149
646321481126
790149598205
919936714669
954980550844
236917557708
229266585747
724394047278
803217138058
138802241824
473452539339
408090439898
797082026752
535607692863
571802264530
524366734393
240235582049
317389020323
853783735607
566846207224
481258585912
431999355395
987570136226
690542839489
668844439863
881980742670
594818825487
157752207300
055411436909
146971916291
643494626456
191389061201
999983513549
997349368744
176850422571
712182725922
277559375863
352178823244
870922373139
645455190310
803044352172
071265618869
638385929212
624589044882
962111345607
704788896754
670951444642
906698185170
145522668402
585953785765
666712976048
936504578991
008030111228
177915786786
013231339635
678615973047
458912012655
130986068625
631455125939
720858156455
701185372247
243461545729
029914524303
797033074252
671274174977
233326506810
967123467806
131560545137
713461766095
675787618655
375419033531
407665618484
962775670473
742439243885
119309815460
155558080313
456016734578
677623705116
227749456264
925502834642
546269200989
842844098966
120807131142
074352841559
042668730725
992740718341
807532363127
510919250728
089821116945
682663841927
599631245621
866150997994
911417860237
776740737499
150909904352
691959776874
533656610380
057065386360
501007696246
801391898349
240332369287
106264338437
707137521848
262511813456
069303533143
593639352471
452540305280
016995490049
726371498741
841295908948
389093829464
814536699368
295452118876
978980558556
371889359438
428546613023
068582230967
646638060584
853033652029
133548753090
653975045677
191443281521
177869556510
864928604992
919955707111
287904896999
284256327435
711666335957
629336160319
537608195140
131931036861
871759666600
404887812171
929389283356
900683992712
866685338052
863474510472
214287239227
477889161949
052087567724
857001337212
922004684233
230227817014
160954261294
146779867072
803417779429
785247874785
706130056557
738531110658
454003856588
979242772371
156725903311
073151356287
666888459065
931530055563
866718843469
856656116310
381944294311
135451589479
724996432468
908320358790
867819710261
976420990364
299556421183
255539417681
384903310323
505871988230
870213345288
150268726914
682197581918
293126432404
443155764456
615324208736
520810847616
079870523575
562555811066
511673850454
678105368089
675998600657
973380080058
071041129014
399396342194
290742847725
961665267984
916087989867
143523860001
618498685931
056710677049
248417479552
166509028879
686502899926
282295705666
778487932865
584991871493
774121756722
027742182152
344204321176
406548849469
446934539349
975432478549
196776065166
337725135667
201460902621
828105595818
273402422744
318845766002
137153006862
484239437413
980564644274
396691433078
585264986512
823453181029
781081415961
406029296036
176379893271
559884018356
699570142291
803939753962
665127084905
739445526057
805046001583
929784404485
307717378772
951021386587
448172511171
572433036857
463083217627
086106574867
764300558531
499324488346
266168963349
144466967422
846531377173
906479960125
346026025551
379258093166
031015342679
794861514890
449916293885
721704218696
199587796793
863504131145
779770279170
803951286058
377497824543
339538385666
920939474728
558617080194
703082724244
931301929358
302036724645
504265854759
532784134244
094798360290
238882136120
237803203517
196835969379
471825702599
050630868698
647255457611
284743171507
270178443824
305940269987
389129438103
989882967374
259681816624
622123601027
393501447034
575889336818
581568589112
173414445396
675369406407
138468315488
397349298446
874035363023
508870159862
363348160398
886927935025
166518726942
288616017298
170552124707
600510550085
345072029500
125243089445
427284254158
203408887811
557173983326
587022333823
273458883913
702468419690
964422400269
304183436404
997025214512
281266909908
673296311816
106551822532
522861818960
187797891808
243771100907
029827164520
266753972914
934473140546
887420447316
587467456154
977218486438
923649962594
949178566882
211318557962
533001159791
555797927778
660617316931
997240376590
321625045278
407210690107
724603296705
428595906700
425631573844
563973030292
981140036911
564352246778
064649026679
293959995633
433390682060
077459231625
843157971023
397245684149
286068147130
561807634201
907949597171
854977557935
028714160135
850388996200
086951767998
924117235751
664092087414
654200511093
880029041113
545040470909
635158426177
070529318459
408647751765
130650892259
837724860354
421293961005
174305987403
861232954098
425942543057
176985450927
844872398773
801177316655
700733598670
685230772562
585326739366
928621063599
162738987490
407259214844
885626373432
313545899755
805879332191
757423552145
229306032320
551094700904
283225792817
435793484176
670085318337
272308926273
447503751991
667635419653
615029997840
551572780003
922815825400
509693417451
243971469449
694949383919
822276193209
243312792433
210018301109
025268257995
402320651531
157838472266
998043393266
268769862661
742146772921
409575364046
805519221835
538443534037
882453853418
581080456964
910507696669
463879354528
189304179587
342175590132
969362400776
077846939083
000232737990
265476509485
094524849680
080293113872
019493180425
285948259948
455038558879
268320709344
652627977753
324391167258
982045881069
685012323171
313362085061
332927985141
946336821309
364435442527
149016222986
933177231376
571938922280
080224488392
002529122110
887647808760
663217836674
191525837428
578039024371
494715675360
398938503091
086128118230
227511850779
998338756748
423356139601
266649986723
778035833230
382912882866
217162636888
022882167648
703399332421
613250518419
623901683143
974214903991
048072298971
031376081854
428988327401
952516875550
410402088903
575863205142
676360920372
982254613967
527215959340
313186186565
755019003543
274741382364
516668992012
324608163898
315078368068
593457131485
486232823240
791696494486
827420735398
481096174355
645472815135
541082223395
352170853449
812558839473
262654787174
749008694223
027211897279
880963381003
827068304249
311952445942
114739507160
267443850189
250720708704
622760292961
865987370120
024001985044
121365922653
983505748144
255381570681
304435967169
042470635042
276540814612
296959575253
096541360481
471719763144
268606368715
862155259290
242763186143
662534331738
085967126355
364746311531
141262471745
548889242107
271213867460
544497322927
459709665131
718514794216
498052739534
844493524140
988097696120
337026818274
393107333439
513747982824
758785848869
220460197003
095655287900
479218843810
490306817171
118135867140
800241367360
552391707338
095755648161
991556601829
721947344730
420883136772
796869441840
811404347066
557429635444
011925572980
070846372157
571567119595
256872676790
361683807279
025340901271
734625221188
635330000126
825276769333
634627074789
654177305044
180247856143
617805457378
467219142817
360026357074
855727004604
550724460949
275914809891
906685004061
458229775203
586833672063
658517324168
653472372846
991897387830
533335374436
002383829662
117545803486
232189468583
096029761481
514528057205
749798483102
133955310992
425799033918
830311961773
136572137979
842612893743
259993867847
332483397992
124778206162
724772875041
892072747657
404911320962
959100828270
954508520916
904045914057
286503681351
524959098659
336143974339
593339344728
521959871434
819420930897
794156084780
509178668471
634188784129
826780377994
833534853529
991252363466
744174966360
270860084378
900984581268
374647736300
275067053265
223855188155
788768566806
010892211354
688396425625
552836222973
376299003443
105750742577
674108845988
494056413081
527749333912
261167321668
452733730419
771215555013
927731907930
730482690431
514585104002
596515824266
204912601158
282564857188
721621164377
982743552302
122395171063
096677490824
898840381215
280871519387
333016679783
640993497611
222112019943
776228771244
347021073266
633668849661
247661180882
302600255001
763888719254
575291006404
357544070719
042287776923
430225327812
522692546473
325064678432
400319228565
016202523553
839132691767
299567105839
626806949542
845126237331
652170645369
885805598546
353955674497
982550331515
737977680756
020265374715
835173789464
073954407863
581392670130
547608591253
458347994373
066189871351
835465217755
772184993650
171377210562
254012660253
990051312861
897452175236
452363316832
792483832968
662498566309
784446902291
061697393916
381572937232
898304517592
384385062115
248803967579
506576749436
100411148321
831739182054
712753876612
029780620953
551681883007
699842374336
953665390637
270885651701
899571852613
361190750937
825347290540
896532428720
849802717387
149565148129
323621960379
880621954079
907622233404
457712001360
593458143010
072417111146
324719142831
878522485598
368068839842
420394585406
613992823929
786492329486
937550086342
546890638663
507024853384
432015118054
328356633776
423986195522
903538776686
635267616728
429533779736
360106948000
881252297748
176578292674
488235951964
793348165856
026527990637
146203142556
639690098545
557789663526
844732253759
119067989080
225356869959
613404649838
635667020698
726971564057
767159972818
499821546299
524866083308
109769808604
369336599852
838023911573
848685904313
034403353576
363189926113
312074766712
920562178426
974814890779
224950189377
448309337257
146872270778
589385029858
633263182469
086178526534
246512538202
291507817949
199895393375
216909857021
867653149246
792251180295
823474805411
645732133299
193120460732
941770781032
849716382611
387096232060
176369135114
330233795859
083971718975
327447533351
703296899899
754073792570
901220911292
493583969745
130461499944
888049860153
126205171627
142823129393
554314785827
076108691924
649943446925
609607017137
279742032852
554981225979
881333039955
468229018450
830992297097
154360473386
460268940147
165233097203
838736674159
628573435149
892400256497
419337190323
399654882583
212722551440
942675682351
179163163827
903908600045
569067371881
186480590990
664779640978
567814620620
813023976417
756631486107
776844221828
174583208857
181835726874
978044532374
861218465774
156648772796
779376528200
844138906331
680687369820
977942295091
243357234479
942460989420
003591114888
151126862290
458176447946
407614622104
782095315184
305831321930
610724356328
474685833149
293492887876
990608932461
503953801456
345354632662
393402748796
252025895808
374028219215
278429610799
992141298934
540742254460
220761581457
501779370994
517838635574
898799645562
086839722449
369896587178
406107675835
954017268069
852375921341
575187312106
302253698498
198555528768
359618470912
728493187406
986198821992
241546937437
071468671278
234920675775
123454521738
476282952062
463742898265
472703615918
757030194378
579328276603
970521245728
526791405271
550059771326
916368104850
718276035172
678740562316
557597706607
362905737454
345890972153
392035844109
594459538129
267555681328
662893973062
602501737349
137351071318
613122221856
014169361945
325482726687
253907410507
068375942190
204167183703
445060108445
964932772797
938515420793
890966675162
766101580776
998849063275
435077925295
569016241260
623611620762
049280912601
893734187198
283885322197
617815067321
628645821165
727556088992
334887183010
127368124990
672561162405
732201813855
248734717998
920853021455
270740296943
894924363789
320726494753
054718199818
152068439268
159853563477
480241899225
997906595657
945174712577
298794688116
628661733290
561888334200
953761784340
461168732355
009994879490
955982861628
091911944212
853036506296
818384031680
286911857250
888584067960
939870849989
521677179751
076753143408
514050713795
523859854484
574367741548
972864267690
804395095036
067485732027
167866870270
275276079787
884860250491
134688406756
296193777136
971219128031
802215819428
150684444998
975030467961
045480902902
209722284667
689323922451
134247933961
953978837375
565279564420
322820939703
075534645044
080167003786
755927842436
954907808796
192727334879
356144794674
331158649950
770295732344
694475646625
129919834556
035494843786
743266055181
910863891209
765988385120
245592071480
341145338990
938420745147
697862270643
244284304665
853898709434
640538014444
744503074387
437953584527
761733792457
029366431244
127355060883
448530194157
407785932986
123792973406
216630379424
093698254688
788109228000
886284958419
535066696258
693034267959
374686375029
465875760464
528474555839
551621180448
710782440338
710519752178
927995865611
564830235457
899298783406
549193922461
851407818961
918887031328
823895155947
967828927664
585423863845
469328622745
636805409648
341866191805
118648928900
278368176859
913908142697
412035745034
879971186003
120167545272
491905479150
935391629652
391055949709
091472405431
658560532381
084603543250
337483429387
006266256735
499026091217
483921101549
989399489369
514667350675
900509053607
705070910684
681261625326
983463061886
524965936678
955940096614
765297686350
263457337395
340988644695
989835095917
570034113478
277495019133
722130238715
775636823127
978556371336
760876019279
026448378345
348816513045
748814530605
944189261019
049853350979
040845370850
806521787364
807808509860
510014621493
018528029138
206403377330
618518329505
617752730092
472201360100
132599751922
154837248016
294269962481
123017823769
101320933329
318963422565
235976918709
476395385982
531209949114
814500001364
652899420731
957650426555
485638182673
299743476073
102224487287
108480025768
581630353000
629174875152
803193252227
506536174002
419118121026
684839076284
163379858212
788579192541
670199818342
433966702986
618111337289
595937273472
537355385125
609574355325
536193058925
157644024336
716375286071
362212583171
652931436087
859154608733
557066994056
032016769063
981657061503
721452293783
701252106676
136737501949
517625410867
463175254629
073494185261
917567499777
321388460937
516150064250
596007947911
132527781819
021225162678
312227498036
308726921222
735649626311
118604557440
899721688901
602988447171
846573136954
152635775141
095147155594
319337832920
933013186900
092465037197
859974077085
167198384261
823482818370
479265305158
694215633228
272852041445
117914570662
357599945299
984202318757
876612728767
004283797083
221280798692
328507555999
679829268935
315305621577
179717214955
610265513519
241759750106
668709084921
709345705146
283669735124
109590425834
789572231336
868504677858
090377057436
502487231110
642155698573
209867205212
656342280751
047096833534
792206715908
490719842956
599307849256
223982742977
792814624503
207899334404
759212854477
265892396426
716901533081
401523842261
601739165736
209549793562
680710541162
338926708001
676469085176
302328569134
678075115582
132462807587
209059829604
077972111117
425410554640
759781789485
754108227078
202440033824
941972431785
029749574231
431454729829
318364925209
269987011672
399785399396
958421193541
168709900669
932340552059
011686897047
289298997453
306301370315
061547719058
784402494182
385403437269
592619746696
260210479899
808902114811
696341972105
279851930340
825234920046
698512754397
923400752951
346960418295
430853345515
123769470445
510841557422
925912019138
959701531598
015807055374
558554254100
902784689187
294789184271
607255884588
382360801399
682120948899
246128507573
516947019672
511089242556
864100142199
398119901833
086478729711
601447010956
195021303996
245013520667
180574923002
538166474091
051191419761
501334667505
889825026736
830948951748
046866658043
119499027252
514254322774
496368946766
827951657259
632719050958
628107523191
306574683844
014813769551
481326304763
594398699511
250106747795
622447881566
458574678963
598493439623
402834143256
607126516266
559506750636
128205759183
822411520451
315793400096
658381342126
405705779293
128451392043
889599638512
194926090420
595921380633
762653293607
946669678564
798258319838
503162659607
985915068725
886521689802
556107580857
443600881261
468225515029
843985017468
575600866041
239015580031
471465338430
526893689616
058094914784
301761765115
823504445705
600753070731
761424595954
070868450846
696287465794
847486823942
836267661202
606663551551
334239136346
542628487849
596155120173
408318085304
152330499213
153610743879
859396216473
264946075917
773474571805
722494258556
503465792391
048382606652
459148263845
005119560364
387008653522
299903419492
394284327348
178985931320
492589287090
720251631772
910468335612
876938762722
562905847962
711979905500
644640898544
719792505109
179742234819
837538632581
418361132894
237939702394
705076949203
115282796610
651300050108
261688694715
787021926433
150463566244
557870214519
092366682062
141115497824
044350383794
286806952404
945346094620
921159011075
971664202287
963385338127
184940157917
482464834505
896467521892
958912546178
086699392795
278551863269
616501450705
981918876124
275155162771
128718992897
314232302231
970474029086
705074919711
640460125866
010693300446
405935754799
998692040524
371796475014
561037207143
002359654826
533512227049
147257425602
478382663103
658347822080
476151385296
834391847565
206312551721
511882311823
752793233183
467603348668
610778332749
137055752134
143157124510
057281866556
851164850354
166649713944
551658199425
536005413393
977285011389
742369379096
175395347085
533922521051
567820061479
755228605863
811715389055
397777161188
493773824098
412160340960
357817035104
608517638870
013703029590
980290625988
206637653734
355278319128
766041789967
900137172121
071424787603
044682191894
596749155035
980928253056
675039472008
305294860751
288027370244
642026034696
787032512642
251072071583
349727202393
305366912112
425458109218
840495190293
128062468384
493105801676
395086423180
379262455625
661455664322
651736115588
012757030900
329337867811
288908755618
987139335733
137833644283
441723457472
754760699480
001192956263
488171079372
317412545966
031016404280
316164212584
543627762871
631179062572
499633913823
470944497085
526365432561
752719508709
097202327944
145459349309
904706377907
523585674203
318477467722
683344510844
490840736090
000547263453
728760089803
402554054958
159522555215
670317132366
504340904432
728866659031
563829952893
884521389170
039491453218
841221957047
578477074811
596268957694
048508367623
724418409381
482901291576
978674662987
598584793057
640926905750
830725749235
260731072009
483480862365
573174741192
528820969204
097408150822
896151322717
963910921688
022497895714
171616801131
975242752196
556007195601
955462901494
835327301759
036284602467
309688314753
388348644520
576612579034
063245093581
803278524511
646299332562
269968361045
728851797746
723388964424
106034748967
240301983291
725244434348
462737743507
326649589783
002298037442
358620436034
308143092503
007621607870
634185780146
971748424143
830790887338
727102418202
773096512374
193139970488
241986564170
071618644048
721495761539
510707469492
307191375026
443781116926
054789556698
639026479108
173725518464
308800391500
403866283747
131244239631
329207290135
951463289020
947119341035
811907150190
510262726546
652742629570
896903537121
961459333358
621554943699
422063596013
892077152082
754030795175
815427120026
815331775759
355638657725
351143752590
585300926719
703901813856
261528530257
389431346215
617592006889
634729180715
221801246532
453033140284
521080863050
181294439726
594565110519
108102137809
797236729180
970974912107
916971871578
940929687298
278139854515
973086136178
174533876299
304319443840
984517732163
594662893218
141801702300
941607758554
034120370669
331908538510
083965244236
698245874277
524794187825
691502944373
621791557728
974828823487
341449672101
215309942064
132228331889
536692258608
739415710782
969303953582
586443458594
908427665585
891840527713
802508654782
861466374678
155811830120
238004006927
029565613016
756397192120
898120058226
058350381844
029254762948
068748297991
054885792021
533688117584
500633748016
820428358171
594134921160
411528790653
280130154831
023723698425
255181029052
050922654699
594202450386
112071580046
063676240917
457274143999
368076222818
318429575416
190044249674
753944501890
801122723728
238581579885
463930681864
279492443209
068068201463
966881290636
006499131930
184264650419
627202181150
592325410832
755627250600
771406110375
200272841985
013859459069
487320624171
623155677451
918575960201
166136294575
466621609234
625113985623
130551425044
494576689763
841310962697
741614132677
543244843854
932436204059
367594105055
504931114481
757046103130
401278043452
400019773823
656867206324
563971224188
605068677058
324670294085
069860427172
464475471825
635850929000
991598523229
156805148118
293619971667
828593676201
001398742592
301823389338
340424544874
981543720387
909322837286
528081672704
021454779856
956983598208
829888613539
969729161623
948713874252
088107974846
577036552435
373166563729
074151883133
357820710775
662054161229
773311024131
407729249293
341014237831
598712480685
451541833203
218235235493
656564224943
584295405550
091476677978
907293859692
860605262527
228459464251
620494843134
312467360949
033450266386
073596307836
279032105148
913766201351
791959915871
007948408740
968454228001
205828721085
883605542926
032840998933
781803399343
304080520717
787310420255
940434741389
598263206016
821352031887
471365888880
013484519453
943553922569
758248203184
555442804242
371013179438
110863285428
657753432381
518790825174
080800217335
163871186333
890231401263
572032050211
506629781968
903568475625
899435954600
735957539053
523161382687
250319806720
198633929608
763961148763
493908039382
211640206405
298315752609
663197296072
481769157711
245283669922
734433843867
918360751553
228397727259
906846339570
681081811064
742349191062
362737808991
639843368419
130683791554
916066228896
830079767830
310462118564
047767970274
905184727410
674340225789
353958977224
176076267609
844427924871
115590518406
701744683212
401898596319
965333566199
732442048475
678039132888
375561398652
824365728737
183596450710
110240281750
092925012200
130111135207
142298499034
261419589653
027533768844
433316125993
955322512489
152556192985
569241850949
494798855648
552819525072
202571049000
201569361843
352150739962
048207278507
388723221045
681845495815
839486103169
224236362891
558675351037
542251486538
150241097365
148773407874
854357389599
632440547865
494698408685
273191674242
508188406787
745531085655
946983331160
876463319292
734794064453
913517149547
867480845636
842324100386
969642729598
948139845061
807533930477
392739050089
552975263823
976226251649
187088045111
466301491664
796548069336
996169856458
339785277311
910142508546
340155447358
306170963784
587722331905
509030667531
882686356510
075226457081
519539446218
684901844425
978434045437
741232463921
127835156581
500722178531
745836837191
850789654662
916835431291
601165858048
318845345410
059171914565
823914741259
796088591774
955544336794
827488898464
668892688879
967238376767
829995865220
841732437844
710635088708
756638968854
729914651749
084588662864
084433481409
881037083309
432557488329
064796746710
508503927315
487087954531
688175610856
451435226282
479398163278
990571278052
699767120589
944734700614
370346324330
287355475557
391826011133
763097311581
173147106281
930948862883
973741952951
372887705669
923080798367
943705455429
672968111119
610379800846
576647395405
207254964390
507485116643
751133045453
038523964334
392807304231
479428335685
350649166482
452553278491
987229389856
938566498596
894276605203
483895782156
583050877890
085249952101
306934625775
109371428721
621624725906
424720104555
059583900237
977084631709
088601786698
001114344692
609576033887
153774541376
193223665388
100568538599
396902095975
679699905352
954748568554
055062683601
647816745035
103688846543
219309809516
018149435821
214649650372
589991670566
355603884298
337119031132
478523993346
161043789617
377401108935
215715818242
970834770776
043211073833
883462847753
222653816299
188254665853
168421714422
938590394270
057909604284
010862156992
097728315500
555596682670
079597237654
325425343754
296768171423
405421299897
672270553642
894893688934
437841945373
749264914067
560965951552
467018064130
541791941294
911851448431
436817889355
200259506888
161216126228
070998286286
820627374838
257112149285
398744792506
316106821387
929823463999
618706226680
099185904993
948852845895
415231808811
645104622896
466124127350
561364729766
897294906019
620577829130
349155921849
337785227268
042489781095
076657201790
463255464347
861251526091
654946714550
162897980630
225408262737
867338652106
515014571210
398487114878
595867881772
295597355525
171225193127
520672813099
259592136315
696286302016
902038476494
216455308284
774870131602
564725605853
870242825151
281842197793
975318759697
755391165965
632653913775
222596252955
780575042332
656188714947
481714324517
706505609371
183156853724
781303987419
648630484010
519109883937
982914495667
753593526557
816521082858
632441461096
708247351001
211446668637
143640548744
133619872097
010658769146
122869454649
469413583410
393037399310
764269041206
698316994486
261294156819
525851758070
752976077244
166030591971
791258218450
576671796899
763118557630
165771406302
795786578460
780062679213
493945708370
529591971220
164552025543
883871077795
134993744434
841929710420
669667298293
562922905658
532005424298
829213861728
630038858938
009732648152
248865887645
930529527089
940904155937
251171995838
000929451986
524557550500
815645624507
966091024681
853323450229
685098227007
190173315774
495208410086
740865007338
208642063741
506443529905
582754386946
275212020358
784212707766
681810274181
733905728456
094351917698
959571074770
149383409632
511039424958
210438632278
303670004898
492289350844
552776181927
076362605923
760751382076
192853489777
142958137969
829972311848
116040028768
236200193265
980114204558
417338494050
236907196018
117092246968
204714870721
336394120740
170228285161
002143467061
780121732532
769973158887
983746293887
292281132624
093821129173
250231286886
014350584684
475071040493
997793993653
047260930153
863484924053
319477531041
967220576272
166331572748
784263908713
107434399982
317888262277
024327323841
175606672657
741476966359
357626124394
333648668299
255931162194
479428248118
166473066522
820737876642
826189583246
830157433176
708034048687
210537317948
859489113749
133611702728
497641463004
394551072171
341459714391
046538697107
624999209650
144809112715
732886979423
810013854415
102336952746
548767874574
990142349686
450001736227
109251003599
677003558781
923859900923
003896439425
416394885696
589058955276
843426296952
452571921222
130896855231
471928690433
948559357430
304487111961
397164170570
495909739520
725348790671
299780027704
604439483383
290073822350
392410733456
491068447897
956698232708
775922669686
987737126507
852193637551
923060850581
662373560677
552051387528
129363694291
965261127154
739871177625
261818343463
808596372346
450801409590
611713731295
135509396392
244843713101
508245163482
041265734448
877116258061
771451986984
350558609009
753846722688
787376027113
311108225597
930716265394
011080320929
088438340941
919292867559
010955639003
577274401978
725947015160
381097829032
500108998721
290956140843
765126973321
200504694069
367053077629
668349249128
479558770886
173656653251
189307681115
322493651067
325204534269
330401405069
298072024315
098393110646
378893339834
167968241163
158327728670
779493747121
056543435115
134992937925
393476425245
760270923650
243885635743
153605585685
700959216603
872813348334
484691077775
182574683598
654411652988
478127276004
140303338716
148054208251
246999661760
681085771286
943853327247
179007784605
213496421892
948019918714
638758788891
156190452345
280184563095
528413684977
759973663023
861854246612
807016209648
147150694668
798628173029
175962008305
566081856157
384854552892
793712926163
658716740680
954914650590
735965330570
475396412063
987591758788
466496868650
718488328460
731123453012
009015914098
621384427710
334970720214
103634767620
491624665073
182523446131
173855331024
155177096142
266264511736
329964471107
033482896845
158382226604
685627326120
173363069346
497951841944
073372581668
593667216104
297080970699
639496811070
200783541582
332959055174
738730286214
204497965180
922880062764
368266061192
051692122939
897387647776
944328953237
798886241214
801968896039
357725955801
741275181527
764151534916
238405888987
501283660765
189176336778
605870813347
605358654050
791238241017
791297316801
209445769992
086580158254
494027603519
484212399528
984198382105
518992830970
748306916677
689263148048
007173749599
291244272671
086113630917
339357946086
420091633288
205407955671
440726505833
333231512357
336389680270
054899310147
028615321307
277795557614
432326004318
910988843973
117218070316
366085409993
311300797786
853113346988
234871890619
213680343142
587341280383
839673985167
263530752711
896053243226
075985527198
070875298624
032028105980
506543640356
082046730243
733622502966
465663545428
637858313806
898828512500
874255974990
924981901325
226613898362
665055773800
208217965412
822999679580
772659768021
681317731730
604478836739
720053622606
036718666195
012406045687
335794368269
710851296991
179984868025
407162369341
543664188025
532125497021
397343638285
786083864771
189199693222
411316734866
015905534760
177633296977
348522828764
994756435975
879159547439
261755777883
483082489535
530538933350
007371950992
905911529626
797220098450
919520354568
728712561872
070571619887
982038608436
301606786464
540982108958
054296733450
249654463178
494234642446
605790824715
227983265137
462698783128
678303355955
082775152188
016605172927
130917821464
066642548666
891459388775
096889759590
840869312904
728751088861
008782264687
155645936316
348569246935
369477567407
764581256314
723795941391
809570078395
022230337282
139205289369
882313897040
302766692867
476244289069
098253320047
120600275756
564313828963
330656769937
674449475137
094877681351
016162955644
257526784102
130775653214
008996334046
935885189904
071991253161
999528334094
019711625994
796551736769
569738102832
417844571656
000136179737
078307590780
644241439194
904171943613
674082242394
398081763061
043403177645
731964176820
949053783040
276420873324
474919937449
908717569326
340067099522
922469728885
527105612454
427225223434
136382027074
837221932420
806063078621
433720720998
607859946628
649576226829
224582277835
120894512949
919513069385
399138261324
425978364477
098295082868
679742387646
430462429228
151820206594
323696764701
957231020051
155839781117
403844197500
927088731286
782820377833
017778348851
439051357157
993755688799
842766577642
892161368619
780733405769
505849910155
700049758004
289527552029
213264715258
647446300689
157505913872
513268946875
455422703957
351512102373
462666207791
868851613523
612717503131
159548528870
312078128650
184713322887
469082603545
737932697095
887405318905
153370928565
342365481575
670086094377
454981129732
371789288169
310623618367
049707937645
276545907505
967653901620
785654127874
909143084703
914172542625
925882975652
441963603331
577312738140
854430418768
637579116516
070187655367
971316845199
111881624126
657604459284
096859455746
006205053618
425584357571
465609784531
052680439633
548187580110
302853050062
721357458709
113180955833
679575046034
807063495272
795163069004
398652435297
289020735006
691828794660
856045860312
936794376659
743253874715
035138054776
101122366860
203552645648
817019271684
965241874503
293894695072
934358484327
304146301827
801933149215
619927324266
401521020684
603553040123
003880178096
692615480480
291863578361
185079610096
246785550673
659793601210
915986758601
260428353069
558692488847
693591659431
442086205017
526986433592
443142317472
212748926795
808448674785
059307426798
654801366300
937296705366
847039445822
221979349494
198410212324
145797259252
018110534460
913681883061
103865311424
749794181490
253335839704
019723683423
001966651002
727208073157
480681389318
885070956869
420594796791
321381778800
968342669391
580848424092
245245351485
409104830067
770273549326
828990696629
211720081748
135395828577
458382414802
482550255916
056767258647
008453926734
687922915989
026722046544
149604759359
199654424637
924636059811
513354772317
818631996180
485678418375
445324477068
459524931692
202350730364
434793814619
362310893672
192711868927
118851586996
434432818191
225934226731
037421949927
599271263164
676364891563
928841445561
281366860206
950147455758
930783034871
492328659139
122660863886
844485754721
338834942589
716858276433
732968544420
571054682495
119264292035
492012248920
242857776367
383211702905
198857779677
314303060386
968734437903
260430765995
357153060441
368107612018
514528618262
533005209880
925613091628
900389524735
021557599627
756953045239
858578810196
718882679843
991554014252
010706720288
919281952006
514728496399
021993767802
430126172648
102937854192
793666683819
729715660180
287367520868
339868036278
548709670208
233804756441
486268185979
183832698069
006895431457
269295241340
886916761870
490433617218
058909461517
279719632373
838765701795
842620277385
603708930822
719473365093
579061174080
924616921212
949372598460
751586633917
246882068672
216598027031
036440089893
321022839937
045128114906
926180193186
670260213313
114600202599
938749036927
732080746085
369155173315
262150685179
551008257026
833099011183
622278250095
087769722522
122190030023
362245674059
215833454057
518074295453
141131333475
594569675584
113632378135
575900915038
516702521342
397515180114
180979293342
720290000540
540802080309
465142661657
072619917854
722672945873
550480875765
685116929470
928977312200
241450459778
794139254853
169655285893
522901429767
467747939818
554692156037
637627296245
515001387506
048963458917
600161704038
249069785905
673647346117
946921910459
327683678164
323917623008
615720687235
471767301106
640500353738
984119740545
234979214355
113386146072
870263669578
587111046233
297117605332
882190857903
529533168287
000269267481
406230651095
950059401796
691769099230
999785328255
195078153944
920557404801
891082069903
984012891697
213115215758
713439974418
389457006916
418395330198
954551225064
253500536506
639290798222
775107090972
012460905859
832892784597
330039168596
726213259799
596672518035
863700451058
981963620729
468476770545
331749450281
500910588621
856292566152
317941176781
173003223059
567178499513
411567706346
751848579356
445402491623
182139083805
204696275455
536152941612
844906111925
196708641706
232180187427
779993823167
545774758491
351499303718
594152883666
965290006183
542167729432
615524378783
304079086375
079332551217
333908458058
950115375749
728725668562
068967307991
635005263620
160103491335
712660754037
753101643472
932381743885
924470582448
755044901123
178349385856
588158185359
231721785949
665314967603
597494807068
244535940249
062332353439
000798240219
151326296355
047433036983
228450180370
533417050097
640527874870
813375447850
247512687622
684966866826
959524085253
848774861755
670279035688
492810327291
322192466397
066491941618
566712149467
032250784269
214550989034
393705422610
749517776628
962516932350
592347181503
328909553542
693539460262
351233063635
823531443605
378495725196
366190840347
005540920601
664743914047
219023086677
653452668699
437575995713
051767260226
247010750974
700074322782
215323208571
779931908181
656991675960
323418723933
494369088304
978620414116
980004979643
821672235174
986900369142
985719908552
206196788485
230881050837
704945415434
897554269317
421212417449
180891026654
819556900892
896588084848
368732631057
959768285307
406252288554
861115864986
034465642290
797666392945
152786489796
336715774489
338654013658
925897839360
447963844333
992065019910
593589278705
213099276874
203200284142
959351809679
117991314912
239833816285
806827632910
015943394635
591013138101
678347401544
948055840134
667866146184
439063086344
944695570850
526848301968
207785858907
292601618138
437358089668
530284835247
702603275092
221721963502
941619071956
122508530448
035760664600
610867225573
009239089629
618458634251
558189195980
596130303293
448167517496
442961831117
866433178956
782582561498
940736005316
984225346783
575052063758
326450824424
781983762320
201753840675
840097132351
346026591456
152577609828
385355535696
469393889906
958726083699
127335919045
448345944226
103206614047
712012511035
100933568176
834405726866
100491320512
951105652862
403605154000
529519924743
041493689337
906897839945
565090631160
334946046322
158269075785
829211706935
081364590816
064155689249
153712887632
688852101828
208528067364
105908166676
163425444567
168351255335
903862991373
046999031426
918390256431
029007748979
491911489518
414651209217
766853126592
411690430164
302677966650
364439726194
836863566460
720261814395
331050748389
087006912374
089177377590
167197884251
385762418489
948939252659
741813260251
388342947736
244582935945
903566522434
036670352074
472937250868
698687419738
834456018026
381746961516
971331389623
185999624711
662644489815
613418974004
160420425667
219585750951
406124585257
327505932174
934979837679
709132012945
555060348844
472913661018
277741386402
938889979930
747754933764
162793327079
071930379381
017498187121
911651702938
757901572221
175661943424
509428090966
128427133871
793616015867
017475488225
693136784223
390605191849
228045744007
230789354937
841885180363
580361451953
941882538007
718444637132
160820888752
113426358203
934675442037
558664791413
413007297363
740223604812
456635495457
399826477933
344651187790
088241606962
545167241583
470917507376
796958113107
250374558413
682662388389
377753835822
079568593610
876859706975
759175199263
193591914440
715859779109
698243835664
527971092686
311630211166
211075254024
917532140516
435295042093
582045818996
651929977148
005460088531
965908748296
055477346307
123261275580
188159586347
027564305220
667134530757
158369464803
620338260917
739077784801
468803349975
833180428831
234803445140
562277648153
823716797658
630323194398
633442447428
473585725425
170476140295
285981033182
944292292084
945393206557
254255618557
674459321425
924950467733
441481680864
731167639076
542872916096
878593750443
777975096308
293910488412
734762730723
217249621907
824770175425
927259942478
777293405246
153606840504
710055991467
846821677385
639234608410
396187751456
596084237707
866809942557
717984882373
808357140819
033046351683
600563836014
666819923080
455760922754
516829285359
142173116919
040700628068
378039145672
873311127422
134013446771
828714826852
240269030580
297264687031
089442679204
942840667079
905376933788
723843719245
734687573288
954780826049
119963609748
427533441922
813250229747
335059620248
566165403402
242865268438
332319988563
501775139212
185334113945
999157460673
173822965603
370047343594
993614934970
556671356481
104923788869
427801702457
449206407082
082912968382
024684334496
663743968993
985907547926
611573441078
070175208322
873062060267
037051977758
552520037059
373757612210
344248618947
815008234970
945135398766
455437560033
402712071007
518937512385
315119708824
986461111467
479903288040
252181545640
363645859297
416444057606
413233184954
846545531156
436693067912
670308211820
202369943162
734640230050
659377657266
570588329889
068489180687
243310363132
463460658501
391002583806
146248674810
522663427489
939669033263
897672388933
386783491181
109565449711
302244451276
090319769846
247807596177
823218586642
943291143517
399604013151
282806780488
561832589550
531704406416
346074364977
689623356184
799911582693
453317557644
036690992561
098018171912
906396617871
302232584865
976189087902
109410079216
987793517532
228040094654
305538293601
862841028493
725317699667
811025167914
701682740431
887211455728
393648071441
425104231066
167007947435
146632715906
560709525811
489775494711
282606271883
465983570885
124724515750
700492664836
835743659430
367220140222
976169211506
670573700603
768343708152
254795396900
588997467502
808446373336
876472069732
181407469998
778045395642
287096310511
139781119101
969332180139
865779709343
307998625717
702906909735
773174075893
505509740522
169278943608
395570267617
705543485675
693759239105
781370519456
755239364993
408516883848
942732246495
683217520608
950498317263
536306904417
067188969965
857810729443
767891585646
502583793291
110612106300
188010798059
350962275422
707420018601
244245979098
083242650666
224215541275
333975882996
477146544489
508744132891
918656198090
108667962516
302559412685
185446238091
554721894462
798444787086
945695921129
843497967856
499006550943
564861564031
911827863464
967108169576
465620807749
924644822031
408782674119
274488677250
615728828596
835959640509
076912222797
186740933371
882942613663
419312755968
134360579504
027179421278
032610323951
508804790170
492809744053
276395021042
752040818465
956959913834
848351710660
578498826596
321897908755
661185387747
582258932360
186225413788
952390095121
404832766987
864746528284
036209664474
675651827490
726300519366
949339087510
403162422453
231828651816
178755716856
686388059327
598102798056
057205629024
390065330973
513367253770
074494986441
799153834606
462934374965
012482637510
040639142011
765940642644
122017654106
118970382239
475834690598
234590096925
915666603690
599891164159
731260066380
796862503457
575150214395
963821031525
591728739798
706654980892
025002297686
431053982035
993215406392
733500990242
763903556401
669439266766
222494699101
802908235984
385314345105
677811788545
425575274142
688341059777
302347469497
276068381396
009135837051
723169310071
598555008478
456312227949
347563062825
968394690547
113877915830
282023569717
306763573933
459698354705
845148318682
915010805188
325968318330
045585836747
143901950225
853734771779
726799766566
608984910688
129294655770
906930830009
557365396727
712096877754
005978645628
986566817201
860410832011
039064871308
236878450417
186274966021
447407069061
760295771085
228512506833
747217726346
764192328093
842965369400
525534964241
404662239625
732287410498
155631791132
749466837039
624575772142
365109698892
650141773405
647904759135
858653507007
162916298736
997265577536
707730567932
332896863325
332703139208
775712778789
967991897535
914769980184
166547371175
853925558844
721099406862
381723100115
643222031257
612249114623
917205448129
707821205240
327193965570
305728927374
431051868958
160100332776
590347167068
510857897553
558692559191
391396715581
454230261916
689247830412
700864177768
944262268297
526919141359
089967810563
364323296329
014489868662
510157801432
588629620040
333493759191
601990002508
108349930151
313285822098
035239331877
752497987812
975541906495
846242682792
383072173879
214771925316
102448061485
515970614306
375634300033
291837445487
883715096377
899761471562
223528190019
232481293810
205024116776
700982482289
945769447429
970572998248
349192489318
020945781758
759349899368
399770794323
722140668085
267382280757
511894692144
075167409750
370493375691
918482641783
350569711391
044525321264
743088131168
557006005640
594195943140
355399497981
503256122012
088570587800
492941879657
610319063321
505256508331
538755890824
549716242945
897382203355
729884205627
520277520206
647339263655
648803143304
458110176378
702380602317
674050461224
929858468381
385447910253
727114382112
286558595931
915115699541
898268022610
876182124306
512624214343
598655123340
230542507587
565897549512
436832932259
622160235165
338103740191
161021189324
003727236714
229339560528
778827332230
451694265429
910932735189
507401139100
216284197350
438475598871
979597113323
315232107143
048972709059
953300771105
160869631704
018659667584
802866303126
163150343615
684663618959
677364125008
415080671840
792465999238
178324377344
067361283896
824776794862
259448522987
860698158479
355010030781
512508142419
719367780016
689112901365
233884122196
218822980614
409600085431
623825864110
984737100730
166163446026
715983610466
113287916636
768220402014
334765698849
933449585503
829415066405
815301002346
630366534900
421522132900
159617833473
036656679405
161804431273
980591305028
458376557328
090546011416
184134243179
056705854892
429350702283
991088376748
597651004988
911978369916
145032821917
385648964960
131828049604
787000575944
636023609567
465013172773
184389285798
403227863899
