261672807732
400891828758
581747966188
831221825846
952500453849
325646546332
876604151516
621606456082
956689676839
556309446554
052437208635
636139842245
115823769202
411458926289
513622493444
807722690896
811779891076
962414658793
955579706969
511972110864
059857953060
047423287177
561645051162
976193718412
508594938919
024852304860
201812131573
590578342832
951808760070
819603393112
393245810436
711384919470
064683705488
858757118558
867054767368
053349114179
168431049003
036100610868
897896381855
381073451815
699414188623
846898486860
056887922460
709275813947
572385535042
425070290511
299509159436
607125121969
901409505036
377064677457
692446739686
111925876035
893158185574
774878619728
991904507322
337193673298
499509396505
336840400603
819520445240
196325055501
029803886486
349976388877
287454193967
191238080931
651379059005
349472021592
495862324713
163511784460
421279128943
938928925442
499133948473
061145020992
063209709390
300921501475
294813602269
752247426542
165567171155
623424939162
451001688854
290082033958
391425839218
856016627337
772825139019
392441689614
512337284568
982748278607
666607901459
888169465612
698277685586
770687258853
842701850370
828214315606
598313642487
196691639206
891264293828
244645126735
187757622129
416427129871
387309392644
809457160728
234288943101
897236524060
812908179309
729252141475
353611886744
028401001439
371553193796
829132884300
688720931952
349469565796
628298746549
620480816858
227562113728
896069398057
408036486866
416164312744
953500087595
580702425839
544505846698
682913941039
071020067797
086208175995
529352733389
672036020719
705029271634
891751186651
730494659403
460381373946
805921090767
152241927171
211154286506
572368801136
868540592457
972421874049
040812020156
671408472434
745285734657
808684055995
540984684763
128988622693
036499243903
708181139981
067994681620
957137516180
261451578586
903719359540
357215534209
464535878509
148202481057
659015933689
644873535155
480415428311
175062059246
938381041067
525042366909
553036316085
159613935129
465668971155
387915032932
396867244899
288859196517
048835068716
000196215893
614727882590
699662810505
342082992202
795475832768
189405477923
069242742845
837285331911
093232347982
009127070433
838474725079
107288881935
882065325919
034144001860
329357249744
619669223306
771499749013
477509610237
720996103829
706766712629
092598989566
716711719560
470709194678
561594753997
583638694888
200425570664
346091650022
067271753988
175869515135
514343723621
673788275824
274501279231
719177889281
751781107891
779747048116
654356665053
431005253259
965938114027
554753195543
954274284660
158530195819
360884478862
617481632106
795513027925
520633855803
458720155135
944286210458
184763542292
494476014142
841244169490
091017555779
210822616691
927749742958
188376320914
200784627608
123972624728
981933445288
623071151971
634733832273
553618413168
734130553273
839238592752
598288038422
796259093996
700662509180
822456724385
166716808877
963793950411
883531114177
676628238743
051277977156
949384660778
180416115237
325640982297
274885346354
012817301144
084699981180
383785231198
747951783144
894886178973
646225761130
932560320786
378878629784
988946997177
505398758974
874511633472
130886044315
442823190404
908158415964
800118491367
032391708916
937011103747
112167629194
876530533360
541232400667
142631642259
023463242814
456704219389
078997693069
804351320879
389871697801
390445765552
765353466115
772598388748
187380366102
551154445260
262320884494
852353723814
402572248206
579983724400
774684544758
300738903163
969186731751
361506427849
560024924209
204209870735
088038574369
866157429353
033956902862
240926625428
623934598269
340777539502
762670535526
894869059034
022232019548
344183070343
469434983871
871818695433
904765928888
450287465746
606748460410
867265303774
112409396878
337165995698
823978745519
327848520753
796147104508
280833099075
699131239214
455409165490
942136252806
864942433866
893507131559
479274055115
607596137434
321120608105
672010177684
045587344455
450160680032
813938720804
493444164980
795444595558
119739409892
985321375965
172618961722
530122755494
496789493274
473477951883
558158575037
965862869337
915839660740
131497579420
859252169592
685461403201
942693613548
500980233036
343978657285
242408497688
830565648423
013036459390
888128100127
618678088559
552728311810
032155743576
562631259874
376272844850
997729503282
742572708355
720531717933
604505749394
623746234630
403308333327
848482623125
945202615869
659559126134
168248146735
815830038536
891853157356
190535634805
952622364900
340310568672
481298148193
085566388948
113414439101
090806989408
848886535324
621547240653
272065367025
046229401680
484392074979
096710238050
429834014568
481629531071
266300526627
914386614292
795267122068
813022136842
446529384920
989709682806
180911234237
528776625176
461394075956
990358176210
946008125453
001056253062
515787877309
344348791982
761962634356
708326021806
477896261040
289411348898
107843994693
534076286915
578861505225
545844304755
085022883189
830545585092
763354321542
248832227946
303317044672
143720978847
369186880279
446726559529
490439669291
309262315015
436936850619
584019033879
556308946141
387920177378
806848178604
510541617539
801937522673
728208447618
730363541413
695083844234
394266007592
469826103189
229801462123
413150211436
688805109109
641420151688
571759766146
946994260812
344185195460
045503845370
295019429248
605705741522
758141244676
997441258061
703037012848
768934383662
334601891815
370798903754
870882921942
496385712500
260566123414
575962170416
821825276985
975518207025
776752387572
453423653128
612495450878
446562629401
834033932862
725254835205
529347243631
558035152980
845643897586
360509040586
262909771968
762407222351
338311943011
936092564809
105813046163
576388461495
378082169629
817057852425
009547896154
994723266580
693072488531
606459322489
512021607244
910568299529
677736700738
536437048499
582928547726
931335233992
132075204571
227143504915
158449778241
827724589878
832133844166
565115357888
930306083018
711835191905
298509071380
111454143280
127106731163
582201235038
520112387380
960212971478
686720712576
818538002391
189398974760
683635925821
440152509661
589748215951
166044868342
726124418574
160321344862
417877548172
216998832014
112228499111
589527074158
609369914243
974342408245
242572634093
582367484110
553243590358
563638033483
335163140414
792564255336
759276599842
463479332227
188264041858
620401335762
897553819053
356932537901
335014675498
062939423657
709322591612
276886843786
212938332850
473371949798
743615464799
204971077076
105436723190
005141001639
639984080138
532788704060
507917404688
645497384935
441517892870
054834938671
497408980071
691787243040
843695199776
933686990672
820160080910
894838118461
895683405044
474221935389
972047660722
617519731341
911601127155
377518928462
143061178858
775114996892
409074116950
169644995240
548085520326
833283255167
801015765573
400669094868
705513669295
226729893937
868141428908
610791223457
996682271619
533709508629
265273153930
160985428060
662358676127
168579697584
093362068060
240317487571
305980144531
119428183149
575159693165
899895229319
103983905399
338343483885
273004237043
791746712958
217945023065
977873971868
230211287863
552931625721
432159616531
489019484726
845345622643
198736195976
245687878970
083525984518
711572565253
516733732332
628884421367
728115209383
191005330526
992677243493
633933271633
452419338527
792858414941
380721331093
931364725522
860312545354
053114517594
415467192782
960110209175
791351042812
360357798033
950225929748
767250363536
781654620931
602512493399
516049870281
183790457231
916716922280
278905598633
916357321227
769782411197
197068438111
273540979551
514508665781
219556635669
670994940268
984361282738
691183936610
611571987925
756649159063
435642236361
915777867997
858437821519
153780617450
400183364242
849672022208
507910030734
182115965899
182607491330
218779499320
149146449332
021442899310
408480154548
332336939856
108290196841
545707924578
944602188675
548478091898
831286314420
905098800193
641282513906
121831377308
137211573010
328990253028
886296500980
423180511105
088081376899
391651655746
222572032555
321466186692
712424811408
954081450943
082709829553
595699418391
183326720285
709947378883
197813165500
741881285647
613762849564
144708796757
873059389878
583103129430
777596494993
590008844682
801944404600
830837772167
464331446524
315112952885
916589404277
519796212934
855482244548
703093980428
542432294002
710683989969
496810983434
370537937734
753432808864
146527484906
626154243293
286472629429
640829469745
146256089983
841323984940
062800345758
782643031570
307082614935
287329484566
504426230393
683127899589
608994305174
036096308613
820155876233
219923737579
657958494908
841287400013
757404827952
020452355091
901232036603
010463213506
827764123081
526058368494
768604008372
383208672997
251242596630
963238793482
692718251254
362979287496
985364784346
429095699724
315830923841
622276574295
871504250360
072980508631
039880944380
371428209594
740153506040
320735674040
953320636768
170195960983
333734544840
681267096790
851888755970
272583851197
396599316639
750707892564
409373386982
295119066977
479615844138
241245041350
658152357795
392005497939
147980934949
385935874785
199267736917
321370185179
264650762573
791506960510
008761554569
410689467771
125637610462
619504739174
139029573596
999831959660
655477310607
273399395495
084413342751
270024424197
640846596045
749582151177
342254264068
924711784230
218778622314
068193426614
260963153687
977043288697
192723861127
462353337960
160727127190
394886075054
865744340780
918196693084
928215445066
182619814499
542988583842
228727880374
361811992529
230363964301
035504074892
276171307185
807794201143
027314210247
205088431138
768185312350
101323670155
780752576069
292397183667
414864694964
154202497135
957434454687
442284031050
586025685634
389748630993
358018823279
768721534011
108656261903
729736791297
714088533563
254022995098
429792749304
907342390774
987340145723
802678365010
904480770944
911418351315
491152742239
734043600301
831967966430
406300867273
913924170400
645269439925
978546405183
825073789699
896105642981
581971902097
030831268478
631936529236
225164188606
835025824820
944893527743
689396377596
733256129114
263827408607
247798586049
046934484295
073184539707
030175520570
839973556471
747730184732
791003470157
052992428882
062290945841
942855937792
530742947181
014261198879
484454290460
155670142131
462295674748
054764615012
789591309429
504060660860
483126063417
721106739870
595179636982
781890121113
511063246835
642078855225
443036730668
342768995583
991927522374
335343077314
947820331998
997103002881
879287549328
708535163892
781579978292
511884314122
421498720948
739884658324
094765029499
356179162791
160509752866
055220741455
189926439036
042134848378
209013585327
305936720679
621299307939
261967097803
024246457277
681206748563
524719770149
515057974324
826904334953
288734772401
418618336480
930231850286
989378791073
408740775257
856861496203
371498828635
701670059623
782428258303
841653704284
040095174826
484016924850
844490770165
381447502930
055568781704
710477198646
675896093175
782827746781
420370251675
293420437856
759857031918
341910575826
654573637900
793116207925
628550056355
087063711325
953389033629
812287748473
079352940680
601107248972
199370366414
956741642918
514660569137
228896972013
938730618353
911930274636
720205322254
389075134937
465411237623
446924813260
467358626863
844100574796
322226805595
179971797121
334230011394
613959887167
158685995292
828306124290
210055177971
364652396281
784547755929
041049214819
717260158737
342074814886
457634546854
132934842665
341292497040
698287650439
193284035778
216328553016
087638122595
715321499641
087612139924
451502156190
325215266394
357259760457
072082485486
443648128622
705357146584
597576067860
127301283498
723783066273
529993954309
984838448207
577989571220
390096037906
437741091440
285564724113
780787809278
603720480116
816487675992
509870573406
247290963177
253716496909
504102476915
651863645077
484993092228
625896058641
030605982753
191319622926
736870630840
102823976044
903157762503
629954297335
970307641874
623021997509
291207936674
486076935276
439133105044
285539805672
848297894918
625180865339
896210830205
813594333102
060335984766
672672749243
855299107419
120625837701
852447818578
655728749233
935315755691
572994756488
132989472282
711731038536
661429017431
967517678601
183845378508
356355020274
636288409832
282270163133
723157471775
454783388844
666201490864
415291988453
497163520438
817197526964
492696450750
688221470604
041707793762
185329109544
267573616947
012277218012
938510111153
573495625237
303791691235
879368147249
960398413632
964989213555
400378829796
467634067900
085484917181
694363539553
862572642915
500505758637
765257178474
317420147420
221579239736
429151691976
508921089189
168490476342
866343783309
465871511024
079543272535
373632676205
717103180994
580196276566
654160319326
791309849723
992100542615
137237012346
324966301545
752843161493
816101248250
926360070475
282170506153
194732301941
176204110428
621529865444
120347181262
884369802319
097334013007
684615054750
838508245252
713680951538
165874964239
277053541096
350939584663
568701720494
331582908035
800349211671
753810820564
507225168114
015108891059
296139765377
706758038133
242603730471
750314574860
175078789049
728132493072
188209560141
112555444214
094025050872
686672134358
776299002293
490223466310
838141877762
354456727050
967656862870
668532198162
237251151338
516722087643
221312353267
389178508788
423749645957
523540559698
526900432032
122407288138
879893104628
107443045934
304146957848
654329325319
170264876462
108618921777
531125828678
841341129635
151416894056
662622277743
534777012478
581675063798
029559752912
974746532811
186754235071
960981585164
075086533420
134748018529
197163399365
607981286994
463388518733
776469381066
752745276215
476511276108
417334141490
674885727765
568931259772
204311059632
166734921411
242831300174
027755439956
507340110967
359974480532
972576024157
432171406410
619427875041
569470515882
398051035370
078825154331
305591225242
070877699515
067060086801
274484249254
481885728452
096558933245
785892916326
781879392515
906487651423
509418263221
501683917863
606000864096
285847163401
303099391160
713325195260
272375786078
003816140453
300917574828
258630607054
913144968114
977051657474
299216190457
025258501882
077133734688
689996086522
856196641293
530113235186
011846613784
704184285295
790538620721
415979350185
154061607889
089458005699
351848988999
561992021616
853625896128
666135701076
784578109158
208657501205
437411264002
012067009939
958928296536
935556867608
060994841457
355833176794
827601726477
236957240459
520106202173
710602076212
593540910496
209727988586
391589296128
210714708014
686643422274
272187883451
513684108381
847343700672
664854333900
431075250832
142621450070
342420897789
317468167512
181008857063
916246919010
397081414686
335073600821
308233119711
383534397900
518205961472
049432516250
052451080697
916529626066
285335731455
366169799659
706862285377
017289479244
802877760400
061512919264
208567977130
205231551647
090178618422
310614929406
482503293222
834208643094
004047195109
201798831258
213524133024
919012980065
123039819892
874811287273
653596607269
807477352521
808212542482
107105324794
184573223138
582882781820
960368230146
026448953698
860392288507
576083813888
333274847111
976045839091
759652871049
297782693691
422728727989
061800205543
313678891192
809441150120
108239254603
957548103159
471026127897
323866610253
596848075119
442871549123
746498060173
261402855789
243781753958
667502800284
011685809608
532142238775
361136491291
606758738962
507975396680
641867035951
803068966975
972192571892
019411079786
803815224449
663932472790
018814573464
720266640469
888028823834
185238015675
596302642852
789943304262
828394108053
538400415444
750249393592
927000215338
084904273612
191925772681
905823627899
466263044428
499230685079
211663592789
278246207790
564283662417
384129100428
460729561566
956153408840
958965713662
116086285325
252995436280
067770116476
242475790147
679855129211
923467080915
758661703599
610307576219
539581763147
473131927274
201745183512
769863703191
205889978163
574918206176
596010919786
141714180898
288955982873
704710878427
769329633990
282587044836
319563362318
864901828572
110876434476
358288320455
237464369329
052343848270
053530889402
825864945735
127373096845
786788670675
622266259328
581134187251
598331532486
374401269495
250950235764
034128740015
424815296878
293272553975
521875075417
163006832078
127635379673
167476533621
132482812759
758091321519
286325086246
753685429201
227932654749
270576633521
772983266092
079673185097
530720122175
631333062086
392466069787
485814286317
574515181213
214883213230
432410456763
531780274181
918454797604
065811842992
172004153811
884685293526
183730562757
474614058257
497565893467
248415555503
336435744094
193922992349
719101810254
457610096576
476405861027
308014924473
970105524467
943570813541
273394891767
808895036358
924257947560
154530363953
737537124445
555756474418
886430277426
218588564286
159051107530
710144893216
483495501512
478624060728
432203403812
047924764430
480679096522
476323538393
744789207874
052044049470
402736233094
806228231545
099475674199
491825919790
748425238431
622063687788
107941836115
987120425804
655750036894
327844641464
831347981309
103453798569
287912882682
479040380607
503901420780
889255774202
888145855816
675976608979
371277755013
060798055265
227568787205
039969753412
505202779434
851421268887
132756538082
112999745474
452184331383
133457984638
039659766326
222786084015
081953257044
624615731988
329410689455
253806161355
493854103619
496056457700
937074382530
255371496102
602256322668
492543056514
527585274788
637496829977
028898604171
742639368543
329932950455
739210381153
134249817404
320479273276
090596292874
338432677128
507896239732
441073458962
372304401513
107138982982
048575637902
199952547037
892499962157
380264883196
553471040295
504753104012
858428101310
981096855956
476416278814
796398447049
133257689521
518071534752
887980882564
928279377092
613701816703
909449195347
985452978744
308534977838
995113636686
028568763258
505637936964
459660381623
567199988020
782884474571
168371860405
282250555994
322904244173
070006128788
849577150655
029788353043
634695394016
551965594082
857037813207
590221900806
443616033961
726211085337
005930116005
964288557315
118045024434
208456615534
092172085613
497388014706
656108739599
546838570830
651180137780
561941323633
075962292024
216531684027
521445143958
334579166760
642393675223
677347471699
960320131222
949906001589
090458866507
779238174698
467604588802
567282274702
030708025861
857313388219
166901602951
610071482740
578749868054
238504324691
063073895733
919312463776
882784528389
649594783261
055926694183
357629217543
761081708343
662535975740
987326906956
666883104000
741122965319
041784049887
021616990563
530062745075
568051508952
721687491814
150486244299
959249316487
584786276711
317324208677
189065280435
341683031367
479135602545
109931643083
817905583799
034064443207
942962915794
827779753522
494263040233
483597896321
061328216236
799855119728
897418189603
861671982775
450116192683
105105660478
339994455478
287419853128
496544923179
029930714919
699105546146
110810062254
556812641599
284920043276
308831140907
757921082533
750863739320
251401887406
932778439820
553194799267
829383827368
401749325465
629919885067
173857270531
078835629833
712393651900
749325677133
660918170430
016609474324
402018244676
648258652511
630872882209
449794748820
577278648058
585118493142
902259473368
227961807438
386476057284
788976630468
152914980407
818597056570
226395402630
068986536992
237112395321
669568783567
554669108580
506304199995
650307048681
828029735626
474212095520
319931831346
690511546658
995897702436
799548768669
329997957347
047012997727
631562960732
196925556437
803489154656
988028241554
674842119424
363708065995
569472643920
083806993144
151773688869
546123744008
662664874820
089479256342
221771921439
054443342804
673643205428
125217372705
686584437650
349651769103
240944943926
577996925214
505468887340
223683855011
112254619660
143744655355
824906552473
023033261784
708727589078
471054526589
348894924307
927402293604
654641117418
834705599681
551879234737
091834902191
013009308630
789138143142
361800849162
902497533083
525898519992
050032847584
072932363142
651669742644
849332471427
732122504897
257262236502
522840847983
199571061808
264798703444
896921059392
242056368199
612237137399
455852187937
730494008515
324310767462
859699761342
929895906227
456315376278
048538574948
831590959767
951304388673
122541253376
357510712791
703791940942
346081798492
695422759746
822978264234
312160870322
857821066880
390009455386
544378104007
690698101788
242973951589
954271365466
238588222425
617430484989
829613240227
685263332445
645487078836
370804633859
990404382465
476137335970
710243762494
766032436264
394394614110
497547700992
683514779205
448274732246
808404614082
749125190831
888148733584
161509122140
996072859848
759441661699
755525875263
442303621142
267402371332
233410961830
278848100716
475690134843
599860091517
082163348873
953681818291
689049450213
862816710912
942705318038
681439890653
802502041415
962069325562
436384702141
674801459956
468984754377
385680424662
838776425224
036328284172
829538561815
840094017934
653662499989
210210296108
337203544994
548518928139
899227946467
805884958585
008647645297
970239387681
701097982136
829720484976
762789300686
412968153037
948121166484
014872726435
429676824395
099134554391
808914151843
426095802964
438703190480
900056075553
181349533758
303017598489
618182502789
655947379830
428197601190
480188330111
654163296997
956742617027
995514578681
038187545898
572764837634
624736746943
056220894050
669088034730
846890639976
514809479786
382695984293
487319888627
417683386025
733320252558
921774651293
922021682063
814849241628
442476262163
640005266561
121998252968
026260852803
290021205344
247611794772
751919985562
337660017926
163728254439
357486393115
669803366241
998330730638
413783294007
139487870304
270397274576
040174731660
657110078303
901274468329
669702421977
545997305181
945082052322
000032307981
085293723216
913663774665
481859887784
118239027913
139699032162
680363345493
896811449798
624290891061
667486200054
009683011871
681413789020
952964286154
561560273427
476468522741
277340268863
046094117929
253034231958
195083149566
840596428368
458473668420
190971153577
625299044891
482560425488
067802658726
627509591239
936430250169
023620184071
888736425251
809337745404
803455152953
228059137336
429598634757
477556452780
389582998604
791071889949
160817708956
036749712532
273174857693
999348179143
687780165087
867030312953
150829756144
307606498263
768897958618
630454735663
973848255680
541047215385
892122048664
343560723058
032513883319
388435116014
617798193361
710498587792
719036181308
734544013764
343139036872
286124121460
987292600826
836286890053
865773777438
476987260795
204142397950
529283054955
580367531915
889502585292
479596860441
533369178073
198850239289
180705171771
128157551693
734689719836
630536477536
903876080004
103705911763
612312963807
734058207544
744069602506
276645772119
545748070964
055959915667
701955386679
303373561484
662840430364
804954669587
068652544018
038831084168
970797191275
938755602547
705883627995
240080324835
270416554438
104757881078
259980996957
582972211649
582313152328
691180948952
217825934668
658595547468
577492802587
255755022194
677060329146
392990928363
290135405065
047713753483
741759814091
202821853523
615997232070
955042062315
229718891724
318689305160
575544841894
917386410841
881380002668
265201933493
236117614018
091394699355
699420439828
384521798406
405466208679
654341303605
014942874056
019927676044
462714203445
353998504221
611325519831
559950984778
272330452212
782448653273
854117086150
479888710157
462815216499
992352151375
888624454899
393238619866
421071194981
908610620196
938715370192
662278817811
819626221237
836524269527
991959573653
538490092862
669526883031
468083053619
358583849983
247787274155
820015301687
161467672513
160403770193
139575049162
051618431518
500383375092
465574846505
795043689291
322816626552
974511632307
771592673879
332233813204
065525949250
696418563859
565815227075
806126343976
192355640083
174921801240
244394880903
597266554150
435617843850
480720941345
308633149841
951995609138
290382895553
942110593317
370586120423
198266555406
164082665112
415523561206
828915730012
886511709603
885614866255
977291752556
954386170391
880144744926
118670693677
081968161245
097924173680
387702903132
871073660927
413690576774
227113576555
164062209403
788199355462
453002115837
439581804911
635755793441
440169281883
868708038195
801890462661
310224077811
560682804922
312200883642
513121408170
435276394335
134776568136
774846839594
406127244749
906280277592
345929348757
541941404603
532492841125
762294740434
315986064004
668163721392
136326407907
050543779340
246454367506
906840911184
422310246144
828567393977
604694273854
048382598766
092274024419
874018058320
552524675782
938454418153
802885504036
316153288185
300945299423
991217778760
969063503393
472240652064
476792461026
316286250647
647747173015
708256363432
031573687464
638641736262
985015557695
497722780309
828689712361
402895492813
238317755993
351631741233
031469299720
886711697521
853547767568
055407453857
338389839307
994626098672
910598913947
595485839827
248889554386
185480543628
549274577441
805104461676
861162594763
102517413664
620080299136
128234878782
518542528037
664671113931
614025874374
597896791063
728630379302
465282094808
245050135666
821415715909
372403288591
155650309334
703414018558
826146594717
259992171304
156951904816
289517620689
090706059522
456852283954
478910415684
074553328581
996248942247
803124532036
783413310021
962469932995
787989904817
965667558409
649138533000
697134577602
802176385924
240633524804
229915007136
326221946918
052304162652
658777914622
950278859511
810326998234
336234827232
419916994390
229409908822
248946463821
040265545684
772900496728
957373172557
299777123991
052752509141
745832421252
732049905398
978458271360
557821090780
217607064451
340927711153
757417030272
529094205259
000300673038
806475703579
475359476846
443638466017
176164371250
065868292451
326679457721
874587949074
428567953004
865614283002
522295437031
510257077370
453090334126
053476484912
062346775136
386799969534
641675280779
556346561856
499749277078
171163251763
015493661586
525824844289
107518102022
480076955425
842415051967
819562905137
590870330517
819304090119
151212948046
168042927195
000673636631
090352955127
617709818831
527436057277
073300399108
604117744197
238692772391
002101285009
818700346014
851031618175
420605641947
197678757436
606175002987
732354847270
070593597383
164744215797
137211250739
648089588156
622326910439
980518938131
496900201572
746750937589
499684435908
104857794740
357174003870
687874827507
906870812807
472450989402
914764150674
091751354304
231848883110
276490015909
597293507466
684523271307
132758689955
971335021792
991423029731
876347197905
132873995330
606479636695
287730734827
804502336760
207425991338
437418079059
622142345471
146652652569
564368663882
298770698253
699014333405
855058178358
019716743086
733339719461
098424419504
880466456280
836208427742
343783103096
576886926914
403681036748
219929103602
489908175765
449878251741
621434191538
739524772795
059725467915
563583822310
627330411490
240773552573
419044602644
071618757393
085726300871
423885547479
455470736982
673705230294
267381460926
587906906856
917630151860
371996422220
639326023972
716063627464
052645137632
644975177343
481655687451
903888708599
126301672610
472133829503
372012892074
281997767176
771826777160
156535282944
637859046743
456547401531
345220478432
262920456748
833306767122
616911491525
179550405155
868718279121
490391462594
062381307875
099526421995
049213066344
720690438085
827806300924
127407728382
527734497892
452743056739
154468096523
297557186041
343711690466
870875608150
999859201603
054338773311
709411795942
348475217882
183942997560
409948804550
531417393867
804411067771
578008816083
346886880779
087707310252
909181992071
140069260507
030100461312
498785430390
794553130985
185646681166
011954456090
890723163503
465680950842
331604668924
775005679655
495195036946
997319168318
605270313697
015091543238
825545911207
602083378629
901079313573
090785072460
741840990657
832744862334
064684136455
324357544763
547343052000
198570327468
894385351499
462770471260
543905993580
758421925753
191056210394
929871875048
503295566701
244831566563
354893366658
082363442422
932683914241
750811811071
913776709703
002490130929
496400923536
573525776671
791725649312
496851610059
139083001713
316091481318
034523165700
943755281269
331428676761
340910340682
581591193505
041409930039
829219116835
084044644421
386253836886
709025825235
305610366641
919681319301
983152422808
201024935171
200323510253
232347225513
778238611910
684048948044
828565302505
136803603150
288468004157
708675162799
966423484910
557149077987
322551120769
127699356094
534242522494
509065503301
357404303694
041444305813
603581066274
857305765426
326786723333
606384111479
672006082203
087088301525
250993305527
388649678429
534901143605
056261894230
191469589262
046454883169
417222341068
469583988297
015653850327
919760645936
488214234667
072374538091
967566491168
924726239456
154161616298
847809275305
530064484961
418642201753
397415241638
740745619465
568750045275
826102194805
765295334328
751094233187
480528623074
476600914735
469548819778
009676814174
154885581395
202637906177
318582029520
391012765748
450108616187
842070954695
577032090462
017095573924
914643727854
625150262043
323994047794
517530058428
307372681468
246872454523
873545013217
302157016177
312782306552
296513677128
565723351873
796591716360
584741216443
919701786237
495649367137
532273899148
617958492510
627753761568
224933131685
820346543641
666478537635
729680030051
869067488974
443132655619
392110453112
954560286516
942207865857
619174522078
715788197598
874387825607
178261048374
333355381473
986622399844
739636184762
524164947121
566082130062
801615631142
047707185695
246763266831
607121235295
969127323501
234050115582
985215688135
123028776397
446360527454
507619087005
986769709918
591610628962
211057878434
639475634701
442553271087
321194391441
797826924472
480676036849
363923077081
912928047239
147253912237
992404490403
179360564761
173988594352
496269789653
581673859833
856029605114
743276298743
503485019620
354300777733
780613195523
605585126869
673016999796
602902320263
654252732232
441912084217
423918958104
790850017424
568664781512
055799746413
400524224118
806849413020
800745395131
865987560546
371623742256
798862782510
782388345535
822192592052
000994685460
649173779830
985537515052
257108813426
810831038110
336887757038
636760382368
095207012197
809003970074
770744533984
388643371547
392867000112
241823512453
553439604895
276253132572
850647347252
236106954631
806416932849
730372041697
753155097350
986292371917
562872203142
623864538882
254415341078
004087684380
552779600739
026729147590
908343168674
897557540589
922044804279
509269098657
181948816530
385755308368
089982797937
246256197533
516037385692
738478266473
530521696130
088079441434
857164479951
028386061786
829684156025
851740741002
114278916413
913276423948
198942650584
203799787578
466688006825
089134020046
914950089287
165707012042
355429162485
139159356309
822360845724
112253863141
972140531221
190062980275
826809417147
283475540700
593335482692
991276122254
935708967852
491621554312
913508743383
532936612808
897244131762
647055565745
695253910423
897254739866
453557359618
461210012465
650633077398
229882799785
723083675222
672128409685
478238731621
281935306316
576762704645
176031687805
609719593360
129866175873
779773612832
174866987835
401136524064
828927933030
649470411412
465625838230
463652378479
616656043787
920276031789
371684752811
428202323049
483357030019
306188213238
337330423854
685557344849
003318170810
439162286874
733157114053
100766437068
898762002557
227776409547
820547326331
644819842006
192384964155
159067981075
392537434764
485254388233
148360961824
009638340511
555960053811
183657438193
194938478079
029636494304
525860585868
101025988499
532023691549
125299564860
974347526309
967606921510
657501668089
470394249449
017687839424
819059618983
097287347926
142314256344
550238168893
601572469649
244684550183
674799019055
709493190312
554101484233
044143585161
053284900208
660687992563
348006350996
763525225205
729010407956
558827152839
440816898624
475688113822
318591106269
094110595405
232617970834
498019909438
197344931770
356346638480
278310581166
104792928705
430271623565
649036964477
126487433288
806066414307
697664477826
072723365708
088664302301
611009411352
789883586736
473543250679
747003024177
197555510556
400988608211
222867185978
242545975301
068790414078
005292255944
583650750360
297380564486
586523473783
459988846722
441722324009
188422365708
398086628891
875920974775
236073986399
321363207167
293106265328
425775341851
628921299676
704003502067
330258765754
427134653793
005560768838
181120544314
753334745382
411896576019
041754616987
817965368902
143604049129
608071214632
482729937760
513023882669
499347712181
811721355894
114257754294
882144274532
465150438114
515633937556
697496321558
471626407713
695573313573
793326534412
119196642566
045344615564
572985050638
774695011704
556671656577
743672393250
498714693666
611909587297
923552110312
598470604472
097296464380
361063483990
666157889776
828239123787
462276970538
138875008417
305642422853
667491541364
367610317275
759514801057
827565224734
729026198297
406032252797
108436528175
085770554478
056884998804
136371906922
217302852740
071218514105
400790285730
574347936028
561850344230
818207920324
368132218270
067450146886
120900816137
789399580207
200228092314
009990375110
677222422526
604860851161
068637279027
699709786248
495240821745
267739820182
005226020047
766422765530
212052494934
643088454629
821986557974
951910089632
088267457689
552605799117
081244684576
923049736867
700073975714
066718829209
654787724402
786552013366
767619868519
965103732352
375807481493
150577337502
751261631226
676442785730
547660218732
718601478583
742250381767
112232641021
787894836977
206845524269
124115805002
370682691341
569292581960
270713730843
353616121216
100318984742
029983272391
026776245443
158219222534
101380377841
774952170326
262916573040
309633223521
656993667743
316697896583
902515545295
896129872299
090520627665
748376756697
273864655838
966773228222
971508702039
880875749422
394993404436
865471628910
646816752223
871778185343
168230139410
939815388987
275985156521
097024657826
706060622700
845880203717
154305061428
827294190266
107830586855
647404522637
528367135311
927899302610
965438754182
973825912017
449096498234
865265603604
243379091898
376446126889
947150738490
851472915811
871547787053
522047902743
770392020385
803604473657
317460211671
901692018130
755893681663
292775013970
344566759196
027435016598
695467624927
162504046295
463992361674
994242776117
735140899292
051987158465
491053927806
082213356905
926872019724
336684115418
734211920127
128767642227
644207992224
192123296124
478356910587
731765915455
486838252242
671334750332
898555933640
977753295299
815775240598
430279904388
367034593755
302186091606
106764664615
313517520869
969521986748
228991374366
508503980489
589646115076
654072346066
561394190520
482270092582
247002228095
394294836020
155691166129
194625659149
408474770679
154947782940
040178363574
046127819027
434492182473
107887087779
923592839732
386555155583
657056958317
799563002478
861043811631
267413150206
627542475497
432693398380
455248608987
800478314294
300101156957
264245658363
557938581311
236554952919
572867869075
096602830993
562718287648
565938620140
507164969112
009268633327
167612855967
792094114322
071237224628
792797697462
975207984401
729960634472
294557148555
338671114559
730031183167
075697205054
261435277576
811705759483
419863816823
261394020879
100370706789
814039868277
533821096483
071898467894
825567793904
421282311024
510194584417
936044005468
951466535497
734485321685
710037255325
921361420009
685413697155
419295438916
417267488797
374817691261
091885546544
833840093857
593392105370
900885976568
216681114594
810914831540
013685900790
408967949774
830282746925
373131373488
146684509794
777129076523
540532341790
731228449054
504654353310
735208047254
184813658766
038551885744
743344673669
332279382223
557408202537
189592694928
067409627717
816854976984
287992899035
433455345602
881414712909
459934965021
994784683574
150225306367
856792599486
588490395253
394491149595
576384348004
270466216852
272704320795
185448402773
752607109838
816243390888
296064982095
334981264227
362290133106
407110433865
225293114752
034925296052
504785033549
232671594363
383676764906
406347105579
081205248783
480936705001
710032920434
633365497615
904033715476
173319371029
218447755728
613795623718
804319716169
515993303189
786433465573
626385461775
643456503346
965163103755
820300265508
980228364198
975606328708
485759164436
981402225518
202584738114
480979670203
213046020141
960427126142
085270722327
749925526457
869341907490
573927824845
692762045475
995720572574
075843833755
638223797665
007756805906
396679126387
098066091500
565021850603
155183669761
087370091762
039423381026
415806271203
107340776887
239443783737
957107091095
980920666860
338033483398
253750903355
077053066339
664005709874
982210143309
434776410282
649781252395
975783019068
663540996002
288824381448
473757831621
326642321395
706914791357
610673118649
258636655394
832324165924
194156608664
512049956829
741864612325
488627839733
064218684561
651285326085
908770782420
227464264243
766609104486
468862735297
222696630546
771873237142
384821822780
156828739875
577882383648
930985286914
536786418660
640239161975
957355849536
304639365102
185509036477
626407770129
354066768835
622887357588
743706094290
341775048489
533528308478
439141761584
498300960693
114190131007
515933605350
021064026654
926632415972
455003398538
713591697526
924623803113
295516657902
621768113414
850178456374
699914008843
959961598887
981418290916
815830261415
919836480119
664430828620
169398955146
150082185605
447975961286
286554946346
066211580606
328789126841
644441916802
449822981961
372254110152
602942000356
438715263867
536206222329
103708829334
725882173871
315338899349
889971734291
865246986241
915142279941
314395712635
023473116260
872230505045
225904249594
629625227861
505815955428
395879915006
225835152716
553158120690
557347993791
679418344337
485363549831
801942651274
861627178031
321387871898
868192791125
167926325162
121468769277
987721272199
454243430861
662794154540
676949228219
739387579948
247742006808
878270958804
352487078294
801623221762
869551248786
351559713002
586775213986
755884141768
933678572172
539171962209
995208805492
524567869233
660089474830
689843200757
821590190632
279230484535
883435989431
943173608343
492950764769
627542485187
840674901785
719329567142
122227806651
490436757774
192640038509
144906475130
489026157504
308494289533
269977108997
803092810958
221370707691
888669222453
448182736998
016083018794
527148494214
225017079273
274144319266
555479785029
351819121200
811812309872
221437714263
531121326449
900583650180
977913235726
228723330398
740596797888
255018367595
330644543960
227440941682
859099645961
696943634898
787057839457
294707428850
788853348828
417750933807
031825466165
064360418754
885701759840
651410446746
342544229834
954239741626
188140948009
218098756483
893481632121
552333319171
730178038805
988210821612
722979610474
140606807343
400729114999
880692490659
573012789688
739666415360
954912574790
395868712321
053871883171
711671325425
699770737416
096080351071
506819210301
111970407777
255489952879
453505686886
603743800548
852855644956
956652961320
058291773303
322650219709
204703368469
256676530298
593091289011
229040598933
771537867142
023576948996
853931192039
436893350138
308158620906
342397252470
412570125100
879078419197
954425614230
599544682052
223793192986
671530993413
928804832164
295664602182
779329301158
509810682592
767367812560
117952349608
922083834989
948816063278
877968937252
317742765824
591190458421
586565206885
673688788990
923758189124
409585070312
860337936032
546299629888
005326225345
252020899355
662987959512
144012192233
926572671926
349995826089
504836054549
744750456705
603545166216
825785470527
324884088355
947719501971
679638107062
979294156458
984371234000
007853998481
800885586186
623086764849
527056840512
921367710143
646751508360
415798793821
122069348073
424426126755
952591739091
947399398330
576188767073
821650457258
028556098800
097950094157
428970148030
362283945970
184161855545
599955228873
990841269357
017215407944
916961234663
058554749077
694701708847
481685278571
694034098770
787489370932
644663811433
290264793531
718942183781
352582624066
266201100450
572723967366
248377303712
672854612411
404246454887
481870997786
817362805009
517609527799
421037032713
760092873505
613012665026
101728752401
000567474367
058393708194
090861041799
871510696579
447066189786
917912027565
589358140971
809539198757
713245434144
589100035971
541571320844
533092026987
750852716670
155304131268
449146988203
359721500032
591529976826
981361661678
605492145865
164201986388
165776605936
716476353493
158600267753
601991352167
804029693964
537382720660
246427373363
293539499263
397699610364
153619926268
337627979266
718009455610
869902945270
912467500820
703840373894
471481965463
963224935917
124095144454
406824504069
645316019317
389619099994
666080506738
487724055496
904802964043
012632281729
595429850400
105411820947
874680120506
073155338560
874891157615
073937417238
601377459840
221979225878
485426738757
029757197554
416787620162
302375864650
962560617452
720777973715
274816895426
611999742834
320298000408
257295406221
961566810312
913658304069
733084925206
185536606434
873617110609
282079363281
557160021372
242124665767
439351726774
860190026695
649084666115
360979032132
264683251484
827570498825
379309860349
768111346848
976812302513
662349835290
000491393824
442896221524
976999864945
328143554094
883880022362
200430183808
450775587640
163406139246
805464210403
425018251203
207483851223
438868106860
878342205796
135181178564
265891610794
028531240636
575235741468
716664647977
313316599896
858466760671
786858479844
557471003671
279570921803
200976488570
642884728771
791097805565
176370571470
982278756011
381149738664
912168152441
882412636277
607061298791
095340150104
338420490704
649301527817
795079173502
262536004801
299901430549
222392553275
164257517705
042107021359
033562157173
204682368211
217766200971
859624002492
362540133961
535276676133
668772903638
635479613703
072925259912
283025654736
838117926265
210645426726
724786971655
371747783021
630690994315
378872509554
840380991220
961890414235
753882370617
087791076817
176699565226
438404375948
302069233743
662270686291
168892999105
439192855198
322719303582
294423328784
718035694426
964284644831
104317267292
417816305146
171579040764
778716918150
039006251548
922934026749
488263665981
313869130273
276648547299
040590824926
855383164136
260212112946
030268650065
275489280143
833487726109
364951591150
151348237138
884091407210
253477884659
283381218354
992835400978
397183341397
114484357399
178120442473
131119522020
837835033993
385065204524
803174496914
101089738913
459456079321
835879005492
405870892823
436568132297
345636696605
999771264999
184439298556
267083863217
877573923405
940452943207
927050542881
660881996272
475996469793
607469722070
995668403026
432027716041
245771368242
837610484239
416404574200
468131866922
414319836324
770387299574
857895363223
984918453785
452202323119
218639282578
308527498221
645654223587
079950998105
550508240954
343959154004
324517392366
266336666006
780514646660
844598599812
357847152526
410694752767
885530138751
728149055414
785846735258
742324264867
004487212702
069614681442
651353202786
518143710986
815628804466
076366076855
625722747930
679966161449
785002488346
286201475494
507899023581
933594011513
179298345867
153504143209
416787492504
949949945770
928709620574
774084722571
005853440465
407904751147
092951237752
654472560870
794360326566
601504182844
864215767421
498637292034
232469501685
841970123389
846131316693
784995544156
799435299735
556243044589
793036883978
340409533455
655253889818
989528419916
363555627405
517320394489
158698462138
552380673001
836216357655
764678123128
884227196719
741550748229
802405177346
891233208194
645609565371
917608292034
099020475491
326234962912
190824027266
091529682576
256891273326
399623275148
203425391499
596972480158
170976774814
931406041824
343792363349
443000305991
362871599171
723044425331
754097435675
563221773961
391651684098
632518981931
964833052797
814155797020
015473065711
016517563843
903747670162
468168283202
070747976939
193347048636
208943674004
062622322778
685772322097
618814732816
233606355450
299083151638
367472305896
647338449827
151129142180
395903094636
055468434503
498315554823
904417582220
344415336460
920379691011
911829741931
861475186999
119538574348
052408763703
668146357911
373264401003
960072302636
995197241285
344021497761
165995763759
156982941931
673082451735
616757396490
871344402803
542935024235
179057423231
066957890126
770135891012
630657862696
696941022055
866087866401
560040942733
702631445828
539752749710
842302904762
090169225688
946653807397
157667739099
354040086861
489650659923
155708000018
048813111155
304193208555
899616557002
548257210380
093422064838
626351904220
710918729923
472640329303
835987329741
242418446355
742810264534
312636956707
933149368507
870071107175
280886291840
777968732437
546295630944
473830937042
025201579895
985714004714
029521153626
053424365719
435933516602
479868884440
782965312492
780621973044
532849907234
606203781337
142327358824
712549450805
126566200235
311702539376
249315269396
521344717037
875182261792
832072992119
931424294157
220562846975
481680349696
843597609928
882961683410
750843227313
429309883680
734832725677
774062301369
966350630687
899597060700
742502981073
594381880751
647475347064
136764498417
396099291590
119563369023
759350681872
060896974290
443118308773
867462653941
836597791612
381760739100
443453983270
589257546775
348233606180
453159236474
004760110201
526861120733
873902373367
276463727993
308647873802
457596916673
765896111295
060066737725
991808589464
932672825709
373433105672
045959564673
696758181778
861592021329
536081494256
902836315720
867103619736
343724593134
343941097442
490653833491
156165977426
370684144681
287844002490
073504927805
598145944396
149996066357
645640937364
537179133293
996076547638
719792606291
860236092190
230269825854
188526403175
659751266105
359335047479
319440614220
176024615287
456135890169
709304336666
659782255829
098370488785
817066192051
776327616901
663502706325
127154723255
668190194159
875845967319
557647055267
666247687719
271349104690
227501472581
634874786819
022683045434
548799018578
026603319827
535673154269
852548338219
502146262250
203483903935
084643003455
928179896225
125501731924
176304404600
459164771917
306421395904
049014645789
662991527920
406709388244
011911289994
160090704587
103487209530
687832759545
392051434966
076146823757
353896927894
361976988587
626663354471
546642598261
725905300889
910801197636
956448351238
468108051692
056246598935
739082577550
667360035056
346943894805
381955096783
076862476518
431783190248
734599434414
608279305044
996876049059
111198536463
039234043485
012216109866
195794529495
042722145101
461611195037
576264556526
012663528821
516393691522
524599930247
985992582062
349768083423
992766120570
790597737675
126667130905
439855196071
965240404227
977366856115
462634342393
954678903194
584710784997
077677965698
076062515352
996942289406
543841771572
072596299548
728015108410
909418800184
370460323592
185379081189
749465462854
156601165506
960101744457
282876206760
480368479502
357957379740
813028800774
478065218367
823247387894
747070171901
717745571254
985011250510
700657899882
433602043945
030075686209
196312474007
004221332902
348082728357
049521270783
742033564135
797006799005
456118395158
364898619061
017407198809
036342420913
232345095549
361740826231
728855196625
546824777824
884923534137
645328493556
564211723357
521886046606
664679460600
941073784326
302451112023
133314274549
720259608931
918898417056
598953237892
756003632843
622482187263
396796376495
458780809378
640741398753
182555234856
234629869775
437613540104
297333295262
603595112824
977319960789
693405652977
771548569344
824202132605
333404716340
564896648004
481560614544
316720363546
816691556137
858431936649
393533395885
172097872832
892479982357
822249288430
490393378995
886368434056
961079148688
273349346170
758920286401
653338580364
880382011011
304322196788
292841267819
889276444145
025068503592
821669605777
381658806001
159152481276
572984893256
983966255666
841639060206
363244242626
113518818168
142025839488
350760215279
405586722143
029441345494
678817459100
994055123724
466193986295
790170696052
075153806972
820468279196
592523854385
927871048518
294047969335
313851895708
189384209337
425341071821
291852505090
510922749908
990124678897
260144944070
561392944262
864679050350
159666242718
540406020156
418676221533
304748129352
855215436524
719886155258
253913815823
708433135342
959870967024
355431779891
319550748089
829071767180
044958268618
119505451804
009294950713
558510713178
056790765881
456572803541
118270328983
300391948972
520115434398
629113076843
747918147449
529116330228
412769284443
156534868460
861255244959
098049615751
054380745466
122543958087
005381785416
765080971917
664379360064
197611542699
050685132585
983910494496
374668226894
122325641606
897828042424
671146468589
938892335339
337779850891
685107930030
308168286894
600732739611
734765826894
226124326203
538272773819
514896200354
379946823460
142024752374
367699472461
354376511978
953934940760
266575037351
442619840140
884425793720
028225553579
169061404537
487712539739
503289445192
444424422424
618291019821
827699971938
893586892119
084287977140
942992891395
994446778806
180312472316
470770694304
221071101840
909794228812
326994328359
164733286104
699186825794
175844356769
361169184942
487444952716
039376732135
441441404095
477786071852
101510781114
453645827573
051290231168
983868850922
332286515131
039689599585
138805737218
808206134691
007310160462
704707027058
798987890153
010814029374
253882013660
552584886784
269484072767
777157326755
353324594611
387051132505
318625766905
115037186214
236000920409
651656847286
610276318628
017748277486
964498591019
307326083859
015174332755
155852039083
027457612542
698818256059
016513176911
416297021823
651920789313
189421114662
199966345355
677456824047
558569161851
621300273205
332633770583
107892813688
710393596487
599252312416
775205676655
590724242898
680607129559
659302946061
844061673067
852396790464
610203765938
755807883401
318650418115
561182088096
634841810382
826245815220
463669284711
832218457306
363475190399
480376422508
527080273655
965898715382
323923208844
175835741518
505575623077
267005347022
673316222468
548548294527
442574405870
257226239331
541501492862
026002273883
412132109331
071305530453
066478803039
467866630532
868119925815
546525035945
376031253517
625304509389
296107406906
705731745990
269040360134
192243030206
258267498258
729686472407
935924918782
848264436262
617174064757
139976965836
013298372664
764861196927
246560917577
568499979978
403996743844
686834159147
754332649302
028518591858
856152569515
420053895718
193263573633
255436151133
818102920373
127827030742
604194347866
726012826447
206868833294
937666164440
972097765418
227059924140
902498006829
094199223935
756576906001
904063221963
237060487350
114113833588
508811497421
560818509648
261333565532
323001094941
616022479725
233227786587
372091130422
427574086645
897290525495
166899391958
582415746189
352223250519
405036420763
124065055781
984093239680
350501897348
870753895640
400355866574
063089672275
119893664761
114281183588
832849748185
832458900427
449856092895
175498744845
673242110707
934897685499
108357965781
693958202912
146243342472
534917350799
204732412583
678656492698
839361673752
669465682677
853642746148
888209431501
043429279782
921513402978
967157128687
647393509999
277291292185
486356256606
354087857270
199594457614
841106201268
533641100502
778893994527
565642130248
226462817051
838782878241
546758919799
605068577231
726087054848
584585766654
099742791527
828579769760
532181006486
077782892311
777093962774
331230007838
760567795733
560147358487
869560184425
418584685097
186042421462
062100967387
774044614395
334537708678
507564341371
329052982199
790723671215
153675729401
338141908796
357447740579
231118006347
502731508109
747217671793
181117538622
229220913972
339436596214
584413685985
397863824617
901675574266
353816422033
511559984489
285760015749
049569772998
133090840166
644682792189
924273799553
878535073956
145895696190
038279190433
771696180806
908015368648
892655143041
606186233015
239824594639
302808214095
079788083654
257349341118
886000241523
389449440854
294246847725
266366346102
071890210143
192020609351
902395202954
138117316279
433144875325
868246219681
066893902765
805442767216
351270689046
854707134682
096560911350
872765461890
912188588454
840634321216
498267203788
103218667908
444135795584
080047523014
457980533440
130871592497
839693250559
785478342808
031996471737
746536146917
308323270272
646322256555
104867992807
592309856595
553229240731
674720012357
765589425538
692688447813
586655980327
840566544885
106731941702
932276677814
355082772730
633716663237
488582163222
248656885560
042753883017
134440002483
299115529840
928850967723
353796203228
696655836516
718482808225
998317313185
718882984091
373798718813
752419936233
613896051336
533691842239
948838095743
162202663014
401977990249
296623904180
252709102830
814682269824
184794477579
707559260482
290175010604
901498192625
204187965954
060168266284
316733502834
360660359095
030071494188
915461139359
042078621451
522683378879
721713546722
672865625984
097952580079
015361466493
617217669119
047214859473
215984422102
487677568832
021194131171
732706879955
303973642986
530216377850
825778648912
122113741083
395983193303
505253856034
313205275923
605815757850
784704151559
675635435171
556359353661
268457125590
594181070896
037886686938
612448426827
149868801141
465761319901
204412834966
395047401437
644935944331
033765537707
294915822155
451105530506
329865031892
432999318825
510509579328
421948172538
014077540791
607095690007
460674806573
176678349767
245078340067
007875053523
732609101780
245879040307
379124798456
846672372739
285553063830
086857827015
541125265808
699306565734
163017107621
619005020992
350948311426
529102168793
036960425785
547218970522
670875902092
370119570407
907806308136
577741754425
935807901538
464957927535
162265649568
433908382079
557539768844
173032347534
832020369533
055570182246
232190076598
318110735185
274341742636
421504936043
744113813046
951122122591
504883222011
465615723012
331240176318
071308769523
042921610979
500964994440
327808845340
538274566368
022515332482
082317270446
056446307779
466002129192
112331644167
586270753787
441336915346
829101010665
715752034356
651193935161
100856592545
823413804649
526661413050
062079970517
238184642117
891002919001
672592938775
156811682487
146741210485
279697458995
112296878169
244892206163
724103729274
025390874269
583281442085
858370783990
938338862636
567585788831
956273384987
024380781216
095676842299
081366691359
744529894255
903297690589
632768303087
083839477423
604464544085
972306107078
084769013254
618724911293
246976447108
037885173232
993803783731
696217235593
812374328601
449193784624
237574306381
656015444890
805890659777
988046706649
121733137691
137713383750
492030322058
878421484428
094634530230
682482877564
800787220148
724945130434
146801172381
022717959212
805000485005
731684364469
992147216936
034258992558
760793951790
823410645335
193559989765
147584929874
485556971078
192447490140
909459902340
895819787928
948459917928
465747569811
589465298750
403173072501
651927315587
529100612615
143930754811
471722530616
223020266136
936308790543
977503074239
602399695236
864547880290
580348202404
525064725828
015323130431
544979115621
239634355547
852831613112
205966707117
557514526644
795178532444
386224155833
831285646063
162236554351
408162345330
063215923199
286394589632
449694636244
209148258954
283528575291
229221633502
262752683795
436347989275
178446075592
591417729184
930036048041
531995854927
089855714848
220989057998
798828443169
853885451973
511862285985
538605035621
540887915116
036811048763
572503409023
949812325623
729286555012
319654523365
014643096493
387012017330
348563529181
209712021188
344127140763
299597666365
366102695813
279400598074
847444985278
642033352640
964147987560
572864035239
077210825213
365132753984
571322579813
827677941863
704569498442
262402631930
183396711224
735615274108
345997371005
940247453470
831415727627
550959501646
206011486952
552794686972
048220069077
711029502536
826199654106
755605600004
994323523415
934645333650
231728350676
251597959595
758171930666
964177523113
026145508639
741871376914
397827088742
920121262391
345794687914
857125808670
184136643145
732548002279
693095301469
697694999307
989545844813
754774080711
331063733371
287244367281
294310819397
249300960140
080882509147
888070954628
536842886999
791339325935
334167716156
934359350091
181068045473
958927320070
194174009339
142812799991
457818352019
054201775077
923492444504
463052527922
540350010704
427547058294
951469258354
112852887332
459152956800
471024922635
200696140938
912387345202
608665748954
556716950788
211987720601
450984179789
748342531898
945094191955
986710231118
855390812226
720217741286
738001197350
765496207402
728169736792
021694923799
290818979183
519926186105
352916639997
064687816227
238959163205
667766296036
579087808508
500343500251
969749011768
924211236233
007752090087
391449640368
522724353867
296286344845
657911169256
341881983425
817026036895
217721828720
954143547282
209371487660
023495360344
708962392774
404018816195
869945798058
625904345413
613530685659
982870282901
234969999885
962555057192
206581308659
664296339305
027100034602
558442172909
876930797898
446888938154
563068442189
550459232342
745876548748
186658873973
113473941191
326020473948
493408259988
335701598541
384038130617
529636396013
823437231753
475674063243
205798078490
360973409491
200496161656
873985767564
170278744917
413347371128
150311132890
049334047700
147671879738
213569403691
017403034966
570127185453
120416820255
797590474681
244318864361
035974813207
651717339771
432964651501
446736126647
578240204257
108173034068
153496927596
759641395949
590186096343
580353826582
905724586274
494310827745
313917753285
288403286434
698718154351
915971118148
634695475019
863447046239
747717183360
470391055301
294844425254
081864909705
882631378757
784709416529
171474124073
257287628775
470411567095
081346037116
791480627534
788057406798
550646395072
266410382122
543532182879
573833887389
012849865571
528002985007
608958969075
713865943453
814511817156
376160296942
494065809920
034474967932
090194845954
145771836387
218189453793
402930103138
018272073931
509406215557
959634579186
868111645439
772514112241
651172381643
393048111037
910990394446
468099782355
071852207210
251832639102
446942964357
817612751205
933925255097
127956175441
791702480543
995483117633
088522541095
369416030336
415115541989
503086551517
600699244223
447405698968
344495301833
418508717055
436198161464
017279926534
951326559883
447431665004
741867831166
773784466240
552222114487
175432620562
853006301963
395991920711
917402260196
031030803439
880802466601
682329131136
705049268593
544730773952
159396508885
472829464588
169190007632
636758593618
750835823560
937639385400
549460463907
648364165203
957412864344
848418432930
342922824919
384822682329
629230913082
398591199430
050281819325
185913882434
024154426875
370809393080
215563789733
698566482658
069639109106
572377119708
498848361431
741284290302
982749972558
485132893373
170524571095
050499343415
627585513993
794674642261
456214118065
422287760820
479105249627
798746385452
601592985276
132260629074
078080104287
511759225332
743521453780
936247620957
350810997171
946932283904
562760397825
533552732869
342293587570
269447160182
882547953951
539359150055
191007331095
832726064212
935295485436
282610918699
302606704945
492316987251
061509843282
737536586590
466653162931
819615984631
303606166074
582337312936
025402659552
935960814349
154069775274
613370525532
297188328530
752731272194
616041809958
396158166878
305555013935
792184348808
545004786996
530309707572
047208774553
016562050632
590334819097
097260355505
250680467940
434523137793
049974238166
790275449834
468540962935
679442998917
630846496867
051855407139
775879172075
090228288607
254808230720
012828454951
073631924727
531994747192
923814229271
028148405440
567939224329
551641114136
170848907097
028699121583
322603721289
122489910615
358448561841
353780707703
606163297146
878477025558
841854963360
625146627604
768276583388
466586132222
617257929705
756308980784
382570798886
217549125579
945206921401
277214026206
310992723509
097333982839
724270559974
043297487406
019913867162
737606027269
954988311540
181847945790
815710473043
745074110240
333305734791
270112169899
241768286606
166391957480
471271641174
837259965783
794268095486
881787102313
366152537487
855458314527
095805523608
179606994230
961338555704
931124150819
232214229943
990798596846
206784664248
765921529108
677558418194
553981871642
930538514598
444452264056
958553124921
777511320178
054937284940
610594368308
901325947835
290897583377
520613266883
766989299859
911592563019
888127775567
175072961771
601489697727
057782445078
057570608121
650635116823
620732945186
193800216387
439441510033
661009942312
146196558717
702748641415
364145345377
460598866410
854799175301
220621873044
010981707144
644359076582
439037008542
345564162716
065334576054
641673325572
951170637757
107370147337
521464809868
477589284285
615696172655
842344163471
849860098717
300097843954
604105697552
370667478674
078048520127
397062597000
651030225313
360067561608
058835663991
779829056167
948604388561
484931305191
518603826946
301141645207
399603161571
638271500103
058639748644
084224788594
478644963697
237242157099
241253862750
100607035327
316586459553
717208229214
178602035751
405754869589
472947140607
163511201892
059254891432
867922029396
910837773333
040396722699
456645493657
542296599714
454013051199
378276148996
356498777888
804602948409
028829469034
665542720965
988347744229
823338526936
127516907447
510244767008
522310653643
153369567785
109801858102
052103189489
984687360878
333222114431
026610639131
973187735940
326413068879
345430225507
010426995983
080023074758
501357150639
371574499975
982473923528
903904779110
390529706310
672343342687
834557444326
351787016445
711628872426
464385482417
807277262738
642872693269
417493549780
319529035639
007961510122
374479495801
419862745872
680389644573
492540798518
050024901905
962346729896
160903841419
433061008044
460604296386
309261330825
108471412916
174143289731
709235668567
349909048994
578721564964
107119131030
230853687687
856810986881
957258367839
469845109838
577432913797
691822308953
893030443528
056244676068
429683716529
180193916547
304000226554
971886840216
827970539538
462021371332
167806775848
433696555551
534274242388
633883210654
710220890602
094592466581
027606315283
645893410994
366579114430
676220080269
444050798867
539155655512
637895818403
555468747882
602946574289
757857540565
684470755248
892134275424
454146729483
798510840892
229299361160
382178798420
900202206608
834471553902
212219803912
470256031376
867715960779
874896789541
446300808766
555150807028
301542253418
711986628758
672874824383
886253691766
867995600578
309143627124
143457795556
841293028469
294748341301
244971570957
180020236203
288905169303
803349907969
303584703388
406859614325
243710228000
963419332811
596075927096
026619618049
210878150678
823639421008
883520123700
837270399151
041955671698
994073303968
543896082304
824202861967
037169308480
904076033714
198722357045
749889563113
201350273131
890612004414
089707319180
404203325168
617869061873
040908627811
135566627844
814530798232
168661028302
295201264047
195111123550
020824857328
582212040509
207014647153
429154278132
395809471667
351554456662
579667919472
719194625231
911616726514
896073802206
110618154221
979585729665
293253676997
149561976506
056886089958
022586259297
197177998907
284385559376
448833463177
015687025892
836312807695
169822468048
737234372560
466718385538
912204881398
556049710893
654063453918
297797605169
710497844473
120561161913
425131778855
161905794757
673913714420
577812616884
331529965455
693169613653
573728499554
582180757938
200181465371
556689179311
351216532515
381586823751
659317598053
175082410278
989242772390
067821776986
840371716508
434867219717
833937136490
817622617813
110385755733
220325595214
328659809248
981723571945
424286209931
475598864929
331206472558
846324968660
604033729934
551279209147
547925778223
929155579567
939332050864
808231475227
309032324467
051846526739
194663202712
572957890591
193080061603
444764736793
060665364431
998602698914
627644493057
014973051796
872009765353
665842117188
323051272251
722832295407
768807330185
494239246084
665776145635
994737346839
584304911341
599482339200
680829755820
561229423145
983459713237
942522168826
376048773056
560217666739
081249102045
598406906611
631698033541
419598953085
107025912002
819703723024
033216648261
639542506015
643444922504
462840807038
024692240307
577569600197
297336993451
222642287543
306201345097
457667032761
053013940433
637502312984
130409077385
631673777903
215102745074
895098935989
611356549417
381536550065
204760102689
856975742452
245459686674
180378628129
702916249807
725972510040
226780735100
718403620751
643692043832
236151410239
623763695161
902008126995
902102051245
097349538023
462174531583
244617939327
145778748038
908912800033
381515511781
417945905845
999725851883
754307011099
158284535527
077220565925
912095382755
612674573564
888122589773
685696372559
561025574732
076679720430
652728660371
947222231913
792571509675
547751716695
186537490154
310190456075
344413242256
137405067362
687815874062
927324426953
787658456130
847183928040
190798553584
794184326749
246715498498
764699352295
007091921111
026333023304
225635957954
931596519061
674133954227
580325718943
560364340774
654266218528
575877222986
530236182544
328219115239
839442705615
765321028557
981753009668
882185902429
609880331721
810395622287
980393174955
603318434328
907346423906
549030258185
641437126656
100980601629
880488068669
748785538679
539484861463
634654337572
448235905723
548189076739
453001271435
509988514052
477154538724
512538035444
979555173407
812371478510
609609510268
432185765720
789218755099
500848066851
366514235062
909969034958
679153715247
817567514487
291524262628
018873533334
878265510531
607158091257
527143660825
943715872229
379978520291
496871845469
322460789821
821104427831
432351040067
613317766196
869265880246
748394598101
804222055522
913010202143
727421990790
939707921541
103300161357
717576152992
225989766739
400631154881
257787435671
956365764221
808652791124
326830721711
350244125534
764303389146
792451898467
449310034694
123167269779
700170697771
547332876908
270095552727
970400047027
221963981028
097747087624
341408964012
563447038218
853871507533
712186040609
848999701963
357702232893
284336508536
882575392940
680673359477
938536662643
194790604588
298237901048
751252953175
074529349609
970500544975
726183806168
791344350869
533516191029
206180562759
737211544539
382578387229
980222731428
702977561340
673800963029
883106052868
479606570185
954953162334
523244627083
064464127946
565964130495
970878161156
838357002669
013428056206
448171795186
785948126987
150263663024
765354004988
987998076613
801483523516
400525766572
810797332534
459078837689
263807293250
672095919016
143146177102
252594173210
151386562751
007671456824
566770037458
055642736881
817772145302
603795998003
653507312844
663545250538
989019376949
415559350877
306322130084
665698362150
992832529551
874641601928
929875685829
625570692886
116389395573
428572285648
520904601904
707603166177
044806397897
094594589608
302810178021
515257482411
503812757280
206176081777
352149836044
391333421787
907167443965
108013468871
672145215825
724077331190
521750120077
371072764725
058893041989
643487159281
127041141550
929576861912
394438589414
303829901492
182278442988
728269764668
210091198794
797477309626
945916239661
647259279926
285477625071
869700461862
884871637160
249274024547
314079329995
318266983590
970332996692
328651101090
683084067867
799340737725
645942186155
331029130719
400267963022
203926307379
897886963268
546289331809
913930827409
963872428129
437740669926
961437591354
430155835321
675524123702
834502914096
916112978335
186729168189
825977754308
979448369721
591891107358
585476613112
610558285496
028054549157
850305085926
964269331384
481747989522
892511819946
721799824863
546271406375
716411902967
854512432338
581148161341
800442536465
206270854845
009710983294
533577440153
725565271391
965961507120
551115592343
566254244407
280248243620
921994888305
960464834053
788564372211
378176847756
468833937661
264452778720
284837781409
746278417982
842923148547
407966868529
573589381013
962651127375
620644732971
223643721088
684845327925
515669486875
053416771261
104487867818
915509391206
711499527335
035092546159
750350135435
669554530602
663207668908
375249254731
040974032050
877172171354
789252950046
818980982106
442140029103
846823586208
802950753676
637811711653
305681043987
405906017523
245879661161
479471738470
586097948040
332324652755
507958096521
880727403113
254945271944
382549214675
422845882466
452812325992
038837908934
940249143860
395723592261
378710471179
082703210787
273567590676
164149426564
633095736761
417892659688
811894724953
694843180291
568003675648
733787847487
954017554512
070342202713
179614932890
381946058793
750600229032
010203113363
767488635312
161097059710
295401792588
811186709312
550543215420
827063788993
890849699159
945510412100
520270732111
687631681429
208061290565
308809864923
640535057353
374337409975
225868561375
139213577543
582661523263
661697866641
224664191916
789348641904
995978503030
244889632658
065782865023
802009829323
460968123611
005905938887
344334073256
638306695483
784225997625
761236642931
040640383445
648039739649
832090367470
388784932273
620251791403
432291419307
635364499892
250884879724
770428494850
950388786490
209234374766
752213976208
516048896860
986604711941
369284379238
525756012560
075434420611
468474268208
064121363671
495726082655
642999545644
049672725567
783095171672
456111899403
935417741211
134179319778
716802773027
028906254456
768822588340
985361940478
203866414050
621182623745
878792455942
324423850366
873807022334
219967391083
506863722022
583285726113
163931845072
556382308198
229146027163
772059346883
191064197650
929164988431
757959792068
582994862146
085721762935
812389529497
053999041672
557319988598
360812075347
891519076514
673673943249
386172921502
757397147770
770830539411
047119280425
013664989342
713278132900
656836329736
468964303137
394374872538
172964611492
985834427625
365792186062
537009485592
459792171638
262889001306
534516115965
710404909957
754631589515
681409065141
784111928094
773834309105
911397046878
987009427966
092380613862
294887161508
533106928437
240855510845
208624353618
861331552474
563982541807
720945017439
625841506156
196311935980
347959470485
807562456856
311636108544
750692090335
107967514938
752039060235
196344151319
830497053286
093362245159
452218007090
026588998103
792054671090
766539782912
504496224091
100445587529
041013377342
891814449913
930185362387
810947415677
408755385502
134845064899
100027944702
099560306664
957104769085
860348905897
535143239563
476645396248
773989139840
452601694955
288322357209
957161161231
967513468618
526567003303
461703838451
040524090302
830554779626
591921163550
738039173959
020017144022
873844335915
566409213479
079039327540
348286306481
126322799644
030498906911
574890609480
058490252094
743555079925
935606458172
080733561303
012284231992
411745829113
163112506581
889553596400
878471082217
559148003326
320303410953
120250412191
153113505869
000419894403
547555165407
458399677120
898454654307
948912633871
615487699146
104840887084
667629927254
569656704485
108816424742
220947362618
775759000792
004631593454
297922083647
431080100455
994130257671
156559505955
757028357246
867270880402
097782863260
701328116407
994371216314
380772470348
173594023747
020586762993
201417638111
596705291302
373370602403
406453119551
896099489100
335914306044
648189823811
272387127456
103807259680
522683020863
683134526471
733036878085
171533201706
035070038050
467802706287
892131670370
821020359760
410795970401
514553842350
348187328043
628949734143
577378705736
355865798547
279202720825
060112158805
993106602978
550128268258
138303309895
306334466921
333711970544
669783189251
573759543071
894485917509
335103486564
952637639693
093755028905
646370751202
245586339816
686695413096
370701489225
736219586726
488705448954
239054902929
576088888979
637867817408
902904560002
851210711833
275200037147
762955866679
193020735414
481703969984
256825166612
939898408404
906844438005
864395189598
207550332450
464980198595
480560119858
971181883560
008529222123
202861666600
991858305604
999999548533
320328404749
751269980962
191064378319
880103986828
143349156767
478018520125
176573094063
790526367711
059270675923
576549955087
369346780295
691153805878
455892224304
222131262885
442926927496
652597402064
121703762985
309270913771
748733264594
976241807540
318933738871
727557406214
982713939483
542934599349
532028977694
706707984316
221483832968
275952107843
346745050206
621666751460
765839148040
293074465179
772420328488
944437764153
080158558119
095143982459
154406507356
681728421026
053552410706
287298063473
872123612222
600622103508
866919325650
894770928222
781142321507
459972096195
493201344281
670331443362
838711551738
476683422811
921909092454
669561847000
414083033130
727245489870
173842664372
303256400323
867080334778
238214178004
597423917382
210589864314
586657468130
202988272581
088764402476
106138823539
318987624868
073156707982
748555728987
850587328397
525674136765
947093760255
836408847584
957710521812
522463251645
123409275292
845331199837
553260307969
835050215567
083812780541
945692711688
999255967263
161497485726
507820749974
109933711191
609043678235
834731921320
832294049166
894503721108
424429061964
635199795508
265751762528
841269524753
019234448489
131892308251
358191985429
203194702106
221616592437
457437966008
543690438183
614498326813
689006389329
590876174820
449118902973
413801726173
427285845679
033877949877
845117424738
668997495240
401306880730
493690650590
912475770171
997197128301
528653711054
267590586359
831049149512
386429492182
491933767399
293137497213
570568014618
288394665211
928536721361
821335676577
503296998400
042271535487
768047929232
419713428769
191807889402
058391492687
298082421090
312544715071
954301280098
110689060555
731965883525
176731140876
924517410241
346299366323
235539697686
433104750492
730500459680
032890083264
189664305932
045475728828
641050041777
943161157407
955744038195
100577792043
427199744219
021864260213
661991449926
442002623664
996001421905
180316289046
119511740301
964264254456
641351934669
058874898492
778892810692
942607800819
714630152223
047771668465
013070827469
088791667035
518857035569
552876322818
599742754694
902153906401
983964612213
900338967863
862769301079
873017674014
582279470823
646524502684
427979340805
605959149802
066613740344
313173945150
757677565543
530429505498
475300011394
005944876725
383139941529
083176040324
291667397915
040423675587
095096255030
928444020577
559308994191
078713054764
455128503750
172548034876
840344764217
714453275729
202241100533
018487870537
668465348253
253204575067
822778509330
861151992655
090611783384
175852030169
448641983234
759462192129
406898671861
273923533040
147246258331
400611507359
394421771683
754177460962
070593931995
709086069636
859121438007
022324351847
479932842662
540360243587
435399521508
608804264568
798717385821
674472698609
510416981539
200763257361
294833257583
514402610385
441962652348
152393215227
739808267323
170323151695
343708986517
255056563865
381727088985
986791724588
595649256886
083994210120
519711459271
136725811529
363699064640
705493968610
832636314078
426246784230
722231142620
988861234553
373536380786
415717180482
920605991209
398208750401
376298964023
377333583613
415757910590
576108694019
291502547077
970221352916
399305221227
939750091206
140978229922
284859639413
579460794825
683542598037
429300104958
695800138930
440261954821
695655074677
413571651519
668948136668
147800138135
602775071610
712496600020
523510714922
263771601774
234978974901
707870536770
942469698677
404768074275
705878587953
073005796158
740707922406
338594105263
194394512082
069812418722
585899879908
720240649907
913001709133
342572330317
528333400820
574896498261
975881456785
737633696994
800579476517
414656087586
689948580458
004230441147
766435148448
215751006387
329070339365
695206823572
201914493347
462761094708
089368552994
517350002424
365326389981
570135181073
927725726512
544998617115
107991047986
638056869308
641145196380
814032852380
415635112336
773268838265
498893985321
540302655444
679298517640
746317786721
071289028267
731709749722
924900541980
207340083135
917230550631
277903984362
900035448542
371117519622
161299109577
196329131696
465667402294
365625934174
996853624579
699771611648
973531818412
622886903097
974321325507
622555037335
252617745564
921246968359
427826269436
777912397455
794415368992
763532809512
510726729268
107792488588
900292279226
172812507748
298604473190
836332774504
458266260841
100600930416
680275885855
968351540621
958088038908
772374020577
711873028203
678273623869
706139680805
441464164577
104877853594
513879291369
606888103430
327899350901
257725490404
006501868422
495947011600
788707426472
948893226481
623353164021
399659527208
305547960984
283992722677
662518053296
958251214920
003009669521
511076476273
850179347962
027954312513
500140762790
236332772994
254769131079
822978319710
525030684121
465510894595
101058469814
449325411463
247362992417
250340224802
634096455259
644628819469
787085293129
817116914194
834042836834
276852525041
574164229743
301041835784
241159859759
204875472393
344833960022
348264915000
110692200175
053238683933
172099150508
587885533421
996655279926
101275389552
544267073306
709627205774
437623550255
528620924599
311766493287
225970577722
178859955190
520942113122
685536170682
963056092170
109020570360
599215034561
286562951023
976956943356
966430678352
521991015107
801076776482
596488821313
756878961936
596818148073
804755089120
812637471570
023861295587
878119653420
512614622277
595092880442
595911876945
408439532788
949172898331
014278724388
211371876297
233116959648
095015270984
578542575945
538623574669
045687340554
808487196514
014112174878
509000379963
736676998137
522696528744
030953618739
716134992564
180450966203
200616266723
299801937840
196304510909
692840563603
049807551065
386838011492
360991201250
795634018048
206509873277
380527877016
750764461713
675642507743
722721417038
255342676392
036307149085
979912183282
021243263196
474589670242
608133887336
944118913042
139119561898
639386923050
443726523103
788358461500
801457595858
844280204808
376507217634
958210256787
340086762911
253450672869
832555310980
800904930139
072637067900
520280607162
858320725344
602082612777
696469573229
578779263116
924368386518
746396053657
682506459323
143681443350
966736523017
210759527348
944541356073
243330233447
887875549069
879342249060
196609365566
103101527949
065066130495
015606351452
748035114048
651691221778
396128068342
471973550012
791889732306
772409617747
842727926845
388968447621
050786183169
961466511541
298702621689
132651379482
656446288504
471787589289
621688024522
383121460657
828778133694
734874354996
979302821911
791928160228
899651268951
349867561880
865204853676
032742830431
752090216033
116276005745
744082823346
553377199818
469387487405
544944763418
753251344920
640951347122
341272155852
354648787454
848931468077
353847336644
466981395946
580432799289
465462174486
692336535934
718448110049
165226325711
114015747162
809356836964
643543168849
877655353222
393641738251
922381512629
564176482975
408684837430
907025414050
779407176944
057285413264
342906140081
657184855423
072528903953
646108090093
436717239577
339733710296
540244347290
963708055300
652021994705
568580174766
098074067393
312467259874
069191373138
389065700152
982348656481
349773454509
295578246107
301689787703
792628177095
307238630302
211029905956
920120197734
031947393953
712754426425
019447692384
707968145104
044468639246
830279949781
470887359227
222164338950
562594785619
201010557394
254207905996
202638798930
830525749827
763367709467
111149451968
910169341239
537466768006
372160663238
055894402194
756733449550
589003616303
640028892221
825369008595
134424321373
432272677637
227828009625
101786341681
881694957257
284364929098
853421387811
352122711975
896325604380
012718701440
193560258349
037382859999
562370965401
196250685222
242539067940
990273691211
086517891989
708788054895
067336953380
214212663084
119890523032
011481333740
111401232592
043120337966
391946975578
824130814454
077114396614
087366334473
881670980933
120227144456
304028091545
238804638893
896272429248
081880647334
700415189083
216673169361
977657186190
446022120198
919852994346
340039241522
231120842510
723067203855
900228037241
587166722632
077015122967
503549553800
487083079290
340943772710
073691911184
853014286966
902502777769
635381837706
041802722257
775433353234
394445831380
305445645038
892749927011
555509566279
576524022649
297480168350
840501962765
187076552026
945002418694
298266773222
097991860691
061380477879
100614945142
192976733592
668923276228
476270065798
525452990304
306007452245
658419413905
596975222570
355590280013
009131996291
672157972574
664491983792
509523903804
937523224571
107718680561
084050570968
984939047637
789941125059
168266161115
092532348413
533084196906
045781900453
532460554055
926219210635
020837125591
420081273861
888741988451
778962442016
262257677385
693439927189
172167968312
769169590547
550654374481
692621865206
837503030663
894429778966
040553786373
977385535144
546809157603
009114667466
706113382426
693926563514
355150330604
975091304399
232194881090
603073667467
597402967282
778245124996
984758544163
855337790792
618175994123
491087763031
481491976615
314782073455
234787619968
494367610495
438527539743
665012359161
991196164052
406461485371
485523369280
828863891918
676764590073
010300325643
879179974220
651036205685
536717050145
422272711921
757280620413
457641821980
726372419044
387029851957
855352107216
483703727250
778650106441
071764218390
112663869475
833895924274
078003717350
165609540839
952958238957
612562060439
279403936822
842233173213
701396506639
274017858240
192341282610
670879162354
510422538951
937299963695
513057263686
157765581002
541563789593
400221549369
334885982816
284937878880
746843646215
827125145734
938331886530
425998084124
389976043990
610481723730
648915720470
512435843526
361693850161
372423974072
553871936075
871890450819
159504889525
725408065022
942724127821
570470202990
722179745509
406100616788
133065196561
464494037574
477313073293
039220101136
311920875028
034948636992
925714855520
497567386312
077524816910
337085126037
710880817905
535030211832
445099099546
961093260004
170314433327
084200973895
473200337567
918886697357
876068908775
322695827341
905522854724
533129021906
469268609035
247691506114
604914627165
381543636139
705887697942
818426681860
704581778993
371946306107
975716829630
051480527879
630562533224
798702437811
634315267981
085798462577
896902975485
518251021935
820719388048
628923881965
627474303806
432368090159
801119627708
430643719605
696168426872
084027818531
839056753933
988656742388
879426639330
875350480783
980056394059
107187442650
834083891039
447381791847
156561483942
424693185804
696152368689
428701571228
095305717953
343891066734
904115274068
092512555697
340600971396
407186248907
374043581729
987248174619
508513054197
461281462781
053928504993
510328361595
220483612401
131384948085
525990955278
021612273762
554504507557
498175931940
226759247116
968596015510
828914797278
089793744815
785704504623
643982156140
144674609716
251287786334
215068691865
646841521723
626438866359
597600138774
508386258218
777662381421
535060699865
757083438884
361744768493
307270438813
318935962797
141147813647
951751813624
984739777503
232738843072
126967652616
207197361304
255479329646
631406192847
922011670028
785720353128
847659165874
005924044112
181252974868
096932085686
006263061757
015525877790
699948432539
478660688278
486784031702
467112142236
056263220084
335419038651
474050704539
872030560233
075766233683
480334378648
448813270596
388201354893
705234635040
698821221774
453937749425
028819151590
741616361345
958980948448
801676204050
422721705924
931819954872
210245002283
527396963189
917446536639
956760354981
557539078387
967177857718
608080402187
617601985661
397647065867
706231296750
316004726264
525100289395
528288257447
940344578798
179163248209
717672618205
381655845075
397688740633
688175433827
487322472745
005749493985
923812017576
600239135613
684281852829
633416165297
248109141294
669128469215
367229240999
267018872775
207791405209
622128217113
581119682963
395698670813
410997911757
901192450911
318348294592
857007776337
515632406558
329411652124
468454777660
642662335356
794432583288
571323918787
219610779041
748534495978
624715692401
965641733883
975297552287
166328659956
877062682146
903256411070
914591667517
979500457282
495364672719
840797142134
174691545549
093580236600
544966126576
185882685416
924889516066
529054439068
053200532597
033745537002
006819791621
918287985648
878286387054
234274432292
171209857158
826914691251
178952301812
796886287637
662373200722
459302288539
705207719818
688159697268
910093522637
699191748443
566406614006
584252150982
763650192782
032989610354
013738812267
313543190631
546830618770
664014870713
066771188998
984911934396
638367698775
549169489471
750689031382
476480978048
551645259267
743765153057
708530863343
114498550824
846166206435
349239178462
031079809242
649138658334
550140756913
894550101947
010402490882
901044973844
626469951811
042082406802
523209579645
680588791554
481749061212
696724809241
933135576979
672561901474
384373511670
169125082809
210936457202
262630340974
455613560672
837325397766
822534685934
219017948988
854462008903
669239407223
313786726846
115109857417
800494321622
006957284417
354443906486
324604709983
793495545095
326731710158
256172201960
668139438822
858044166755
365515785867
157710111668
446454855898
171057906274
965333945006
865569349213
031078654870
140833614633
766122822254
469610591121
081249144453
711257401133
005820056736
445251077809
950479461160
323237421747
747286095233
551646784002
169336826652
826101813554
690440661772
873560692348
377122755489
522791524219
530935028136
806115279713
316193387771
433721971424
068692033591
024471253665
323713009078
417396296632
770417910460
930889798295
839822412588
103881845833
530922486313
949025164437
253979246784
438414739749
876665168025
544981621703
651971988701
124972774157
635069255917
340902671325
739527123298
187374932656
143505260949
164217347704
964994485131
271794416371
624407900092
570474850127
727180050696
930258507261
205653807727
951917589308
029002276966
054663396048
366249156170
584350415750
781461761226
548546897174
205557014025
809485254107
538186680241
953360482599
874532856195
045542198264
160476927922
186335718314
976865791459
402056090173
648513732921
337415563032
646997169006
510968048605
706960336965
662164554674
636611281297
598330247110
413048024993
870490570860
191858355601
389207793199
164425772832
633316939478
608805674508
644725201143
559937648900
297328772847
002882782532
017706040388
396057988281
969504684176
423819065642
570128891647
552324201674
135182774573
157330591786
638416194888
215823184675
828390705031
953475188091
079292150560
831297102319
793763505944
526317037291
451187269725
210839312083
685295547227
681183438846
387445026413
684354081772
946316455667
966995182819
020444516896
497643359225
185028133984
935124146904
946782035164
251412491815
038896515612
372326376507
307536401352
086584732411
450372001829
294609518152
587985197532
545774608712
861777770991
692624558386
822411138868
079276729988
943586788101
575278873987
941824790606
133145351291
253038958346
908482702665
921840498435
507381037838
568293377677
170060902198
044095722390
318953854376
395352490902
978524045027
615791604519
044581295744
026786183056
124274122449
376182643013
813034965225
680579803623
224089883452
104739805206
730342533614
451548002641
459027658082
795343855350
196865544649
210590986870
197711444650
752691946082
360336045883
970425465552
263143162931
506106528856
071564123556
203096348926
158372135257
444569107920
329306113671
340308711703
709406131235
511800048764
126400794924
584522849888
069501496889
215694803998
455188968350
170455644673
843304945265
307087714535
000160378803
718651980525
892346553427
879218888611
390663245930
220309982505
876082625456
948188456378
208287401276
305810224627
644477769036
825299238337
194288266259
762627461653
754022528091
755922500691
654564877598
148735403977
132662291122
449537889375
406374624647
429449651021
211358697734
258205596443
763958205007
231207960160
486423819889
230730056274
436881495043
698984670659
060653610886
665104431386
135827427080
180947314366
322903928813
947970436417
560526347510
764148168949
258552586674
906710162640
970370145597
709414049375
746306648630
369050128649
915587831242
321770475351
428672732475
710342794326
451741044803
639786630063
706943528526
252961096862
178511300543
966518589526
289410704213
322727688280
088891225886
728910175778
282203536512
254249968993
666691999712
616263692282
787469065124
990632665425
617648614732
744780917714
548862132431
079255685188
733343616321
014881988417
511318659738
889003901215
702638399491
406836492202
151494353638
363354979143
618649430784
415513490760
641087819346
837254055544
961249758516
341017499684
385242058418
400691564196
843765032082
435475236705
590024239109
146669349025
180460073283
994825660793
544251852347
295816684187
786194333406
076738477736
707115074443
521568802549
391837891857
663284242700
620666107775
171493689296
534551641714
327675596844
277823934165
467592931348
314058735869
191684415527
186778313966
456549305989
384278340438
253457561372
596136055675
293045887696
276322686857
512645720844
201429092086
888887536534
756832775749
646267301465
124664725393
714791090746
642083485071
480645466894
640281696474
309496791031
388064518167
876975254275
742536830033
672141247221
646071157751
762519204782
975763400530
508955083635
530925583707
328578881425
973686729462
869989288769
313741619440
047886089086
177207579282
116150404589
118683533236
958923905219
419548917705
331046739976
353437369954
146133770614
054257184106
977169082717
025155797496
540197511204
171630168294
231958392945
642396020702
724171398485
034374252705
205722133868
080417555537
366628978767
842016683090
159560413985
676963175494
314839370442
612293545734
505531970420
758143688729
324976218055
146484877045
448671904217
245896092589
834837062188
601440859763
532234920167
826653366168
705547084971
578382832913
462299956181
113323326415
259872197628
390846976255
085159976918
642996487331
803358583813
548034862495
558954322750
309381100992
185278251837
425440994682
109873004016
245937525444
185754597051
828694739780
474134185629
518465469546
824643225078
630212792280
529134543147
382822665071
341414670444
239745736976
416985789598
080189488264
121730731977
569422971577
347113573129
267644774948
750980207333
626538342820
135676297567
343745428797
112342293170
594545371783
854743946045
505811644795
002823533710
932365796116
392745761453
990464697165
874206057822
960833338963
972319031809
342961320673
207856687755
268588651810
625927202369
829595701225
937198309440
582391381581
104234683564
868206646171
998911836351
324823792644
749976020701
027270824168
583312975917
975425579237
469905490816
431512406518
668903065836
024512481035
620364880675
510522665282
930549681434
180827430248
744832032907
020974730774
382293552729
849415486176
007545868628
234688408520
230387206688
671251298255
429350002905
400457009926
785003499892
304003058685
904775052762
868189969835
929089091207
912426510612
580090588993
361723663000
341984955775
988536395732
151044496108
745433949972
024521439696
413165680098
171625777062
550880328363
462150048324
458447945243
350464938009
597344614872
388064438944
068268968211
411246672294
518004173092
313844780343
580148221352
920132220081
398151941112
275853548664
348658622932
840642722255
829848889065
853890605598
063413006003
853142014686
102952009380
871155540229
344342347616
684087609031
696564278869
819005381568
355133092546
783251494789
846586088212
169596972652
584684814809
572477146672
852085244154
347115573260
817688134053
455290185151
666535717700
893994074395
064846472497
979463494343
729951590584
740269358622
247414767869
576586365721
082825521876
861833608417
854891907209
849916896360
698456042653
960840091994
551940763210
199024625242
734703753733
606416117840
888406542158
264789014604
372974819362
925551617251
775394751426
021690591964
708294818557
133904644558
131556983476
854467410630
029240077258
940318247181
825986379285
182743011755
260306880756
000455180758
965575328058
992481270247
802802339767
309628654678
086318035914
662779206968
262394233020
832662532747
576306782845
205684154882
006514714451
498423415700
168519837421
235887560350
865881753188
238722573541
825272072184
046173998604
167039132821
920710050046
184137721140
427876953373
125886961788
340028357780
708488163204
863791621457
925510464934
819761054793
914166220209
518191996286
283582192855
579525032811
849368415317
400221462079
684937401783
753106321443
678106816877
697939649389
839372482547
309137680810
854488649183
282167879978
295499397937
299106119620
445118836424
524612575596
533422985572
199202262497
915309373609
402191825759
201287980671
637986980157
431300219132
868572611739
227787627651
752015429742
092774346812
289766152664
928547816743
244233271685
415728580161
633811195820
439705521351
200486658172
420719130246
577129105715
729495641536
482259403915
264017847225
351388480499
512054902817
431855198018
231725322355
692408843734
928096477586
160081220563
447218823985
806913571343
991606625079
060848098505
047126408030
189572752379
613912769915
660943994400
193835272258
987717840391
311301087198
476785899131
338736064284
657487350473
004998808462
595969220353
530233464853
098628896697
093925640016
420631941843
164638360205
187786294561
384652352588
040955829783
754109634891
624793690741
748205630535
598527298758
444395280842
389663370662
307951028578
544649386007
836413605493
383601438342
803688819273
920390172387
968281782503
055314358228
457848125143
132943836437
707823803517
864423785972
450462919130
706955665193
377921786593
145841255076
000423447102
804930654599
272405844213
344792277360
775514954113
452456210489
247218288329
731384518914
944172971073
248002629603
100015854415
393308256349
167096716802
097480928795
026675145324
662733275977
053197750574
201940744989
416994985112
404340479863
642163038102
213758981451
611233749714
386665918682
625825563449
113309560557
046732077986
250714085712
425011357854
996507026440
065352393073
146729071513
964792238328
538424440287
372401892939
954322910978
930575550384
138013696054
424525553373
314322219867
213534338188
696825428802
664497506920
928238464788
676536634703
922889240566
660508087853
504469292141
549852000642
444190556779
607880760542
110395671601
102992047459
040495264693
859968513149
782742623586
806135780323
262666426533
894032336785
365529680218
588120829037
898492980437
353446868236
751243110040
225439215984
965082077486
634375601590
777124253372
474808387049
969982288914
429302803717
251514776621
699981214525
228097129454
806836184435
972048675127
148066174924
931398023758
091390634191
979450551982
258363026787
591060183572
271347313849
122535630684
903135860716
567739680137
273284816770
630949434876
116718565732
616651839965
677559412986
162903850393
050229237450
124394300845
717990850187
302913686444
829552551396
562676783327
611838536960
249640877660
536314065400
662326946199
788794986596
500077231341
878397666311
788010488249
951251778671
811026034487
418271494252
458521650145
255478535406
815786952777
940435376707
439041452230
766046711686
696010474412
810814929263
862312290283
726161401537
574816124571
714686064165
433968845982
524756367546
543350838552
470445784869
357922900043
862173082132
575649148044
863817764836
174519609261
926399908098
903082419829
285833684717
081929332239
486432341348
018346253513
832467633030
895923545470
766869705775
581971734527
208184879497
180822342057
152318753970
984415843872
689715169378
363355860812
925688118925
935025214239
937896587240
543785099049
160850511677
817597893537
607587260732
045919483090
393577517507
907678178040
018922790070
714079736171
263365287171
723698685136
072698891809
328527492477
737671716012
885217492551
999025983471
065634998339
667877296102
020310649565
913996668118
401048289486
191060347542
120272013114
699312232167
133357492927
877283525662
153668147143
594189448029
732815289409
066014609750
743142611632
999925344357
086528995466
584369778283
243144318016
982678508734
611560890746
212893108002
064350824907
422340903192
369206020012
843975369958
974298641730
186035507217
051750898810
840033807856
856894186771
484923209969
371275065007
587872836170
266325860438
275614165392
428215379208
037351645680
921487627803
208329635926
710718142438
804139587489
183250793263
395088250623
463626377996
630577075313
248607786494
374975753222
112848648664
396506706019
500985519615
591418131243
402976690375
612431359580
249306720813
060243361728
231757912572
735854141488
999390682953
012318469263
383598429288
794106569539
618184660809
008834053345
289196207220
394838925514
297182641895
727353026369
864410131306
545734539139
791575921886
959615600973
983824506682
945899979854
370318753918
483360546285
542548711863
561079950998
136638295438
961695646887
155729186075
651628452015
567316751914
061273421744
664779017650
229991215030
003888894145
163417690967
663182881382
595872969953
754481735917
315889455510
822916041336
410065667520
802862141051
311562360778
465411458374
126137268851
543441267439
732346597831
715860798600
994562895502
300787327792
830319850659
660457873226
080066807152
612268833856
925803211862
290471672475
874387831194
072490154664
905036563815
602138777696
578284640957
474099057376
774738514558
087983509055
518608474356
357974471002
203906347730
517772231441
641849473066
074177807079
247161701396
250310060480
185216451340
204384821169
351282798027
404329302899
544494466292
544531222613
583897140369
535194151029
950922195333
995580051710
721084554866
396037152817
890141343575
001304624835
618627293810
728525552776
482629607569
026155507263
217300756757
155581202016
556977068638
367678102587
092560915993
821984873281
926536151770
106811218765
788661683370
779296973435
981483745323
889687226588
052550160812
996781155245
002669410188
228369482920
249760000675
439889647080
684617349021
770123908099
967676771177
513177068410
586410801079
744257086176
458077114887
147202209279
684607372328
764780425475
978601470807
108165263647
598546684730
030202024656
167930895379
174579228941
855663291072
155138911987
354901167177
984055642956
252330644720
545724191747
923227940714
550958997521
785298905063
434552456583
530174383480
536540342103
228611515614
483298409008
586051839192
966746331041
769170893759
310753740540
929845601600
492065879637
007892975273
704973264665
647625645326
296012558562
141825166469
219547228540
234239811667
950663260518
679660108726
509103765405
655676179846
123427449370
553655396686
512029466643
056256827663
821842050888
250676035273
520090532422
610279230000
684651552941
088299393394
304292321635
872620935093
082052743873
941738896663
195653985188
587956369004
783842292408
153083422428
605437826655
273796915833
808390018665
350189295396
964779786172
938036155374
570872800736
437621730300
166507052913
615448781724
276087728660
047586320271
104351601104
842088921384
942257061827
854424149503
244479034060
566874551042
843857422926
375481982694
994657615880
938686580982
570884465556
518462392200
683098387418
052740886259
633344237116
306594409446
700667035615
120122252352
496737251694
348310232456
369259165847
062524172585
386419355519
417284531404
294288053948
731946799965
639931467781
215133781747
924205486188
085053829502
064252162204
681075380466
723058258249
204092614961
342155477402
127935124903
403011123272
637584981292
134289291014
022023002843
210584966871
697359608331
925665356892
657419344770
189278616124
456949108648
292895843536
307278229413
664659498607
896945777597
028764789461
449614265839
165451996070
152264248709
336562655749
658441232862
999186852595
982859898411
069258807954
808970267163
865462254734
309080696374
148491983552
928907237488
490514060048
307272437508
284611106239
567231227299
341425628375
838850078281
451386304749
811597804946
493554392724
476713368878
778094681207
540658042806
069267522023
934257561274
870405816384
993014316293
911498298962
514808585281
413350601057
322662896493
710271120343
603563637593
598598434807
941325252766
973022161518
798501393746
809522733377
334513962718
202002847278
365453938215
424787573497
402636076114
534939969714
008449484194
042743693891
351496487143
102711194503
943304616445
572617328821
178434909555
460856784028
568769313623
375966801568
301527444461
959902269500
257402393141
259890590670
635415243584
577487305740
498847425370
745392042803
929923361741
352082629861
034742816149
418570330052
563022876378
606421075021
155552767929
124047736300
471912619983
489806732172
433877796575
632808616621
851633636418
428508721815
210443679565
911242039170
086050145486
332570787598
775118691899
861946453312
703532411969
178903318223
288116497112
830870056904
775184840616
931502052867
835088986512
998596266611
038854517298
995340038297
074091518922
320799325652
143158423025
618708898915
006586807158
545728417565
139264647912
192571565566
150402173998
148853811025
942723900779
419955979178
672855016717
389447091523
253443375419
044801822094
233908101770
734832504316
434535936846
752848752701
641547573576
497285270121
591986667759
390382880163
663381699586
662198773987
494397862450
921569209024
949992196030
645460669052
682618772398
306024448999
341895073178
284756449327
735344594598
412881276598
395557355566
950833822481
587872402896
102126124198
178490297575
752159352246
884968050538
556411789873
411570182852
059107840818
090247154671
685722660333
130481748651
931046647094
734355543528
716075664792
563727622862
379681168432
147890402616
017650423103
784509265824
303237503958
536113067035
921522459746
292533885200
046023287806
547905862000
690682302736
081547555822
606931980611
043226305532
646181992837
490822560024
954126398941
729879730747
057690312664
364754353164
209667907878
399846465497
220927416317
747660774065
123920212979
551030159455
758027959781
684644620720
412478519239
570721844166
838783921172
657674056218
303901615427
303182039640
744333261555
478502590891
247810299133
270678798664
147711601981
671742776877
374946879624
646486343582
494092969834
504734681577
109815980127
944645457041
249522315351
481117050972
052854435463
576696136273
845251740798
707140812865
381730083501
479516873621
793348489541
839980280744
087310494265
302801928133
571429342147
568414804735
972802623242
160250660546
476047968856
133451035573
023726443100
853409282602
097197969489
651107329442
870918667675
140996747596
602963070466
862747313594
411965523135
171640642131
374761079965
835168120414
881916472795
818149222141
107459290789
543712090391
551195524789
567744991506
516693586766
431178369076
710094408183
390369837828
239907921637
534350176220
496705422204
221156484697
295565930427
871154995634
486007009806
388615941484
671784788104
095954562028
040812862315
115995494600
980253489235
899855449264
610297324613
917835028960
792763704560
150984026671
849024187731
094663167048
581654481595
775859795271
767014874169
220973685306
863622313035
620765987383
158215539474
300601808315
466249581687
884936651908
225963797503
602225538954
663651594054
164214839926
761019409733
139524333674
858167829912
828891673026
689585298543
625420533896
949826394663
774579441491
451018323366
153015200530
559136230568
331058140899
140980432194
527310375288
566162600058
316039169742
819537341142
819794182425
004073083831
136529709626
849806350422
233869106034
093202265782
610188574849
579732373419
284211995446
323810339009
124342383437
871489033921
521565935046
074730164304
885378436986
473715992183
532062137526
891068812975
938238720004
839502621261
407071058380
651042352064
508117953313
189934455930
577156120656
410357731291
461627647666
229897693461
160631424458
766758158957
329931301076
767328506729
872019386315
977207120775
887492490898
636605455605
738325586408
139415566662
724977311711
870937930410
825676862377
776614121176
896877966040
108663035288
695231759629
331198343617
007814430783
922824548610
103170063763
633788013036
185014085349
530019305453
461909381119
762175287816
802907398347
901040873892
195707597477
252392687721
917095569958
462228245327
690052142612
828714615354
745842296905
965904272654
186573173783
100803378901
539649176416
998976821727
931333845852
120752211661
123019804828
415411887608
582301424387
363298413817
130411442707
247213202717
408938332032
097823973355
566734384886
316840595138
925290146630
811010440167
330964728319
410118755757
427678409657
822553735886
667307008793
916672785475
930837345449
693586572317
689035724828
437509695101
268972719309
065332539613
316795201048
756294556870
242791175263
776891714262
354069271172
927212956162
190945340839
670185042469
977963813562
036587936549
576348641419
828788685633
492899276585
843101255377
271794017669
616626204092
187682535263
212915355010
741208895396
853854996636
544608930753
730557273031
214591292086
252383415015
366986309688
121280722148
627689446655
794702418931
200022182490
115889866895
139404878566
329363481021
970498254886
471920903479
264594752166
869528226077
886103529161
612381031281
647781011040
206905129574
335307487722
602466705533
494799141059
825627340249
579511855905
004787696197
694761610407
406042511799
478066594644
959095464827
269443594500
535720688281
494330012674
692396776732
136961578316
686932464851
980175440334
979037672585
182418487998
415638265681
865569732675
983943850007
596304287330
536330106385
009992643068
291502986938
848051737894
609070872594
456935027480
198632570084
444517553736
788238835763
730060027710
597169514956
673682004655
866212911946
468996046091
678075014990
454013670113
487035109753
293363064411
620871588608
755417250235
266147759201
801494201820
205610690277
817051737067
526943189894
493926336102
598625734098
373528882146
669716784207
646897777070
865243104284
091688829218
176821456510
047049151472
737010047357
160951624787
105162792972
204247482737
722766369952
832333478380
368468751494
163963799817
497014594725
257207490153
822109189602
598030671594
619086334408
269380536009
981192108242
985328073195
888628168289
449599689643
202010744206
004047139509
704791476658
774063442157
450011600796
364142755726
479037446168
756572952481
066043809126
677011462104
386526133584
357397792714
219893600590
680573242907
069119822336
089736806595
389718884540
243295702917
688568310997
649439810023
627455125964
770077816630
938457784833
081530150108
841783536830
780544747358
959009803306
003799662536
932015209085
343622238024
704684227078
520710964384
904504932139
708960220580
286939220398
735426386339
679521759923
646194255322
394438516666
143943274398
615463497887
867026589745
591988908464
008101973289
866639318120
805087114370
136072665073
460185253352
352709454389
059314459430
804350917592
020613947495
980680682890
328573804655
506016842509
340991791401
909895527733
931468914936
084912310401
118035918749
202562403139
806950527872
412217327395
150748187305
103686492400
099858757064
742313304337
696147914954
251977496323
054584026454
774827575048
665766463696
079399444252
333660510141
501775655022
400540653857
194385336357
574963072823
305644475652
442530668247
927894918808
460574319158
952383706607
950512337092
441148511520
634622729541
875253742098
243062508867
703288674215
293906174044
304870625034
237874521625
103700678110
657068866035
303957452888
426593954980
038362938326
148231393903
011654235726
005086776445
780540103273
027638703342
139694891592
634406394670
703471370136
185857823014
535489136664
958965189720
616630747919
138065120904
405561646010
152567790329
111247000115
440321774595
150345033455
331409917683
339588389856
133741796504
233487159176
700112776334
997390258216
803746584319
197818366362
786926526481
998549525910
300369330825
362582245503
130419991997
874034870340
729651869207
795720228917
918179407799
373581087145
710803579442
936903944305
580946279015
224308808008
231573595071
443573005131
078132479852
921317496252
150267649971
769370362277
241218702625
390045371352
675555856099
829951264787
209823588040
698135708943
830604536846
982881103133
311026541892
544816746827
375587302896
988060749969
832586755565
526723319379
534043222960
107285499896
783137669921
206933496342
262325273462
238200825670
027827038674
610680488387
040342102939
057300110404
167163220166
361261633333
713164624089
940344577621
455700837901
365694733349
705622965845
071915351581
489776499634
936140259419
654140197971
120773363351
714532936909
014077567759
706825273330
853558202938
667843183740
437560884427
034811374104
133448126019
294133088312
589069053358
705753744608
069608555317
963182371326
156436266589
296771266264
625918182974
323499310418
721916448426
191244901695
471884640628
328504602453
576890313272
244417831801
068167399508
511494466550
437675225849
608829673401
906679457044
822749332172
914793627989
319730119435
950955057088
811054649511
736271136130
527994119634
793243081735
669951418034
577050665348
272198771796
971902119418
358612297721
717852924815
570159529091
688887317582
215608502167
793777422860
464641420316
125779363051
302572482147
585552225120
171470454686
141573921422
308868757793
012009059464
674649187045
412736684130
903046142040
660699131677
563709780265
735207709883
214652945262
445133016252
959013640857
103291795317
718859519830
799755207888
877774511362
935207222926
588801119186
698967548064
008942659764
031382951969
515981330188
248988322252
085451736284
492075114249
124951947598
545744044649
622844458834
382549158598
563940425841
893189415745
703962600347
008627406104
962926289702
422063332362
678597264803
654658013736
901492751533
074211278433
173827301792
256375759717
216866628089
427250700968
970801256166
958699676420
145717964618
570232414915
416516606902
547635635420
403047872186
297435755427
793129819789
937990980559
782662048259
699822838173
874304287642
302619431460
592882867930
630513330053
115207438260
595701884329
036178128668
334777494750
927628855957
514587288027
808286409875
487888162982
139451400492
704046475270
722594748899
163065431095
391742899753
184916202880
825282558455
012899960600
994603244314
658432117221
589065623330
080168867360
207728748390
279769464558
214950175404
946664657849
254249481036
308553189392
308343401744
437471560168
805079989256
990165067971
164897267330
622890467996
026973570798
501005660986
028734358044
289742405726
636987901474
563717459531
187443955335
722823763357
300579476778
248920887742
696037690728
900397101005
107527547040
260223141888
351592763773
692531863868
427490465810
624727662851
133635709968
005512823662
113140102361
316206327944
834799913374
774466029387
876579443221
276189718930
181863483553
049588370850
035982775083
906522597580
612461206429
815813148949
483776633814
582747266949
163489248388
581299531788
988907915005
696632302933
204594403214
547450021664
443141497719
890375630931
195499950275
270473131500
986257183166
025912363176
896809743777
574724361411
654430748258
728563282579
349663771724
590755862537
612499985021
524583532015
737091770150
756864597237
377794189452
718641020995
728701051486
681998310377
031261030906
599152189532
875007363305
781102357572
557160893874
645823637159
222425774402
852504043911
219119285578
552647933600
935285763643
630851297314
163286974599
500422728187
299450714539
884962974112
289282205479
526139824314
146185709190
573659455863
946403932655
408503101865
549128235670
539393267370
254301179165
785796310464
683685808957
845806297140
265069036284
769325544829
630589190015
053618554958
152215659901
780750928283
623268930795
744765265184
619041058167
183827307795
077177490401
583967045565
640901613340
733635470689
882591825745
706427949081
157269144418
617616744495
215031636074
308146535759
752685175991
721390327484
920748404557
756316598309
938801770802
929860806280
405283298130
287070544620
754754954699
885759336190
659590608363
493282658793
900788863399
749570471750
857058317620
247149331882
600447672502
803772157127
714396091541
808266252876
985360249854
113886281078
056813628261
623350113359
108254763651
366184014635
768670138886
654953255909
406825943891
568946804728
679064426266
670845377407
796432046702
348911147128
467838612545
941464213144
314934203850
546757941209
885814975628
293660365528
146899883792
990087006841
122460252707
006309706535
565719408688
632797693564
621598813780
542832766594
592385181271
572548923845
017532041154
213044801088
842255653787
633120720819
466633195253
486822726693
146163142766
349112783531
586116485618
055005296395
080672364124
661125811727
926578720096
699764788685
849620929116
100206467806
157413953426
409947311788
222213138806
657686693341
064125305510
642410213269
415693990895
665665496314
004053365049
917835944189
955165484394
685177686807
153277278305
326770165658
170088759286
397892071942
097641932524
580360600250
648422832109
780444255001
326396889988
017587358055
054432423346
648528366114
647866139616
112094507864
209504721519
508876510724
878496573872
670173120853
942815193927
139957782531
097768576636
075193596459
950958143231
204621907953
068220304735
303650894276
618223447253
096053409151
560230408067
631499631524
132026466842
375461421484
695301308924
225210188956
007767801824
558810201389
778428464597
121406964566
119684483322
976469305485
468793410871
852477159797
727900866657
540918197870
238111448846
158946762958
533766448548
298095292146
261775007817
850387048789
082838120147
752611584225
188717415730
723491057872
846135934163
527384123619
208614273045
515635998151
730835307202
464519318539
739466898943
329698901971
498609672142
063797314017
672911376090
822577597099
821831968163
821472621780
935703563869
826532401674
284585220379
234650368584
493080745918
220363013474
118390141932
183616101127
716527874793
330872587652
684210232648
549616258310
803523073798
104540680514
961271241689
983535411200
168693573047
150524818433
353559980595
814588506264
962249496010
315812330303
931527330885
478805132391
495039430167
106561737480
175881574214
331231365735
937847960231
986906846456
203194366792
101493989192
676071546196
222072160494
391886539046
042886684948
105464714239
593577436418
040072475710
988073414808
920151824717
403339221691
049998004547
747800186487
519190058701
618277574384
911037062836
675098246438
853150487081
658190048164
920066234521
408408236722
755806225589
698355439823
276603362909
620990968596
418859303818
063237479912
228458371786
134044843309
723242013703
745923973273
387725796172
479196856271
763800560953
789117322405
662534426197
404277244382
923492143972
779835480772
567588545207
314317862015
782951175831
852303393379
965486195041
818583101572
052940451039
981309049729
268549262625
171507041617
751882025133
841642301382
366302832805
696003656762
524373348901
247118685570
073851939602
137343700064
950324740265
550581816993
881900236794
528665052690
922884641212
097568006178
124868559767
063081980572
042351333183
727659250939
042853257821
733420067076
379130177741
084189244393
127869774847
049733063757
240569113327
258983212024
828674637982
927144297920
037087837153
400490455157
872405846271
111160883094
144659812246
451421786407
529489271856
687370925918
049618103440
340910580398
929822044201
345069932518
536176569105
084164603262
619930965057
976361013016
202009331863
286535891041
451005246908
575680724159
625222431003
440175599707
371291907824
489033598109
938631400473
155099856842
740284170930
450665538345
849438990747
810439678521
187928313764
073434718800
586204505021
808324806784
697227624921
791850031797
942843435292
825813378145
526618350746
852419336521
354369101243
246697953031
598833396557
972514632879
945937559647
877999133478
222897916206
434485816134
337276819561
522434341353
391703126512
679795644812
666184397573
042196826630
768341089927
729868989666
243854437815
037337554963
488954279951
779568208143
826748775822
580080751046
567431710725
587265864692
914566891892
457690614291
171175343105
810564451944
039342127471
506504112296
096364524924
811241796276
590791876318
596193641176
560893942240
645811561592
253155349031
404028194600
336751419493
917024733234
756216713191
594923269642
087778487546
411519434377
679941113880
926406052121
072060115511
519605049996
195256947851
431696102333
550456622753
220182950377
915773048982
230337249408
888440152776
360210103036
215813968301
517653280654
716507103157
586324599927
858477688795
095365281626
012624133295
529459976083
884575296413
424554965594
222676889062
968893718980
995298386024
245490712716
197321926397
484583511852
785215088282
936012823872
765479994127
399809250863
818742364225
349830530611
579560922166
776984388482
852929699844
217081736711
690979452776
398744256471
159693431579
793336505936
135664828717
129445068337
336018582220
447242632713
793889120330
181218854334
228194471708
880966774020
699312067353
339318928767
514504661347
710183330037
766553666850
376766000609
896799096648
146784436110
496933789768
955970530816
765379039913
908794690376
478214823962
696838916556
930842169591
536411103294
724630220655
817995447912
274609385137
044733303014
462632102312
193653690758
892662741818
940682443814
865907413185
309414979133
223217310940
137957161798
060550308639
853166400294
809973609193
481361546664
370052330870
832705942260
090851775327
862916609665
198105773090
166115195958
174629860501
523234918830
065016807198
025993373081
948697032567
952950515611
610764347524
211728171631
413770573696
615928442067
949806647763
778570190444
942952532177
476689276842
713578204045
621751417460
503976755378
221686922363
012817170634
098934929424
269605084817
612878273755
733367456645
869600889605
891274759210
451901101007
521714365445
073859244618
028680322016
716089394648
349378093773
433043707393
529973028539
277611304287
609403280497
522735307116
517382781981
061433988008
574384291034
273401082998
492475623475
829413021780
381575051364
422614614751
281948839376
631018070912
938054736401
234237761931
630255735970
529132534475
388295921261
985002358176
386494510937
847382941322
068980042874
507452424947
014460619172
832125095798
498845877216
957577338949
177288962480
983137422692
989496822384
298742591048
620115717047
568201687722
921400765583
090399814938
535379104009
206809053804
934650341589
892451372929
768094116771
564095500230
359906651347
973523070013
979355028828
149624035026
447783589237
856415340909
772837170702
221512931909
262674170997
409047435220
704858020036
067133518433
957123329786
515623782889
813936827960
319325330979
870159637717
906650013553
702233837268
315970937294
917430597785
748520662135
619665789758
315650520396
893937536935
234635458353
181141400813
927470653646
813763548156
959062108423
070016889385
269551635366
827216386700
389001629187
059101823441
361592027304
098204713715
834042997728
989600654715
438336526110
047081824348
272106707655
357848475933
584347565730
647974750337
921236218936
832110841857
411206471447
393909328716
850856654325
277757918011
329373731861
198414740319
014268383935
211511082112
826856985922
772823948344
050410608075
049505199610
357138651727
613528008514
776421203168
217754071126
748460041123
831699070331
743357332071
231256368432
571020397868
541847805519
193833093405
821592669879
436157424516
714229897281
456855173329
293285219972
493235668626
505310814960
456838237830
785301030158
824856969649
531927361525
724613065671
162260425069
778851574940
126295764260
912182898763
587635735638
155658893172
064605636996
670766102039
836217962699
406025935309
248769775135
280736357186
626827138848
070822365602
139728694525
987016877193
787448806836
158498031735
324220609283
259051817391
618713937293
878079518444
020228257537
572463906057
362679454499
687375377542
474515831901
720203177846
378443412056
122154157277
174521683105
173011100661
704037033751
971517241285
303835866836
608133836862
544498845169
962888044498
156211073141
706948931362
607848421331
487067935634
192849048504
866591354564
338830723142
161167985105
301103640581
948580170669
242550368071
234702066536
134283045054
122336619213
526331402305
242139042442
499746077404
377942088837
137074373797
847875211600
068468508644
967400405738
473642923016
723870235990
333856124122
287850422904
825836226964
302867078226
862220682486
378671283255
409834869335
925596255806
358710582908
131613608131
577522005899
132887611412
326710329423
417113269275
243129528437
520884188324
756366276620
662773465777
203808522831
003979948929
585330411873
166711681988
765248982027
745910514017
560069260128
423500528490
479915709690
677939032502
989065153347
121810547386
507340915999
050213897901
996263265454
502145914162
704277373343
614508339303
774983214248
149214322566
269735467730
547117717651
543016415368
080616399615
870248561663
801957740397
265602713882
039968021918
826136816862
523079805264
962726288804
618866197107
499316603388
168137070156
994728517024
964342611679
978922260340
349069676029
535370855379
399093490042
935694571388
390671382823
921989636936
809080512443
188289326055
538743707360
996319961777
899734023844
691793020317
439645427709
529370355768
353449195896
423563361021
704902621710
595393469643
287957133892
644287156267
898456367179
358699852140
103716648649
666779852191
042423418504
462048144376
084905223520
269554476226
788675469507
286443433699
631144856875
732512209691
560835442032
958848731363
706985324759
022079679295
146759116323
655013162760
051624321402
343767755338
396172145096
403826980143
450129010297
499008397551
682065657023
377662906423
764512059300
297083718194
757258696938
071983866260
861435404470
360697947258
273635265425
880196595841
872767446993
958837463591
188470807449
445272151734
787045068301
503508790536
423297252684
217136460870
721607207816
339162179319
723322362115
729007422149
651372243907
840760517714
547311345951
938481291240
427043607869
376123926441
951075319879
063224030774
565739591756
751951953170
975424090782
121116718204
090003898048
837193202309
953160787897
004489949354
851234338755
075058870349
702007291700
527653766576
234116130533
522739120851
846292402428
860139313151
991257968810
477619403319
501230328337
308533392088
141978586575
713285938593
486801990720
256625312227
484653153644
059688760866
032734454756
785154640040
855014329635
142505917867
453080200922
118289685231
675215739712
464434680210
998086955903
517439106348
238848217957
090298742690
503811347386
119874400833
866279600379
836663025207
195243063730
805312759269
559367479590
685294195324
944491005521
826573550766
052553299509
866815784929
585019442064
507458538339
068392482769
093716863551
681177375916
079921164913
412198331545
325501987975
254595458859
951653558755
524944472690
335705717853
226197642811
635756475777
545848366030
693742452995
093826464252
747733019554
167950109617
148275246907
351753478000
957374733417
939947101604
592184432713
012360120218
159109425525
607421126673
354418910940
710143827854
095992827806
920706840444
259551294403
428253565246
303558895528
582861049617
485780336635
155300624348
987958730354
384180510366
616441718078
163157942840
804165598628
496918696185
655293810317
769118308569
762863430256
712401149551
067737488894
340474811977
948424803193
427099051628
589527579062
687649357264
290665159876
539987054577
403579730292
182452895956
480765012550
021479989502
614529343643
146994014300
336998031778
335964126920
749089041089
272494109827
480067467133
676965243328
153187708906
529213671379
297972403399
041102776560
788048686517
367550221224
853282762260
636773061933
318051210699
415466295760
595247211992
525698557423
080032448053
421597653809
605988892210
059405893044
720410964942
564772445708
724467567244
795735225821
281968363854
445132037572
176593823422
809964812138
133660974960
896419731912
295117070160
808396128051
884988023455
554699770455
798518990507
839468865473
796986618920
480756326542
305190795867
650106051820
438813212238
874565988072
425061916360
494004194476
330074573073
470387933902
107868852558
164474256757
152576513691
552634685177
214201151149
176100524299
017739748204
680722679850
755476755113
737460558962
961314877230
702830440762
961111443856
588380484220
439703431622
097724510164
807603814932
965631253767
809045616747
865714352045
588275218628
280134047640
414237934984
875004146068
339651758169
014139610307
694839712021
806549975032
317626409101
706822480405
961500216985
282311836788
754783986290
701053019448
122205068788
684396910957
860892824409
371948383572
438935118958
405879782063
755437859732
713301846369
231859042518
426461769583
735398973119
509678615397
384280430192
106084045470
479715890394
037538192335
549794452430
261482503398
183728784789
243719356648
997318613687
345290820546
030539485355
029170841382
159012821740
301796072209
839304136435
819773701675
911625295279
781616722712
675065231354
838580612084
981836172473
334705424791
959172996567
829602882521
113169686937
363364854110
812279989895
877022704820
816291834648
085096514167
835599101754
421363453525
423457531876
088559156749
135271248940
705050752124
908052709388
808659632371
277979114711
852374457331
970978566730
670663756770
561543250734
084964558614
269863409330
523504677608
200677536240
159136046939
216862148912
112727190465
691235138066
994266355248
458237149001
098438635059
599742306009
004301328026
709211587731
922555715608
825055456728
979618937063
353318614457
584721645574
595446683188
227857136257
695093534408
023635698997
206644386384
194549015051
252322658712
419709241831
843324533309
436192138678
081552541317
833665827584
434079375852
769956801201
053782386178
403521920317
348600084247
819008843226
768127707262
742128072336
173983061950
014432952830
981961440122
966118293512
779258052305
068971765077
907612470973
038071837999
426539021598
993415434186
370706977526
912703320407
004939646011
091449426300
687181886359
527760619720
106965784750
861253010346
966541808763
235295598102
160569240741
580179112153
088878178809
861884173863
775283054059
567729113820
048014304038
903986771142
874412297078
915124141360
800859455950
369344453913
931439478912
182401742488
673444219014
768671910395
413870013958
566989716575
750821484441
071702736768
651319991849
249025760530
708030650247
584506550196
923927450729
236972948558
170637314563
113462046350
819994485030
123750593604
782757431731
206118427123
021472232081
506823757998
205319370827
329801042668
978122482597
583967792013
924372082296
002005687218
865794768742
797929558289
733884866166
380254714432
964920113191
346572079487
179567970911
087699278958
600659667539
905517105172
423208303456
621153249429
345902113831
035888236653
717607107226
158971858799
816839853745
989284859575
177992977322
164642804184
111173377226
162076328338
007553204569
865568210684
646626877111
310200981165
785594393458
726675877435
783818605089
889822999377
536159565501
623979897663
379504465618
874146460298
603489415603
234131960443
140874013454
322199722175
567858780319
966008749230
264118854790
744874951569
541761743797
068670107559
161792372952
261410111184
303024064346
351689007300
352651251964
310376339659
204187141793
726457597451
796044755065
177823915121
597664382800
239492844337
579550636781
159231197417
351511480284
373983133687
159212669114
913285373125
982176534618
338704437916
802165157619
668200078653
538797769184
693234375274
398615189517
860126023595
969192606336
174051978032
134382143396
282397921349
959576277833
434408928103
804067167055
093545868296
950305439581
039892926962
973834257707
020628724823
234728192700
954330449400
815619885458
100026197764
603536580016
909797586300
285828006739
599688660644
104777896420
165954365509
586546360503
432380293950
446011776053
068086036303
476788652447
605330659256
788566893325
962817594241
862323033588
724443889076
404507251536
887451740558
942245673202
634281219093
411436227743
209947714071
589420041304
075987327546
977327276855
466467866354
020390355914
088953086551
734810284482
978905386854
925557243419
897684587834
983314830137
308135551925
860993145174
291608162480
754757865811
268053835610
841422881136
337375797085
415358996758
239318731123
863828999192
036205979637
523092072887
130027469117
570296980805
254615506580
796517916807
286364570407
220866528001
245224740984
329533701148
306444734929
987406113285
158653472061
111610486521
418430094416
433130659378
220534735943
885798599732
041474674315
975668231625
890015366216
585253945243
603602654987
073479168506
852513777540
001476323315
436857295841
465718552957
410957087231
607527865583
020274387866
854163371275
248239107707
968437039585
220001128888
039100718592
300811392782
437526928054
457520820869
915698472974
183635423572
375894363203
204714254501
630722599050
439603375984
562634585490
895961841013
454585471267
236408915757
260895680991
774076243120
207089791455
938734380733
960961505637
304119305730
393781557957
895666445779
940919743363
589791478408
882972243384
506833391053
777012203265
255811078884
569210327714
262433113324
085028580807
963312235366
354264263432
791419501452
775352689056
627863107942
048678867058
112138584307
556374875858
568687999877
876642940653
280954669044
271739171959
298948860199
354392137392
353030408679
402030287603
618739500762
853400954366
808435242058
200293367695
199261402646
417738848993
769350458166
259196424072
807985984649
863180110902
388665101487
447155760988
761106419401
845203204939
499501479627
439840309857
802381326159
642065428843
366708998183
067990171947
867800940306
428834369641
184830314050
696216600101
903699263718
037145786518
051421803577
340322340725
510338081898
414852463966
765048529055
607088104524
328243406985
363060164931
995032390362
422615052412
061413519235
068879085252
359853359564
123764081415
676146022642
619812588245
781957339909
629301988897
975576320838
479233143079
238263795174
269868520212
166853613400
422944500815
765553886526
975968190042
087001413793
370106724057
836873616738
935536783538
135148350110
752072284984
482942538606
224803798152
836169880163
771970410475
379580726373
832574745184
858492417180
760235461035
919871833324
691786727944
322323994370
656523670975
896527960820
887873523254
278257387409
768506923350
249291702238
302156591578
354649063472
493499235639
313894261751
921086106777
066002764790
496807208346
049723374733
322977754676
732971091614
195400205485
438302612133
213754072721
953042361346
775877573359
059564262711
008917080076
344567848373
512490238950
066344081975
603551850919
638064908731
458759849406
193085770697
621019807588
162984560386
594925564875
452022193593
813333497520
915105748140
869738424247
269105118895
349188329672
124346707549
816007441835
209216879035
778754227768
214755150743
524181517970
698419800270
163092878509
972105717921
497575791756
889537905406
774147817752
629771662301
477944355218
614815721598
921222148673
066336150413
725044789635
793007809602
180259425810
044869678144
527123023099
510393647693
474042890066
922292472980
063118179796
497993812523
130981252982
178006060602
508712370216
858305100812
396410991665
268864334874
572450960446
074779985073
472623072163
501963297947
493168550581
776934687344
559785189112
938922901806
785305827859
793377180987
682575961267
359343326157
850465103091
369619104277
909506535965
331545017408
149353517394
879677455588
562424637647
527773775262
629296584009
261106976389
162713202412
456389038828
152121300163
178684297201
107141383773
533436720104
481046911306
570224417834
946587752829
854702586458
253469428658
081392643279
917965456056
226633574818
225966613339
136373566450
546320234417
215925131258
101003843368
401353923505
461136730135
886113620394
597407680730
860918855781
299832961307
345930216690
444317436025
286308165169
343815246699
843364253794
319629154691
852428794555
436560990787
300102701699
529821278054
356045463026
774017179419
782575951159
678715515841
269025201133
749992059767
573987287047
588858508527
629605160297
470380679549
828050118581
474023476609
330152029181
875573740697
393266123440
786899990756
046035865104
943690825363
690146251249
343903483312
580080744508
174447306984
504640753231
331679262110
775007860212
556192702780
063574497564
435339063209
854254135997
867918628987
102534001461
733276631968
786977396065
044649977005
336824333633
369931864540
088395380736
394218762784
958760426875
089012235284
164847142982
409054961587
593764589629
589605063547
981820989944
722949051857
439302403808
797874845981
521480526894
149709500456
309808091920
104728073747
060456374853
523158148694
533643118318
925412729758
911911066360
276991593752
214725453775
051647645353
614472110433
567240739091
200115918887
869686251469
451328939316
777067389545
756494313817
618587159837
708190946639
180445849627
624020545608
528220147511
082267484136
955668183395
934588969529
220927055066
077950084129
181074504390
736977344932
634707043162
937190454876
062769003717
534114170210
667088183039
075753836770
478138997464
168257519474
023278391529
995450020984
290612943571
757629114580
441882816000
673959514316
664696546473
412896245742
722560103965
551199186321
446323376706
600688021606
813861906841
061879026244
240425884327
730995355106
052098199620
528334196735
507985678735
774772116202
734971527515
721933996055
630749962612
174831512462
414642606699
834902246200
403360047624
599876639274
266171617631
833409923441
852864342439
900459806486
754371088368
110154650170
181783277346
050693377014
178531160978
979520629204
009404236498
373546094123
446564120842
408009944515
552930772938
695670356278
903813856528
734359889348
163256712731
804403927513
258378100642
717173087851
375136958461
249652668828
589402311375
629657663496
796187948776
678735504891
606681200779
653611565864
075653131814
139753927296
403560099695
179578300614
881983365932
724846880099
882506501894
095619652747
713708368859
927788818132
987946941468
531725271624
770727643100
553943323962
592626841183
888385945782
987663731797
083265245575
654520806911
581018460512
168399984332
370510748805
696393999777
372946889085
043783017139
712027501938
006261619897
782395275164
260392471404
348231362439
674250993803
898375444269
381878568274
504360011370
409559074992
095726318300
656198491242
784328816890
678650629253
336540536367
718666067811
239168573022
817988921592
632558712412
671438119992
738515051674
828794721382
699229591871
712580626358
327296040543
192890037084
658327096943
510850447708
670946603507
942661148601
075101091703
532066146125
858257124447
842373868032
325973371793
449793998342
081203879057
692758713436
466010017512
319039115560
142946680603
842440361361
065275314745
537791404307
933234944032
293040425347
217282448102
555502265649
620835711859
872625965841
054463830226
957417495042
048687635133
980372963655
443590263061
702813912763
982384487689
984263259097
408130156989
133895150359
107557266818
564170516092
469885068206
191041656362
944272133967
090497731059
688593063620
909520223929
067291679364
675318489727
754935879902
105344025317
048041250796
948245645273
524175427010
785749928893
219183361177
388852915036
021565446593
923775686178
690402807822
782713673720
891493100922
449782978828
396452130819
968200050344
106094491548
208896041268
576337143367
097430031021
584760078863
599574384845
891241659703
946057931024
798637209912
039506592166
170914279364
941242516220
300385530115
388868415954
100872766137
895656200320
300751370823
332695965654
809181563931
770716357915
029495493654
538188423396
496676719769
054748501350
266084657469
835772441836
132555620867
178576313878
710597323240
338564631036
462252839543
357248525465
753736853736
611295457687
356406700894
209671394511
862075152012
670678126846
479266326285
339706808609
571395733925
103296866131
005732932133
619139981869
037777097037
678010973629
369161240076
474853893685
187074323187
628231102119
384363709131
526782540534
680878857935
525929688211
362000428800
415241004999
826309117691
226964234345
815944791821
251187028880
853579928632
292576011267
355752219992
470134469683
187380763818
518832264808
436729937027
043260659598
860592782644
051421342437
825679507405
339633020090
839242514393
414558622546
239401051802
756073554330
640275252872
486304789549
725390091087
024538585273
315672231428
649219043568
449318577505
845693643642
983055617535
815617308743
530691024316
217867737401
914919222174
469324592367
334412910992
124323463278
816904191812
960156662036
421060383243
967672417717
859070887588
750503893522
023279621798
908557016005
449216219965
153851669947
941598825127
824074435270
190950710892
620170926520
261372412296
776651321670
933033056844
983000044907
637309982130
041323939638
950355343698
812721354397
116117617253
924938740874
950209364006
225053162645
603616849760
476921079545
442399536737
483151175993
508167331830
182549508269
719874859344
888873772012
738401350022
329582639114
000506068846
518859537311
163670239720
848747488355
846220901850
142643319211
383653161861
987460945431
639013976107
792875406688
700617219624
178506784745
857115145987
830821103638
941921887971
668582638359
255071315556
741100688898
741303707364
917840117217
248867005400
248469765736
666553921510
300661476771
001129804243
247074904832
782859404002
082300411749
342832781710
206447606176
972930357986
153909718852
185211046050
809434152767
850513558366
185931294424
774084069698
335823819147
937293275289
324038417581
621594095049
740951567815
634292828529
008195822187
713442886743
452584565853
085752602182
385875977534
645896862797
773565356544
735473872928
006016288175
496111451664
678192293665
195083593620
675862281680
690946525846
410190814207
115915144256
423202899117
703268988395
610737915504
397615009691
003558447770
364592270576
622720669998
134601825658
128707013486
120388772290
639809014953
607183147307
353325759184
294111107009
001039236128
843600295043
401593518689
569872628664
173131970496
954158911842
488018822817
800194741060
527221627728
198208395226
056294458687
246451979509
846378430846
163751976601
470168047100
630186008145
783188736436
378138796727
623992342821
895637815878
608045514954
036116806216
030273749635
033806933535
589577976232
230271159194
459118675578
462615769788
880877259954
394263972553
778038923114
857997396137
416832423448
161723511741
433270453700
853817273294
825545288311
092991476397
984527037374
740691820328
466908238526
147258169263
269912386709
534878379737
831632161370
269578916419
263621187261
486719009534
342029441914
583125084011
206159023449
135638352279
446826396507
409377357638
361003720422
056784947111
622070785241
177829747993
969630618992
327142830297
313879350930
237241400072
494614107154
570587863185
016522200195
894142478973
212778711412
380747405249
076547841111
297126052256
130048392997
157417806975
171720156460
285895937113
220930652087
942605613464
280541148305
761000460496
228486631559
723096136499
960299926401
164029759136
975881921066
018227618332
210995160593
682380860903
146439759465
082092040840
192926926774
629502237737
419410178399
406421006817
093000647743
918563763795
620323357905
126945336759
406108559833
599569794549
986603014301
171863187110
045971843803
276867748902
801984973151
525920337633
260506781821
301198354749
620619387884
102955722241
738084020703
626713172003
839879133537
112785172107
804775496439
196635558866
286730443043
820297464404
644169726036
256354339113
981881660026
752607844491
530760528512
332275205845
277580654132
075271243186
702506427415
871653039322
906548363568
005570416642
535788408169
040314172962
844384696793
478567491283
348424738427
384312948582
772286265791
568044709428
124295248662
722815332123
205707634823
174094648504
623620261348
051242665165
646343000627
785846314798
844924586669
697814499239
303305855766
330498576554
209226529077
620121794898
208513072550
525799046176
799201834586
244004196467
656940027296
880341261308
532511835635
805012510755
523540199910
619846449363
542087480389
167666509769
114446966395
031008522227
043872258090
266025936866
870398570660
584970796503
033457865781
162327230736
460935104070
253215080967
987232210185
118571797774
557452154795
232247654496
439035034536
042860634593
228014395179
989678007149
639585980943
601439055391
866012919087
346910509216
922743060485
980434013165
999879965794
663262675736
042152967585
958515156949
804801614297
711195986720
503370693176
551251560940
906654603078
207759536485
388415107228
104665578587
349901030940
788420479898
669424061408
025821931145
051756887630
937454148492
765573395690
648829843702
912962101641
381976871280
085150222754
256169531293
102244881284
598106019404
186139446103
187048102507
918289630627
209879551149
787396572681
239183184442
803292858775
281521900155
674866861327
878476768129
246954097377
118180415136
900513834051
678592876280
873333017712
920530066302
355299384553
912023454421
139318027590
856691234931
463396616432
921391921149
951367183332
211131148746
203901029118
198956912189
185460748444
655816877987
906372799476
548795877637
156518912921
606908311508
310694951522
132818193014
420357838573
340835574249
525629169994
133430749060
756395159595
696421669973
968978150396
163207890569
837201230151
795729870071
719514456650
410156982518
523094024768
314126352347
312938620226
848022646645
702177304996
694750889892
669058065790
085764603717
126996230651
796100543200
931455247235
280475140710
164325828826
943716792819
467977197859
262122314284
691217767708
750723103380
662692990709
420490154921
636140644711
882163426441
786384216503
973989752955
584490879132
865542565676
529286240822
416901357249
348113618494
094665215245
232131737529
582669057844
268504726033
766245297198
098915587169
878170297396
534570326810
374988708618
338358518909
869577212926
918251740737
484012652255
989835191157
650339399388
342204130770
136111034490
677739037805
768571624029
438662497315
534679843947
220037271906
035152866959
060217979456
321910346922
631310849383
972283145897
516366870492
440360297696
780830692566
321081898943
052475856927
510956902993
714281756414
250714494502
315199157620
333819061993
641306374281
010890360774
478662822524
337233294239
149375271909
764757380581
918058556324
795741100738
117580594902
725933781769
947720842171
399329581509
543625110916
027326101912
586144470049
659048275867
351751634223
372758055796
563621136645
518650143284
844241105464
689444081247
837205407432
028100841616
166239228730
521697098423
141109022291
566897497889
045628584812
369483109050
826699828642
303256900137
647610513178
531051526610
238541410178
641223748641
616191722748
326240516900
128381765177
963544869448
661049710813
347997241166
827413804956
138065955311
759582473714
476096445760
000893608325
658625023978
358626309935
120244353283
716128139633
792470650315
682776451636
155646293771
952903885535
870205106166
205529585031
703827983327
528427590948
883338233924
133101086988
783254706065
577251996059
301765369909
383427335401
276680492886
012624567324
876334760153
670246719784
827776860017
323716338330
971710335245
048213721904
635847963121
881713466131
563897112950
105548001207
937641589819
824369066619
099350045404
950488610377
248753532577
796321302632
631144131940
146617189339
200148032207
226055982171
116963525392
854138368584
309390412582
548402109086
376313696677
227622400344
010600796061
715490834720
826127879595
710594828818
207469827534
324236301301
946969435622
190337405175
322473038325
829950093701
275148992689
884177730326
846428703793
517674102520
432416295721
797006768469
428502648189
493198650844
905423975220
960779903512
494342243745
601925957323
876041560724
092763854224
000228392238
661334781968
991431303150
393025741415
123395533963
877423965490
177339425256
693241677365
856401555096
382270063849
632205731321
492626231256
596252822236
834733601154
983161215954
284272821067
823174655734
425560428320
663505297148
250788329498
751173041944
992677974586
815985728096
078480697099
203554845591
129155941908
331136367459
831870545991
648204695618
851002247923
167393840594
530031812283
887975630327
725152191885
376627735243
705000408807
234367988570
836725420223
131520536006
172392806245
826816518640
475502011278
555275728139
114032437485
214302696365
344862282422
616152654595
318438197417
547441674279
012263919454
939098880247
096400921728
281990829403
816840079632
166380986965
209807667056
514638813957
216143330870
929666719172
389005165400
598406460119
391986243878
434336351931
390753868992
016309798725
150129125053
477922928197
242854405123
476268840814
757735606052
752840330000
914184388138
220235617135
873615710429
884280463023
546573448020
160358178017
501846547208
896138531650
627241465951
146042375275
782915330167
715864332158
519719286122
135200510478
230823813862
753081122847
696385683058
817588467375
367855064540
358081381420
205170156133
588060882650
055651519376
410520799320
892071778675
298649381711
175616771803
245942447281
335314067873
091879834690
733866908418
183675274759
243867393308
364290093049
865323108368
487458194054
808849638238
590834439359
020927134569
328452680532
749012929412
058173364989
000159259060
284684069319
147880150794
413285852320
626904115054
171776884586
225411976012
884890788612
202406121847
147744362236
353769308489
268692699127
148938369100
707461394883
570005382554
620485029232
097742725121
597655582161
177742313529
974865255859
396535309018
617392684468
325809761031
925574873101
775249567175
583248793830
442780601198
035076609256
687965710696
198231143763
067971580081
940811826196
015123530303
482088636637
653150480825
347986455880
762886825911
563676094880
253141176902
635182908816
144322995836
793560808514
735518266939
080148650759
825716019439
890789513993
994282674117
725094371437
219342505477
853801760418
914859549515
504889949936
226352735122
018538315367
740244056005
694813490943
640731116020
434075863645
103662475035
408985672009
368162027802
625496282377
507822386314
913953085074
354356910450
365196612412
836775582503
504680949106
595784989808
473680965322
786351357984
336937745375
703432571362
042064267435
807399212684
985658881388
618204047262
172012846612
205271038014
409969425084
619680489482
998680613724
777313942591
892385871752
694542127120
364193861599
692996724524
776300671153
617940312482
220092711301
379440545165
494834407980
472144949505
469009887842
745231397519
385901480042
420041460988
710511547289
614821806279
044515300676
431152907853
393835562468
832445675943
664886971692
606817590949
446098862957
940081845169
263382770633
374670546373
360410042809
979811913583
266434258212
868556638066
064969700469
599464396369
363753604021
343049464200
191807149984
949571965028
410329194917
247314080782
102480963639
503283447743
409411989100
841106983622
816547574275
947979243283
107271996930
643283388930
759933498311
798676096252
218212987954
805990920261
546090675950
519301546204
410393753352
718366561289
235817324897
976878460084
109380720354
100827709548
309384450866
742964342456
105387201888
931998567019
091664845176
370414087525
803045733489
990976325600
685553449451
716185153614
699929346031
922823893808
224575734425
092951411251
758438235287
984737695495
678561340769
804321957277
046554054001
484897006770
186640425530
923667870286
808591617963
967921815587
352650837290
529182518803
220159448017
565850887305
011563637479
523645900723
738113168582
123686016534
697336723108
954749481771
598417804775
829045394702
186199919074
322392275475
768979666106
447495851406
334178996819
094480878457
667624580778
206374077474
984102085984
921022293270
676235251217
747063179726
226128014379
516105532154
697956371693
695860154520
238915132012
510327610097
420250215773
634796232462
865962960555
359557764397
208647507443
704242684105
915902533509
974817532639
241776424650
164663807604
645816097629
691374753088
700037018908
489459645291
908790844276
704835723917
605830458025
714948387059
068348631074
586893873685
151053909555
366204498503
655483347594
489918061422
815808135309
024736363495
962287675044
408710681246
897613151936
432212470934
458036889800
746508968053
137126396900
675924644976
770486274820
772106119910
816797023871
704773478998
050901534586
602726830957
178127493924
080455222997
520146036606
902928473694
968221039634
980394380274
804554856640
709776214587
916071507458
986753184613
982267645056
171555962327
762293848978
300892955373
925348349512
004753807989
491957706231
890987420707
080239899547
956677302223
381974783058
236319291989
494557894068
140150998932
124565096379
956570302142
986845598480
688778678156
059369451742
247308575900
367719469662
276058435030
911266845795
778819075258
140463658886
187257227670
071906096391
845593112764
779039576501
509010228986
745719565830
743757807516
121973724499
658617138937
414613750663
102513412545
873081338767
047373388676
424716546308
080457547302
449294878692
342069504652
123990217897
099376912141
897918124926
351204786991
941253467672
574848755196
190843411471
501491490132
209268516121
081750449963
355641974650
308268198300
795495945889
034837999707
956558883048
332730838989
269584461104
557439139034
588024463603
037592565950
426769749531
101496935322
177296178685
053495909559
851916864744
467341219001
538229305108
009390030205
865636062405
756593533023
510109642880
993241645687
917363495402
823654997126
242088407412
723325757168
834035900244
839934004276
842979695321
762201770655
309614487201
121371198308
191158460309
144937317312
371656171049
361619077203
522964151551
356461081459
975352099464
269669182941
580312616540
977682337907
496517331494
974832490551
299394136336
948657145769
504847031610
247385367116
169002927346
545682275698
673987910244
902674066387
615472391844
769355450097
401720095517
057616027960
774918161914
567554958338
675436701693
680584044849
879491648554
018593339401
197737900388
607438247113
392149994607
167606470928
635771545152
981037639590
422137544867
978034855689
760001910439
604335999738
773717381713
581425344095
112553999524
380186830681
275811562788
855087130229
357108973003
207607182809
911055114604
524472071127
785983933759
471104927323
740436660857
203655886882
650525101827
352068876139
042735522521
481316306021
246864446875
805107683897
060118354266
826660708136
173178200880
497640499205
800020095969
377832724233
680537297564
170853411239
088450766286
020742830073
371625969676
106165447116
188789235922
457873673096
893895351604
782641112250
503881968575
838294729168
554865372570
665658842752
887858977886
516600405030
545165165668
164998680556
407117980453
943212752036
843005968186
669856229182
775767342580
159065612001
530459549443
713376403607
906791797129
186202055372
018435075289
129963728730
266341053987
985137337354
460370589612
573209864732
200282981365
447546512164
907323804397
430652474567
091705386374
043965610105
199699445652
088230108254
281948726917
284123321110
114177672146
801388032341
372466570390
499287834189
069875179152
120810787656
871614768613
470523041364
798918174934
799313566477
454435789322
877247314090
329518872432
194448515151
584232991647
408446295515
867597267407
357397025963
711590052293
850237670071
047500002265
588496581980
491200225446
100211839625
871403496929
610972958292
965112637957
274332707531
249804296583
194676449224
696520104649
097616177553
678183266643
934989090812
539939874458
454642954523
030940118825
569611661497
551233467948
237441080408
742335346099
118707392676
762415669642
842605961393
137736443953
847288830245
098877377750
044264757424
626447709256
363371054926
185332719072
810812856591
857025980901
255405637268
243892624321
815264179798
586732083058
181310516179
379807306732
758129725598
413489713228
340378046916
701463478618
710573045311
688294398365
977330698723
533675624132
409841332422
006813720620
834512239890
946144478148
477526529428
139314069420
080442698728
764798086714
924496735486
513680877630
076864128973
280870183660
554543535376
498376995748
032238775196
799636772446
612395049549
656270695380
229000771675
683421182402
606172438085
582922882672
777818031586
270481952804
099787951798
894506477795
355439047042
422951536297
092826782674
204478843919
552608953462
201733275143
643720205025
528281156140
368029450930
951951373100
443795538978
682708045484
047155754139
559838431176
853428731478
858002316283
067076958587
216542319715
700329079482
266197133245
884050302835
315631602856
306284124350
652201694022
412458685152
136042415193
342507745014
583401853990
580366778675
358382858814
902414770291
259444992597
177163846484
379478371625
403723954319
391088307616
257749471905
508393763341
567034588146
247217261191
855024823595
325200776933
156127443967
570474069286
735251275673
335224023490
075207674901
227292716941
649339653961
677853608962
353322824319
140275712666
642465078761
017605042127
083455251576
450836626607
749571148073
037673398328
597218838354
295618864025
131164035675
204845059165
462292344343
733688968932
788538825836
792810205200
129851811825
070667770548
244492983806
903850423381
511639380146
779280064853
458243786040
377141754736
764301867798
887039024722
457971966895
235947353105
062656234184
674392554359
218492976133
002717599706
945055157580
792961701221
805649905799
699057689990
946086147177
624619779090
432845296712
046534164186
429047956303
137280119372
917355537197
211561777903
587839847672
032746951886
968799507516
926607454478
820569768263
052402222755
202750917204
967995023225
289945126532
885185147016
318087078097
865407635984
145742721887
453541480127
249378708040
505415843316
077112651776
326626823282
835720943539
216704876220
220638675464
225119239130
469954382297
105124660596
364824594033
339505214234
812447039497
726721778821
585568360022
054654483947
243378872529
871395042326
359285704299
633823013384
837641673657
298104892433
252013253672
205098945370
302973471411
700110203233
891764963201
476884238077
809387596673
235312522770
954869524495
920481302400
260601872785
378155032012
415286919069
061725429285
388862673001
016937999522
484237717142
095753272914
873025234611
936923916678
757866926745
460269440832
584386719817
673730539535
984054608119
463979337512
179611992506
604182911354
232470463841
897071966821
957163637972
476278610069
845172365455
793192559537
390333778771
761722386363
393046129366
383618514442
207585741521
884320540306
550228013612
228625765579
762204561495
326650484425
432403601417
826107688740
782930157072
090694681442
636285682845
099232743986
911734549361
406742896046
090733344700
962140283016
125200487562
837265331786
694374979273
326352368091
119502834580
538330557731
150743022385
812938785186
700648670473
983707126510
714965167203
608949601039
229148332952
790387485050
374958809423
269202228506
587990639256
964667610865
959098997350
390240999838
056635406868
514039953500
488241324391
263925476522
003038706959
182488993312
556075552768
407256067603
474559168620
324439431355
259838551944
661886014200
492690779059
885645590025
724170992009
600750194656
559847406685
577056479814
372027151115
483090413081
981738533241
903254490538
407588634076
472086721819
878620053990
093144819218
650081984493
741477791771
939629082777
202509810745
326528523380
871718841784
101173782413
074963492495
141485839157
624616292611
028961047350
119055396164
687765350515
865718013575
518314033616
044290404340
169865282149
110273487157
962856719803
081155313656
086784696408
366086827105
300641578248
294596209979
502219449205
573665067830
819800533080
313387118600
106994288496
925855816820
590175916728
089456224357
573443036044
324936077136
802692013418
138627081422
924605545485
048063276063
112004419330
777146244824
495425387322
045455483063
603687747880
573827693324
770983991002
251041899840
027748166262
672197831984
858619551781
514357328031
250241625567
611264094530
357257291405
327093004048
966828190240
692989661588
770135813049
473073704131
636626727172
048308195948
432744157505
140371843769
402376440064
262726773637
707834556545
518092943363
556091695932
271915836454
521569519198
826403895215
801336843581
770110301362
380108479260
667521784042
257648175700
018731957357
618062420990
741187812387
540877167691
339173043504
760491342438
288259089089
567693339597
199008209390
188758546089
406024239341
298304261768
974659330259
220022083201
730208919843
525083017306
729273982200
035948310160
863899407223
495738215889
351985193756
462500993954
989946996797
202889296414
971854142231
300405243319
419708686826
177049980091
014873960088
656491862945
583209862648
144302738985
408170498212
850351422698
822007875377
474259598444
684362362533
428945212806
858605128686
183756240615
055979412045
550169935732
724724725275
439842417894
587371987503
324725899005
812947530842
102434379746
798411724774
154440052810
747075192135
117535223267
725610870430
129597717610
391884483175
123701965806
893149630818
569113117336
327886542000
767577058102
075381142028
198267316068
772663294905
417447180066
605881316722
377540116195
634648601827
344581947117
581863054145
811688574045
219877251190
750906722615
647983670801
120260973288
322200321936
435247729587
055877261521
918803954931
227155012423
019275395892
567562420609
541998417231
549102796780
851565877187
931385988014
840616913889
099815512050
414827480636
155231668958
163398680494
249045006381
781766308541
436580760292
820483822663
699424651668
647627006969
222382282673
917705471161
481118194157
818744310269
083149734637
051124787008
098110331248
279838672619
786761128893
671074978844
903037473362
609098642999
828076216384
141602563207
990424608899
950892968659
979001787497
335879111681
979953820186
899551182633
391875840109
209255574008
844294899680
290399882856
261048694848
962297228378
917433261092
265592342976
140732421464
965512483900
716341403775
527330401008
625774047224
950989600086
070536855697
308033024876
591386183336
108854165230
905343580180
548521115869
220934303750
740214327062
725265017499
338030492092
190915679926
978123005469
089410277576
251397348287
907711862684
554434003848
733532507441
617636800679
365235318589
584078813068
934815518547
824447992602
741954438304
297840481229
091016322671
682738938659
679973332654
657415332822
129518634459
562634270104
926753189844
949984040591
514154945036
696848404971
704421229195
150955017266
856552732638
752044217623
540965936178
355379928745
671390131147
557851300610
196964570028
553670752607
442839411308
686647298306
543808028305
342396114325
541458228616
141024423457
420512110875
421590375427
720995885181
535997659649
147087596680
526328969976
034332007616
629062312707
241357223403
817611670997
422447327997
805715550138
134271256755
122814077061
315283500329
755469642047
159707608712
886363533998
019933751089
043394091678
680681957361
739768666979
643423419723
633362958226
656276224102
100535263192
500340661496
278276529926
016004404218
785155927837
972346124129
382617687772
057554496495
792254933418
896244178385
996734849605
722489743234
809099512272
305314226189
599366966500
485510436850
656108250322
119268051472
744300284915
793791319800
554094539191
269455128260
923657402282
089397272057
698772872059
218127578383
276802813005
195052862422
839342118232
156813764400
152184260327
358056696854
416743997070
931787669888
401830549923
380872971779
430669427474
674128946112
391863003951
287714786006
402076362679
594092365393
280321589114
454730872130
081406253867
114907513634
875585668108
403394923554
857081018321
804417820379
570616930196
231729999023
216274447036
156736082185
174423411387
001423239640
865734372563
892841960410
738321907377
845736326639
796260830308
975812212017
142904889295
911455682305
616021972417
488345893592
564858776772
712528783979
115204524212
283763725697
456166794880
598061958226
143066538318
836860811636
459290440731
546333885581
115715642703
258534983127
901606192922
750183317538
976237752691
641086527666
752723518770
121597337563
609959556335
363752159147
879500976130
726866270754
025770380918
642116022061
674214040800
109999347655
578031584675
085374254269
467553035033
444514372945
242212900004
996343874078
698332278414
740256283557
472343611370
324292916785
240271330179
650464059918
170868145738
225161923091
192135051624
781152388630
046476761988
450402765318
701553508220
792783998077
160875047522
131457606220
319707966477
506615141282
674581678141
055722281528
170045489091
550992248338
333577098910
099329855442
284439562741
133913885088
786788057606
523042396826
266286481824
785794189337
875345108970
550704528048
531340196090
818094743553
505698462526
141340486927
760906177606
270213034687
030984422383
833663239253
811256258203
981277400158
270013955937
768918700883
138852547647
004415129551
997206333638
647454715786
142841059074
558612056490
990044488338
083493326598
468722644947
001134707353
694146345033
505749273639
054197559368
273347071376
595685333880
253320369938
243536276418
403972144995
686645595422
408678600539
178640354472
293172433416
283909253725
368438803450
796529233096
188155985222
428508765325
585152320812
681115090418
939833310195
493674469588
943125172168
100298363885
629142451577
419592768103
685363913312
627769728758
003974325355
855452507308
479714726709
941592167876
407425576990
324506030395
704443779055
740563055072
279205426946
878746712502
877430023073
662777750266
701501002636
451812511096
067875744767
734361678110
201002734886
534039870055
659724123184
400833601973
561838458134
278998327463
893405794162
861531780064
581444913407
432398742794
688302859666
798929761206
354075753275
188385088214
035199141347
399960413519
351258622538
827290811559
815471551667
480050406709
607356288172
811947885897
110318487615
280515367732
443571866797
744118823033
419895352799
676540306888
779934115888
444942612897
813446749193
320924279589
805334007945
009366828533
478494641869
130218743780
901327315410
783582290677
107952034551
628858350332
875301100469
526893458217
563619320083
081539616006
920599808952
014996097222
132104009679
624477111042
697383730643
916125572352
585929124622
055008633571
744519813298
717461125970
982894630169
278465923938
444480412475
989653536620
010176514298
907070444106
294564723218
139871915538
013120516010
194348575052
876368690063
345556116026
478242813216
626881791702
896119067920
978565568109
016137593788
520980900234
722607544845
279622301317
806035350498
379874179025
959484818066
163818295096
242208332090
258054017810
839759163629
254597682423
706317977203
954942173293
986267026357
729553917832
876876054249
040687087295
600914641021
560772170400
026648495506
996994609172
709765755758
375868130431
857063957797
247984369603
413949833992
177443847838
605439933679
750736236773
106191821642
365148567441
486603285530
656847632093
193078220288
784961442371
037998246754
614361824296
177804694390
374932252731
402105621754
169367251398
300289036735
469189912063
626350285098
102357979763
647169229179
415397417861
750987103239
744404895681
453060424632
566504040131
318996022472
309949745624
234286219252
958309322079
502783721775
860963773934
460141103813
385587809974
591163526237
308378696743
239350901713
401994216513
762453698089
137957189214
044857593777
186312841469
804921896777
374148035629
626735897611
216158874428
459002895311
146836640659
471640983031
407870588890
381569599395
283746302496
484790372813
766384164554
406002019751
103319114929
146658344947
930193045412
677683537457
442623752065
201975280101
992777977278
575105637737
152700924348
279424367833
918214877062
523126198758
799923495393
170796765178
772828089674
989076115576
240111867473
876783503295
552896112458
038157371988
692990470700
272962392757
743933982002
689562303905
762413020557
895222102245
406338449612
076740898031
562015226489
803700917971
832766212444
676598463216
175102563031
593251975747
373826195271
192735488918
044346855537
458458631101
545832960640
395874192538
186390476594
512833900797
574922104953
199297642843
054046778553
741656452777
363663427983
337412465642
874346667427
695826902086
611640658599
429220662061
012359108074
985407816866
654657504576
352812382618
850628463209
549389149575
678627183755
880694266732
691784138502
061523245197
226905558479
599654264834
555527103010
421646989961
815905026043
800697581546
426656538886
542064768564
544367057442
126526487976
488521614384
350097745735
579468884670
173100749021
828045822444
653652720250
270717869216
831092126829
416474290745
980026821368
670378922715
509212341606
059435543256
742624257043
598281951863
203033834513
739532731835
607020243391
057154311963
750164244990
848753773952
753894661780
612063224690
778918506470
958674372459
065747605056
649344123453
595384153657
816661035769
010608395268
502924550376
508567842477
861767991333
949381241933
574109898561
935237460656
659245788328
384266325466
451062721173
061592567924
630472358260
702585860464
242234024800
944491173893
210233395272
893221615563
685927818872
913499661185
497079283814
968950241878
366647638596
050045182681
658927685293
436845771146
544237239412
176417268603
737168263864
407541507666
721553889942
423977277275
592225015162
276005633593
549474530912
425985313166
395640409105
135001064883
848405855940
942387658255
467069962130
575079461808
307295375924
720686581992
395218838395
535220248487
664212908381
670489883200
556969479251
904022789415
881645197792
370039120499
961471831633
494985870966
504715587263
346093972596
930292772248
835522892330
522819474818
541713594026
021907436408
141881231005
260283164277
993832425844
692308823548
057505868340
682666191716
852839093300
844699314058
588327537592
708843050339
459281578042
830896891375
608025520556
540019865288
824308386891
506069006166
431912487428
802928720399
863804903792
683909485010
784123125351
319816776441
009833685065
359936593196
792399452667
545680611600
866842928848
897290545377
819844845872
738364897961
733225626198
264321815089
592066846334
748860591388
435042412791
994358395088
027795934701
704598262694
175107557468
964051886752
466966940675
825321266563
164321898212
553344470428
714051736077
194380007571
196072960673
335290922731
513299756264
641594673545
718465540383
767768171438
414529882471
442928199116
155764995342
053453408743
730227142964
983684678240
115808896053
662976047937
474928413476
297451725738
938900616011
108688778927
363547213564
277073687812
923575032945
100865091814
160557193376
218737982678
203443063541
154763473218
818266489843
879690948066
263744235679
257978531473
958935581691
560627399202
675501451596
556769479508
646441438393
440241728963
499500321906
977498858639
881788187048
265674192742
209782269892
336398507078
751813452611
836824831382
621072227736
066028750943
375256020758
249618502099
084167548465
775649775953
788694039437
704703724320
856404216030
937259066777
771613587482
471408198605
657816782185
161539020351
259576268935
531751001498
731595829597
123903384451
074147746004
631533619866
899529853805
988470761331
677998200735
909019326750
696688841353
150557729631
995243739812
292228112821
063247118710
694042178372
393843108648
542313113864
873269959865
381696911157
024446373087
618854484482
356876736686
019727737567
841139343790
838330965673
442411224734
912053286112
217754595035
811707294086
240422203352
083425623049
811041787908
634397809029
593018076248
398278129866
771655942513
357677561727
685202081777
248063356409
431471868496
811646214557
581979105048
034059133523
070661847840
918841387180
001309146719
289773039060
944522039898
900213891666
657506689526
403534050621
560523447415
596341351505
483918231404
450552027511
512637331401
789621153509
288324972964
463757474024
563730690879
133475854265
723245872039
657045330178
416820328387
054985683336
972589926305
128490705937
980040061349
856125532248
400919076581
624145507046
305425028794
302411131513
462854270813
712835783248
145833450166
968988287016
396118472089
672530958540
017793444617
982670137143
481559843037
703532459154
318548170247
577600062822
702323923637
472672887760
604780520362
107395473223
180697402837
055287429033
662717016353
830975474406
985873314314
299996737937
555230992266
599555013683
306966967903
723297752159
199286384181
992711812817
301428538888
113191658668
535900741861
407500392782
527562758820
242907572361
452951543264
850448877397
288473622974
616043017623
120370661499
673140924060
574896066992
303314285403
354144579358
982819782527
504351584854
140193514498
422135988053
250563624144
714411212384
441298115992
700999827756
124703398899
941213696831
680319319978
486438225492
200105993602
295237968058
150212716562
540182893181
212461641046
387181836702
795709412741
782094477765
792208024744
438419520744
826835008931
043464308766
900526607158
582181624630
414659961594
668711454599
619040715936
827515156021
128843659215
623956666205
004831317439
587579123810
198534400897
947635357979
654605091472
325660762252
445983087341
214119174238
299928601373
531759001904
322447708955
499752678931
067276340680
291238492090
323271152716
002919655606
302646612655
933234026180
630713515922
137315775357
178976556829
008089466579
158528009241
489583009305
987294503869
230478254825
479484162043
819245805417
136279639102
220753010772
398257146372
860062848094
261677727298
275662505134
711854521918
081554952093
848605529017
992779894459
712558432004
117067659366
622334188467
326776709637
800222798715
795280559013
122157620242
197675629795
511603086872
892054457168
665692499173
586760271908
700990163589
175366429625
461262465285
493990550455
775199742099
316200003448
906354026763
334281771731
332350927580
036117600928
741147836772
727336584605
650393307840
347068120040
762166814425
617648531586
291581119637
255712313666
659942091522
289809345132
922696413170
441574303157
662468841418
374522196359
060272158239
527716649350
337841353963
277340531232
680894410145
135089788085
885115062278
111385607190
023913194198
891955898872
566347961999
095804762316
408085158478
143631766371
975439747745
047802727524
661586960130
825168145860
697928281454
336205932976
029005184871
137989290924
094168299825
322689742927
154287452424
028226713371
269534344642
841184990994
400331638032
474788164325
336733530070
592157978087
261449923208
518141463361
170653901179
065566624050
784075010205
541632886767
152904448203
395938712183
453367673013
044249564486
390146585258
659106453921
878503314938
300606906477
954385429573
559908199799
176687773677
704653957064
973858434028
827910394824
696130786885
497553911596
074581855927
296409956877
935236680023
492688950208
440417005514
846528439523
637327356969
483331325366
460064246830
384386734270
327890822104
896813026457
012670992363
806374175340
657644712003
648192825781
554222170101
214383249770
709515566526
494480693490
286634885819
849056953429
120816249865
668460286265
447194927794
315289370231
930707239947
587464955516
923965492796
469162409355
524093444525
569520510783
073512434204
905383183643
284240254522
860434543001
311806217312
368504433368
718436469025
303191515250
670577033603
809688824434
023272303935
680608875075
963377228437
012593222366
431807057872
004091394926
013138116167
870543718768
148268943622
882419420198
173356956270
126001672197
212852826332
886025811789
723242102777
449358181040
969596318325
351443237459
136147300881
860982884454
960122896663
813205807713
748176697726
397403891012
431243441520
160638300404
326968336804
874011564652
806344205138
423969177220
681326313328
462353777387
957288962114
514296479441
506813590243
858011630052
470048925756
020067502998
114609355939
818343918618
412032440819
266786779050
369823683881
255715432457
052064546945
512075647310
653043572074
555726146163
336375347010
862494583842
843539127956
454834272757
882486563625
208801331171
364037832799
979784111127
707183870125
401859690618
759867503887
003319936418
448599239647
147404643622
983465233411
797629181483
729866363003
752139310001
306289075395
745543602993
613204141254
193016869674
648578475094
758127761693
329601054129
590004797775
539407670467
898989298936
771697174489
861175571396
544130934800
706012428026
909327974026
244982406705
459771996383
368210396899
868025319187
968739231426
907256743175
579347484786
428679252299
793563316819
752985351019
211700044764
487580621526
308684166471
524599346666
936188413634
467061434170
352251569374
112955824663
565522664946
527189424770
779345775577
135633955144
544413433696
968444344262
291488984175
844370076849
406452369301
388565878831
581527365549
546432530057
073565784668
588879327534
484172514674
746916075648
870339452421
568165567181
805117325279
596517061906
508933723628
919820527300
104435091451
566015583058
877314122343
917610825042
338987761480
781295207298
188496302536
222911117288
964284055705
638710647536
777603609756
631207578455
953284448009
150338399075
961351698740
984015405445
836598833786
675790194256
458398393867
606213739245
557839958001
294543066604
831248049474
643522582832
001576859520
016594804144
428866060201
698873262909
451346526503
483494415575
080075035975
949118282251
586099952928
089123466790
490252224825
575383392923
099782791996
266016062421
025558755955
428414151893
433752019581
531579417800
908364227031
235494743804
341275321351
963117764025
175703472783
659197409134
974626405556
079580399362
348108966839
357266326558
651870190548
026248239970
336852638203
967267892579
116144180451
949155871964
897450938866
577446767057
326213714711
199341241609
632120593687
460918315517
949286866942
939845545554
413544947323
667740690192
997404935917
950678808715
628111257239
484672865514
743141789246
748422856377
004237957772
230740295769
942069701043
793868051448
056377354714
051553514687
638770887573
541927053933
548069943454
940783418566
422114713935
846848411352
335927107900
953890213161
294072311101
831611255036
508318979062
827884539416
507504909963
705270243558
059142279226
218544919803
028861163385
108628992230
550125633421
326067144790
501972472040
362440866269
823788832847
491818364670
485468618879
907719330931
200785671814
857204529259
299877977607
178056308912
143583519396
276889028116
119550268193
004847783040
480960443341
699316669156
637850302466
744219899994
182230842611
110190670278
477949180443
209163842639
506357564832
979608246408
450516304521
416775731286
465561121180
263428118684
699231585113
640503226411
420095634230
554508639531
052084434662
198015902672
826628525226
837054092905
362683163612
588882568643
509017464024
838566618038
802582326813
632598440373
618108276128
333301069293
312666456418
590022907252
281349190109
436806328583
381530724698
915731806711
124135915649
211259930673
110635039935
392428400956
261020034181
177535240952
573892928510
103776264546
097295744534
276988010209
118298126616
513126411737
521714271723
452195622516
883987650783
958659158578
061590866122
188927439791
385726612579
712690207762
317927771668
706549764149
949137218918
887461259312
591200006494
339766520954
404188301608
513694950458
820849262969
573271160032
925192306544
465283419472
649157116013
222952536169
826793144681
546159686442
556760148738
507379002547
749808793267
834134761563
424636983334
986713134533
483705697747
229176703967
104542536280
206026553446
268041371641
858442768103
849902982718
519207887416
902184930630
075429837028
918387903529
709068746879
308724704363
978435886644
612677117266
124097006154
762812769608
315652856060
737690018446
303286351824
872989106604
436257889384
965379927318
342834859103
687310515095
242453111858
140680919200
639335362538
130361808575
571391794380
441569547889
587031110704
988868320938
678279605464
004536446035
482583413214
503489082438
170341555953
908387414676
983655107869
161952584634
642022457096
700148517322
986329678618
302882960178
329192749636
678200027038
417083734870
687223792229
380599762608
575746424107
937742308482
823597661338
636873271372
870856915719
481224575486
405854807113
867534129539
037356140202
471702064136
749363323661
279889817364
130918094771
229621150553
237911461516
661790847807
305504818787
244467119720
877088047609
472608202197
429906229284
174248592618
166005113600
045104443535
559620108290
789621263561
902311334779
770085787219
882181820707
278643711329
522694630174
049964531109
677251371108
584792469823
352863155775
697868172011
993274984490
450502954571
439976704319
055209461053
632754803270
501904540584
340611895669
661072982175
947276952433
440697111318
661196925719
372534589746
926505333341
824687387876
969510613577
386964303398
467612837551
604764328015
910783808792
819056525155
815400407697
683212629812
986750510859
147003398462
302444997742
216411153076
028588896983
422065088588
743567544243
612719609891
447761303565
626945607592
784842287741
446697355077
493761248187
713239096439
844035286342
835966182756
092249124459
910557700704
295865564980
334851948987
107398381886
516016177676
788461517656
710945187764
155937943393
135274721693
358072338588
786030012403
169288036120
969181266400
312927461698
526175632576
836370577035
458557654886
729200787861
686540150804
634099348169
634340199263
384243423865
532870832271
975350411978
097636427203
525903260410
969506846897
922421451587
468866793464
176192637780
077487495236
921859277401
310283471794
513414969216
546578503989
699347176019
592131501187
679516544849
218503298560
216400174795
799162820689
656028020870
381379336558
697246771669
748481233757
940540593981
606967273527
910960782413
874800355318
925585760610
199161767135
477385870344
238807952238
720533848662
455383646188
273834122306
732183693445
746771787534
675318170953
673050140228
983796999630
735150671744
741261343714
808406746909
822141842497
274452937252
361952402840
567649708670
427969741442
905196117837
293741366934
389057826238
176252415140
418431823541
145246315030
017457111723
433532914175
182236104376
238703468794
810607857023
028777820318
592479305254
483534259661
372825860606
537497830206
136700114818
155315618595
294320571012
790331556224
117494120797
624852822011
537162366485
598657401241
225970296565
268507777505
461411819608
780927822473
735200761296
483869625562
975570829222
240836960104
331137995270
912613211379
811988938541
190056324590
376131334175
543620047541
829267393531
652462012295
925920234567
804075478184
780370053469
199586024898
828490846226
923339057985
340694269314
018749775704
757031252725
493967314719
914420248831
641116663156
012378522108
155217162836
381278940818
764867972014
528893009012
129878654647
187996748277
715738211994
975315257835
832899578674
222954446022
496894217857
099916895928
760425742257
367735397359
357500550194
224961912243
496216031685
917055461954
348295337123
208048051056
954662826516
074814568674
629442530059
883309682148
296768559540
925772724369
567204259975
938573042524
043161302784
190297359143
588823914095
216338846470
010360955359
414081420783
436305967049
708265072719
335764911555
382575758892
471260287941
323042382534
353594034651
312237036453
355837684398
430262692253
833143178038
612861239929
319853173941
439976092845
849521135680
333931996163
715338500821
679858349804
294435879331
114994463912
008761179689
626088027032
409820358361
288753935566
938744114134
491269292945
925559547253
758936456075
509667690255
413646213636
938785732277
333895555653
648869053190
236361647463
713233037344
815694103113
849726290044
482700112549
434671460474
855223975096
929613236942
594376982437
419419463133
197753074321
007431995269
015902997052
021649281878
230623073894
806841031210
175636872542
011083434473
278811236628
862771176421
530360721863
534801289362
471022482154
676164088722
417209203522
547368638271
795344015825
931122130504
441845093945
255422864175
562987386141
873566597304
318879977019
586816908421
239822538972
193108087035
974340285146
834862437641
642101504282
516243040867
515737250648
100529285176
541888457803
645986634195
255953173146
690638514110
195561517030
996300409961
859958354125
202271430620
947583781858
333013475990
897876096614
392132021213
678274166979
973711888349
882389664821
238941535231
882959606083
326865836882
494341992494
479931001727
191701594472
131162298605
201333923866
942672383509
303682181307
030962934108
209327882382
627023096173
505663393852
502345601530
063696015242
133615000845
999622390234
167122415293
237365978242
574982040287
750998439829
619976954840
355975560437
492728782496
865970331705
129540379763
095833925736
208811369741
625416247699
397017065436
283096825209
208697586701
532370481721
283409131027
072260678472
515639826939
636426853141
003662568351
138158277546
335099119819
758226489965
793251734947
814625527568
337586277031
426393497225
636051239140
268910897922
788161098071
183727227277
716959797961
055395585619
930467982708
445503887746
637590100470
561921605654
310876617866
669813186577
127679732139
801055026990
721465541612
626016961429
608004244075
662351845952
695534161568
423976760987
611115847924
451797893521
326828729842
024355771776
065345397240
157996368596
009110814458
968977269263
047880325410
308789911024
379842015731
604349835086
229746226323
511311296694
371852224358
081783493985
314657843230
289841979037
563213984173
463378057934
464635591246
866187418941
958562776894
357077636725
756047280116
498341664074
371733731474
684457807873
629142724734
063039310363
670783535027
965387537852
666089371006
804110117974
109014091122
551568019724
104290066286
152447852416
584346887348
437265204091
694278953019
765582241474
829591995633
077377336652
094726714389
169223987926
432106495791
686150411063
106536386473
166810271065
664366803793
025915903962
786275288877
107135870781
896891854996
058168949022
459204425826
005369223265
908072237948
916261330013
177778608030
862716970073
396241440958
023658079543
259507010289
527928238747
115500607648
449758565562
129999502416
487888707365
417203690268
330154801255
083894382294
356381962432
504119781570
689761916869
781119656552
025542932436
487934266373
354226644396
229084711016
773157524141
014886629573
972615283868
920248843680
889930765241
294787602438
920644808315
943841921238
145396989185
461214394515
345344626403
664093214100
569525358289
983618226992
598786680330
679827399960
454034507246
200672877568
568990131127
500363873492
061340380192
319285428761
576907712472
043015901956
044902778619
506532219355
169346699311
542294456132
675170246507
125907618425
835942248411
747179307315
767445552838
007478156641
033045134790
632792219481
155286298057
794767351812
274758808836
566712103543
158210216786
503784926605
812593300054
426171177217
261961734951
422474279880
788662381207
989294004434
868347118585
437648546258
901491590871
081449698045
016277866929
099028043176
042991152328
482031811440
215881179608
335602054324
785388920144
803053961800
104276056943
700695294118
153390127354
730532284238
203395518272
730730728955
523275626417
498659453234
984674145582
410552617146
794309010519
172287037958
933499299586
466641885656
252586483946
493793512337
308060148367
963811895578
304828247167
022121584722
275278626279
891603827948
167163898481
668097133482
376165786866
244828408937
185606541331
374013092301
244817757959
311481606812
279033909290
951128401683
296576926503
195546506576
498746795332
871945747257
425104487531
006118617299
153074096789
958626370057
673301305313
700641830310
540730289680
899636094889
592949256544
098907654680
814424184050
220659100715
477854166139
245057895408
476101860035
508912182900
944704645082
394468498392
287697630539
048812981335
375750633629
212715741314
400877187062
985429560285
564009584113
959430255195
067623412864
232339675158
900718407755
849071511253
357852124341
525816196059
154336274288
606629767063
846260577959
429711214550
303184760154
226530324211
635331213406
767668496066
125541080420
813923352755
887180705090
252785416275
619590123227
993485879261
072741548844
048862607185
114629953074
959660895892
694120991012
370563543399
528131716856
468225717113
074947947544
168013476360
696655284348
922692457842
922526141231
315007167131
408137050148
545944362715
425348562272
820910161904
905975606509
656597149424
409348236881
556521856124
003133042511
959268401961
664496444683
733742689097
947933779850
020481378511
238652276005
931609752571
266744488491
039212745618
399776413451
047815007913
160320626357
708075013584
740807485076
050477515654
116838287172
254516280174
920059778251
549501871738
940136975131
002782226660
139943958453
668250899298
892549597570
676416205589
765094013078
807783311386
819409646093
438833442556
503630707106
925177140849
664019276520
634196298429
656340569013
627293042298
588971200374
084469844003
934166283227
151345314679
640608969815
213026767318
026117666648
644056332781
712745945265
728862568175
496254011617
708211269366
133551971165
977653785608
806993927181
012542871646
740210793815
492497537317
503473785055
368122199981
258014515702
253154692085
462512975211
917961044274
296601910901
520444851224
657670958426
757696277820
802743772878
047548321275
834627114770
191191156319
446886829490
580315258428
127834949254
019224673311
039758959939
181743270982
650469849505
212594192436
390327923597
453988338559
046701129761
135340472608
827066992346
915142658333
295665983710
526234821896
974362894651
857228298477
328562714580
650486294126
887841120383
545994603777
194446884686
956259957251
304842406239
311371711429
035015956777
813277977764
307173779432
965573693039
047555079062
942129200788
568552310410
124082892392
356107277353
060458757030
274896475243
582908577773
633759253988
323582542575
344537726883
287867466291
027060631220
430281865353
020937116637
482455043213
289401379531
133034924305
244746066721
273759183876
281417547896
912732146443
272692767258
309933357921
751538567671
354567859763
316577936402
769901209213
262552611793
905676213943
554097203938
645440185474
014688021425
358115023992
333525595792
050431698022
693818416429
244084821998
928966859567
010892301693
943964144656
657558568262
508227534564
915118813543
267723510998
998638674269
165463258339
808428511530
728174850274
380153353593
070791590980
437669333663
436867703392
470518492993
907714098264
053656820772
355408886766
714770747020
910369515439
486229528655
999950181711
995726602274
169107514146
249037913073
120015033622
889284829445
984710339489
879618628750
730218497951
524021215331
564510481276
648733060464
191420919013
824148531082
750735035567
147838692878
271476722468
932670822912
358880077468
955425693239
094017919268
570008008798
845832551172
148799921150
155324977158
551980260050
330522690497
107700655259
417834300949
022100427316
448345653691
362482738881
979345256603
645909659909
859545442269
979275387194
515837607681
984966949376
178371280043
359226115209
979111687962
619305284964
628332450045
568154206591
399572353185
196092289964
448848973688
205831905833
341217822055
364952612623
311472261445
349861346394
222572984089
591508876798
115053896769
506480660516
567099766639
524626679128
533942818808
411311400326
939073824807
448796371714
511105941700
225575162130
852040428635
560810111283
927973925888
444382432877
133034671488
461987167286
021384050377
933400460500
499265031998
272343335630
882113744211
552403187140
121436724801
287651910443
409748601612
368337839836
906210493003
386621992255
184611359482
400504629792
907594740689
965686106092
392129901030
385545847715
040349955589
800065707077
232664561970
603254021615
561833971775
416124687830
654833402547
744803660885
944898328171
166054361218
423506867926
984177620363
364432414369
111515582582
651780623055
668731768336
891649876464
235468410654
535878750292
032750897953
581151621356
346534129694
602621192973
291145442129
422450608198
527287600628
200682763333
817764886441
001188266355
427626782543
416502202798
204983524314
685557249279
369025332314
442858359161
340919355955
220310096497
936099278456
171519258672
141889908737
450397689328
035188544020
344541529225
485711029971
641074909542
565918174914
097802700468
941260980069
095894710358
337325817588
022493302815
131636451912
794976143464
802650617076
409810125606
593915551063
865690275119
023120009050
241528549993
373944641509
599046709335
968029781788
935927971010
598672169068
566666400911
360591408159
329991906567
781162903330
269863965558
882859775652
719910441169
824423465926
622815577493
434410255302
154234754054
940461336744
808760345730
001685746452
760606400420
832452456363
887400347523
784559519310
408260611254
265208055582
251694110911
367742753279
296878975668
478036124140
215615718461
594346938849
815868660368
345465797807
064141432754
161450779042
731546934879
317233643490
441130117288
192473735188
638026351989
430654281462
064528243010
061753965286
575132531873
020104198246
960726721575
312357455551
856628357031
652316570544
177376459907
244366345219
869874676959
350850214892
147028391004
100933540252
767220750038
251208867064
371805301307
289631254431
591220818019
957019157830
312325249826
514170449033
241011176288
324062100351
605109557157
724083591856
654063448993
573818681862
102156419855
457300067359
918340398196
984469614239
901504754275
118697595817
520672811891
488113622363
650326476981
901167551910
062220762511
436334351554
407160794818
876065200546
018274912980
937836875778
810056979978
060430268712
393535570265
401301561008
478034919482
841693361438
510141358111
051157573519
447816375439
907783652027
086274844196
091144816798
434200543787
450632179569
109777616889
074574604635
800665363829
790461992129
032678120307
691805680454
700202885441
978525050679
658753626125
842499721597
473896122118
998038529524
968384954909
824103261195
447893451503
616981477810
479254455159
918344046264
902240130040
438246659446
537286410531
599212316381
496050603122
272993203279
478119982204
373771158239
569168324880
003988080375
362497466353
800885311628
964955376984
075090685970
814524425584
702711758029
209726995491
153375220432
175687387078
293491148999
292100162340
567172834893
228253835719
499806036825
330428477249
872976042361
570740973082
823380273869
756951510418
819173316317
186843587403
701074993784
106093849949
227700104625
663445197062
388567207050
228576753180
974351937844
105937918885
715102902786
950340346516
782775352387
860216402071
335814701814
760316553286
773517157618
741768000555
190735692187
782764201463
131624352153
925844050793
502983415542
861570468682
907152318080
567166007034
397759045797
373099808515
370687382587
360782155880
973845657513
880647182420
067584556378
673719919562
188459397597
404609146520
033490051899
954924047551
180711075139
064098224328
746822108875
364137622535
637390383929
050590685004
770424928545
050436435537
038396207081
180494433098
331188287645
729605066999
075625915405
870764895065
054507173355
908972329219
327535424532
758973091512
042571110001
883180619840
817739168052
390442346376
675330219309
891437545014
128145765638
151072583652
078756958781
517322807838
160451121445
071635424939
255653761261
943594326509
231642132979
654302489990
145136864307
149876486197
569433307379
952678422688
973038955779
935628351030
780898485174
556528223005
772003721763
381327072170
309680021418
818824804061
691640246970
621569772316
837989829834
856327164514
292814943084
865003208557
604690896392
904617177800
980840435417
501731163472
415844866783
999979104948
122344686533
329546738657
532614866475
738551959727
995930626866
434350223762
454118932230
583398007721
976204844265
838892495538
941827401587
817722098487
049138699818
349321830372
817829097026
263489950560
003261598919
832780849664
376554405470
422316395430
120849037923
466808067129
972687671223
050689387346
227485830764
754277644628
116904025638
435655781769
248818599747
609821850862
769493927729
753058851372
162249167601
595727712855
714333666249
032076842693
844378898748
828764066393
906055475799
430877969394
807992501913
130308134901
433948737208
776911812054
429106360621
647878094775
635930668790
482960368054
315536304979
953429715223
589951710535
356919273532
561111961918
770187832139
258595090910
339001244777
569143775117
989378998703
878330089870
171679480482
924298958112
806002434091
287903816584
100642109819
916490562524
951181882401
947208114790
248735235292
969125013818
520529700104
181962828430
911586571219
009072545885
439786224771
400364282655
266328784366
513899699525
546166734778
052836387770
321735050942
164564502333
956160379906
892079340212
464738048056
625234329085
475973084558
105990088614
988812288202
944013169803
270616262353
237650456252
304076007370
820487758078
137734156436
571165249598
644147792349
665482727549
677646460387
014925400737
557696555468
678702606390
609686320116
545424440283
606762535533
856212087895
047092116773
252401013885
229571847401
614631923264
622441786886
706868503348
956067716678
591970164956
488595211956
018622084120
632965610676
696099900706
930050719071
900342571154
529783207005
911684905380
444006894326
394347650192
949430327695
333839465020
924599689073
337981280612
713780376949
498456983193
616427761882
296716015753
467505495969
352913058926
013668939122
619552284089
067408047014
840822459371
786387822557
757418712847
719402208796
003982765669
191249496713
360971977105
103656560727
554380417209
851022408054
152349383547
496281382662
433386653385
282285209309
017600378806
921224493695
884579999834
098500195849
989686344462
460929250966
930018548836
013594354379
677577669620
782363194750
215914669859
246184269629
170226160791
135238408879
025692987963
505631030328
437474107997
636377038272
859860686993
269901372705
578247062453
960194762925
136925022723
762738166278
439905642110
012429381138
601844221839
728494065101
716036612552
322093898243
057066562592
514490680199
617324087756
109858122845
828174049260
693262220326
739608847790
135500523138
068333402345
452927612864
739137021072
836606958849
689667292145
372287321457
905314079194
140727705872
434546599774
646471689483
996198758776
149173630368
233323709913
850682001431
600540544718
193062809752
596337564798
624780670125
782214243761
260027797084
575070799386
567381921677
946167917633
022441820799
789735238700
873172554847
427500551511
135823734381
890432131791
154827455153
070567842174
070502092011
116801581989
477345664412
963871215791
243599821313
743887179161
081001078059
380629702640
656339656244
311930958400
221368399753
064708161717
630009208237
893959585342
182755581042
022762867305
944191798233
136655072130
530643377165
131508773567
087281299504
093421784096
979996272077
081691491621
621792693390
839799549410
512868851217
257374146336
291965783800
544120128624
242377176659
165164671515
020009495254
802736451904
415044401613
371171774260
527249294592
932668279521
221596387815
939021772411
799041074521
832792078562
962665727991
959972104607
411541292829
449833434479
602660841316
361517430863
014334706698
581237471655
253733001420
838728662960
241680192634
256993200189
600329770090
812191293373
025719784594
448039337068
709864841783
802231984876
890353031637
614561617729
210244158808
433465348892
735624823751
696250336342
444023694992
722510002563
907309888844
246692533350
236999512733
635901174494
038638841989
105909960964
225022193641
972966484030
812835714920
597318690533
543068983897
829049262693
898790309973
533990201366
054883702940
237973237254
931015904996
550352989318
689586009510
256367144306
783124075039
404605514697
937090018425
928745440802
817306499786
101452792224
484237954345
972562802855
988792600257
963554372011
122752483556
265957810735
608408813381
724357217206
754361083633
449240318179
684890402116
435108436549
890288275950
314278390282
443662776992
032845752052
220678897319
227596814404
965643069644
535709055918
128736044462
265131878859
663600423431
238932742452
969978541117
739131764778
298736088283
140526401298
179030534720
545474157027
766029312831
622172411387
565030578999
504867171926
359639124210
673765435695
446773865735
373438357855
978699846156
874608468264
056441175306
287873335649
024013830840
697071349487
732875797926
288746363637
297680492830
668889103466
519979659140
929810607876
037051456535
187095685187
208297600840
849589834466
186288773836
160393375353
506781565748
370195657984
608114755079
193174373910
511626899732
290613461579
770674082575
003127181085
018929727939
076311876275
983610844376
620494086812
383661562980
523846049741
795911507331
502151448288
978984034446
043290674079
762483601711
562960035204
097232756513
309687680533
486057711329
117554002308
684577659865
581375397567
737632781588
805495849658
382573808871
560016964091
305858535300
598005442543
164959319122
551530275663
901040139731
069771711038
173056483204
794049707824
994772654540
324783589809
751648685001
609427604993
166950455562
057916180630
659228083090
363716496864
783684100842
053567225631
624560691661
584819844733
089101235970
736039314272
828944834416
521633632026
512295146213
849559662442
893383450165
312017945000
008697233878
955686825908
099431423647
157485038664
937863790192
024238276313
515341584772
555954198155
306622901035
292122403313
976970095390
064258294895
313377849415
605463829453
623012030326
776236025832
181087077168
275328153636
396267372915
129083566752
543392105998
255821274713
994514377038
267644349365
937728511674
952079628693
347577636500
332408063227
555541560038
288524789691
804969794242
070266540963
207325925151
763690544224
339327820096
366481609364
165514354641
239748820252
163767094340
327406871881
437269352678
373561198871
668641268942
850813294870
747945730983
338038113737
317941991047
908370307243
418836914825
858233999325
994345608522
760558318592
733186922778
670135974505
090689699104
826913802094
893607134882
494072405177
903767196450
356962746424
471314504923
308987890892
270761984348
356506606505
636586700670
619520050167
254415689248
755715151396
526148914910
790284414010
060551062816
938844319264
061884744841
831010474386
276612450073
013044153464
085516794054
414130209938
299874608188
466948919998
889190004259
372774912656
698403386489
942191309699
748863879873
220219025048
516950074363
070378963547
141746668116
399437663981
194140015095
493972153861
919010938437
254232791053
591030757337
641747368637
300919655184
638734242281
473625287241
153873634930
276692278122
341911925761
090680667033
622340245196
928467856083
027881975802
479419449130
057555657926
460150506277
684604053601
700365380916
029150331118
443432643077
561673874678
682055867091
726897219294
586520915097
570640183047
581200288749
086528781746
219571900409
544683089585
819584797796
131948954594
795449315840
023721631271
695708377552
247655210691
972384165393
337609113453
402155027973
857687164745
760353229133
557071390317
717472109537
786300194057
377685527340
133350183691
061044935179
857969380741
592441167819
150741519845
912069990927
799210055099
869669433279
156646384886
481464999924
335060049389
269007675739
837514172633
842441491879
252257871433
757302023181
098278595480
745691000494
500534183297
254131879490
178410203657
989054209235
776304237089
029123685047
756719181945
680050755067
262816714413
221772421171
739494800102
728668466642
115785356296
417118862461
327901507431
194880334494
648706225700
715594389163
053742032116
201089332170
747129327775
497053236622
390306200669
842091154642
957836211656
814653470488
924593329535
975838768977
351201353299
936693538291
300618001017
712530220239
394224305427
800273823309
424360416881
060425947980
043538988752
802706197665
273625731693
035094163335
963118905214
493368591842
762005211281
300482780239
593733494501
355487303052
443868513116
819242774978
894848952318
978426544058
558184025781
678466955480
470606812265
013433203691
988728996284
989977005978
587943355775
492626829593
345147930066
098116476456
395049295840
225592165215
978594426764
470955962514
514003332557
733215492209
513345092118
703716817808
583458194795
461577203429
164588731084
494680019342
535728349301
403109834243
993177878726
665743107451
675947155654
615356163357
138065501107
127966862321
498187216533
579057962955
893955849798
638934706740
172464035668
924519757031
464285928099
275206367939
739361448922
771152133911
230644963732
688645549715
054461277753
528455993519
912321365714
711659066434
401448259942
677460927949
195202452133
745320784028
421983967547
098154784306
519071282042
491747031969
854571485451
102041387932
149181426757
158239747827
210342938415
325656320711
738553125512
901213666525
280807381442
609097533024
018951818293
861699108565
241832659076
331170403647
279280380906
111155134287
337969876879
408746317657
363625029465
824431797283
696051605798
795099116236
211096270918
828491645494
482026672518
313262320872
672217864675
069178350596
091832433759
263466742374
369459062226
059323476220
142550289462
218332592529
469283643626
621241492275
701452823957
349382516138
832282043768
920553439529
596906739940
155693098393
607172748967
477711965423
450928945558
247690761174
720691189310
676233286791
708540871781
058353401549
691754136787
325047238119
141757368349
914775435950
121398835024
675108857512
697164634839
866233821024
661964101451
272127759404
433966897451
629791707149
764115797013
233586874103
467855419824
910013509302
703002689297
387577582313
698297709933
040357686051
819758616733
456458790473
260390917703
175785230149
638508868974
453136599634
641128862198
913857543049
535843553576
162225955855
067251960175
673475664662
297291915010
542855962661
367620032016
005154884520
751886907347
884436176957
206174425915
293521378879
131860527557
232561416087
397982997125
627648626083
413856906940
593020518540
802933621756
211553260209
166521307129
601037002378
768610033082
874792487259
685954915253
499030341131
595767801848
014743078105
812683658783
184154800505
485995474450
038654687716
779132059141
570534238508
008661811180
367606385900
646828219635
714786102540
430316375368
334039052680
918900648679
661227933053
206384083245
839122488871
148207285981
671766839971
603587216718
547131012030
779600763894
790619431189
873438952236
356148289083
568614282667
570696659489
168794321083
670524530743
009067552828
202058487315
106980109079
952896315469
383133548317
746791068188
786460588228
891869896482
483125774738
785892951576
161735548407
938645176287
185124939935
462753676617
689343955323
085873423401
697967198104
880963570969
360149580460
665217972016
279703528931
508258326421
226753163391
426334064770
967137547402
139654515064
857340847165
233091646782
502204395167
262243707282
077771810958
621341713933
267361473230
884263239900
678426403031
244961069588
003506379568
678127192056
808446363667
305730211307
729628655020
109013393639
095696348149
858651008345
464644890022
203571789013
416216229279
046796373893
073219756394
328697752608
294926813775
423940114777
690905294716
800343719929
305222942662
916652056562
382873500139
364141409831
236049291810
006090324573
753528506266
145116568399
596692139704
375246049579
106350610824
836376671370
325869846195
983021704262
235750950138
731148012322
561019755195
955068675995
822397720756
575164177231
816542599202
321859217804
536679107595
469087454042
718236886718
242550519724
414298550791
175125004982
218651654366
787928106566
739645981819
716807936868
768968077018
385823117944
794152862377
877639527122
043041641126
685687350730
887097491797
394810444540
031333804494
591825829924
712101275211
803289156732
114917123203
431949857180
360302832062
360622620043
081646009155
384542282785
016862827769
278533274180
447553374215
064265293933
607583715357
611762079538
201765915487
878927633083
835188126015
787533861650
775350016816
007270319323
608249043137
156633854648
063664855311
557258642104
027900107721
472989302262
549697243617
794545927186
613253092953
217154546979
142215962654
952778385321
337322950358
929222654787
807259248290
266111539304
931234274764
161473413120
221960787121
133613026700
361820261035
250374571785
619681998054
909535279526
234021057254
703477373695
278402679475
321301250831
682327491609
067602471304
268734513540
403939306171
774936362928
044236879634
281238262074
500495300278
100786661755
586563516974
991012008285
387093516571
438836670487
813172950474
495929686333
772615190688
921605339792
770350818107
529241932479
235435887767
481785416760
023507318464
729250128149
855685917979
643166359550
241285252184
890616301972
889485808057
383001157760
633297713482
509511536573
855464092171
174160343161
366066601366
934016854320
658804620958
527495153452
463182710739
426488781221
779558386498
743815007486
787972394841
060250852942
343062040399
938644242473
275507310569
151801155197
462100465813
888750197952
408917381578
413313789393
456637742215
318215094232
326497325714
477907439461
540345135836
514496301811
221534645613
444170873820
251848570354
413619476044
904786003473
627803011265
998120018420
825880082512
377723887123
599431936738
433001007396
770527284426
731571243940
457877888433
632141538936
172498019858
921699346715
309865032356
841473112049
264170682597
254952763772
058282552940
474330083571
512285880018
046450708191
933161113763
744464077667
463285769097
637845999167
872931541925
247798707799
262707672686
168018630226
935298191777
565909695051
403529170065
741397917593
813185990850
172208972917
001672628153
577493135516
599498847882
022685152673
684499703872
257525518764
583939778914
552139381505
706434290106
381929556937
062571528653
294257505664
011749338765
724736372011
563566179295
046008128531
106905042509
581232531479
045853943532
760949877647
578743401766
217846149751
942337875829
166895413367
146589392481
796601974207
546881852444
555124599601
449240187906
610834357653
301029374828
206461703162
364848238419
981524005093
128076312123
826238220741
244878106764
137531535285
476377535222
177747360589
591874537940
807673633834
197995169660
207760586650
053695100620
330657053791
380565111678
875763221532
002810356644
740824200386
186223924768
980630877634
489854249064
896464514383
173439465760
385763296096
727818267185
596720985266
372783749359
530553822644
383562940260
371150642776
169871445118
944377793610
851210218494
559537238966
142817738447
096649910676
478051843355
483423062618
158443459891
032029191537
752014456549
297332257383
563707008110
697890503305
782785865815
121583162363
757588288778
772718574374
271952569569
512976992140
095850706863
080483344989
515970825513
018027239956
501530252746
547811554573
328386275423
212017206651
643088275829
250045332386
431728148850
707905281979
093909733008
626291039930
861878244856
561935679246
408611890490
008795280962
801668163878
690102462783
783447553349
328878575078
582196825734
008458005453
882929979119
030349331067
085130612532
400502131708
372961633884
141778185625
375534214630
766295257228
867334147176
175530116348
493867107795
405456525104
493367690475
212640857506
414596611027
527043562712
690045614890
963363078622
087322223966
024862856098
641052713666
037282441533
116506992882
193617822747
896085420495
433273997961
747702611993
352713168903
411822194545
342670645182
443888962965
844899123551
094948111652
828153789479
290518299638
967834795644
535686870483
238041371580
523450621420
081060920329
490846205464
340841668645
886468161364
038414780664
762341001746
984523632666
412163324502
770110149046
761912162190
643105255480
987417240604
880372068395
992718424779
893200954304
419934088635
795227390350
699832161596
802046514961
988003881598
591624518891
337295772674
653316719405
198798635451
495964907224
088883034598
776357115096
244430265923
726431752118
594720380986
667610947384
423831270920
940729945616
735098335410
166036445865
904803441787
321847262775
716105324207
401033733155
924022422472
346782782825
089280003975
955558682656
384882961822
635900029852
412641025069
340326352396
122914160217
887054590047
132077756962
586858745289
225699112463
806654474983
558469616959
929765917033
545883854312
196878628788
560674071817
918297373343
519856839186
807566536296
126956191302
644166892170
867943537479
408626154819
673405143241
425125490888
912776545919
390238681472
982008448831
492737153778
470105932874
687243453890
393708936567
492526992644
403530828196
002051414390
430974385623
752261219023
562877884461
419378770718
925421777342
842047673832
244769423244
825917171062
854989499974
581461967699
540974921711
198749839203
009450340195
903350485651
323271691943
598525944750
814121357530
201684738093
958612511540
637683112567
997112841730
439547438184
280670930088
740016692157
920273746721
895871276749
248910865105
096170980440
072690303925
676887953894
304730321562
996088501566
396755672992
367407038659
871975448472
620519577822
813363245332
832226924690
078415813870
435283662952
201446889124
393506268086
660567121910
435421915234
465301476418
837259407893
815763016910
904076031219
879153946095
158784585441
662940313293
421312262624
015975192319
404193965442
798399422867
969856035885
922345127098
866828782054
970273402219
395829236473
488183811873
806293554382
570420753309
380121855545
723275785131
915578661910
983506772814
913985256504
596507672465
790217820212
140904157902
277508041338
419921253962
603011992938
174581469386
235331355973
852039420644
685825883051
513771282032
059793004568
598767144038
014070622445
528238500510
080976204623
030595571193
159616317528
830605786832
841921291206
945231031486
877334268315
564460989212
097527769381
366821874372
451919017703
102227534047
506451100725
288533106787
443682186077
905836546541
656966913555
846702796124
995237830437
880231830938
398387590083
581921328294
430253880106
206960574066
805890835054
290891305693
138987549431
724905921026
003222932462
432866466231
647963423763
374332129686
395901661119
932012390647
459474184213
354603908935
476643404210
291668566714
118576655241
123687653268
509964985840
316347933395
018790009727
372691321045
771745651531
592576354904
269898595102
716380445829
932013987223
067249246811
778462591944
803220402709
798506610947
501695079473
653213898211
096068607093
307653106424
166046610664
331888059078
146444352754
173277959028
933569989820
286387547701
309565121794
100537076235
096975875895
561885528264
892739614097
159209936775
963700932428
609737223446
606889111989
430489193921
604047507277
210996108825
283169167125
058059489330
748853025264
464096648142
190516406777
589952156436
424226236300
415972372552
199373820613
027541351595
589336316414
658794369561
148338685433
605820021853
294488915668
796520656725
756344914456
529373203598
059371229022
196453454013
964905176541
008404192611
917527535860
578875178841
833989572145
988619493601
598536715411
068613940273
647564450251
207031039490
566352629118
294324445980
851993676367
533757222517
987277881965
993396174177
644440343900
073844733493
665990977845
733266590897
387930651090
014801667741
021996246368
404998311120
292057190958
716552406621
464987016315
104400166003
443495268805
186263592760
925586337610
529228163677
954182834129
200008420699
453123213486
761374922547
689658078749
300683500251
352570907213
631273216343
703297415911
870017300121
708512365030
676042630573
133063849247
621071193575
648482763587
741238343917
249474815791
585691186073
786790181730
922437833880
187577010579
564380705652
451285413759
578646759676
067190364836
049353075435
869275266730
108594834597
111821647055
709126133906
887728867585
472113406036
900813084829
661572695937
048387286366
856799672205
020924425234
860881335730
130451323022
242436741441
873517456078
467292782344
704379877638
895105347859
550518773934
662165487483
577119750849
949084922270
117330722638
186471626721
377695702010
557740552040
875165755952
491522927120
766398474081
265740285183
194275741613
717817717152
571505200189
806613407308
785937169335
794017790477
416908535427
305624874419
963087330250
606690295747
430327544023
093729407434
571386057258
928496565698
836142577687
910215132381
434734467432
797126081159
471784381538
281385419030
936333329303
979438447162
753058267342
081809558705
128576006312
478911309642
290064253498
249281602533
501562933566
156725967842
593426761334
344169396696
499133542681
873795811403
510956008253
895914707116
681848387668
380967814393
836378057637
720515127092
154936816885
624519929311
914095443018
337749194751
498579929566
512742451383
722424068770
086099836405
581866957860
293960034738
509792716276
660800763015
158375972992
365518196023
912292399601
335743869249
077143268697
760066389987
758271885084
252856749804
805125251640
484408515643
386493589691
232769026058
911188728291
050212938012
982185528977
271658042303
128851530800
943974832750
657234014806
915842361627
634038125309
932214918079
971701097185
243054706546
003275993640
361841820862
203018359902
799122259392
432696000265
067441492288
340745133619
796573503758
252656208806
403787089662
877056168783
157045678542
197950676386
795509888733
269707241851
498885488587
930211747739
438784421081
201428432400
580352515395
737497319811
888554916481
242808118140
326797672810
034514260221
953680500643
528539402347
799284979207
854102145831
320090215349
271968032865
835989657857
609687063522
111166373496
225971129713
550288936417
974720981984
522295623698
419920942775
587887244701
584702068070
805585442525
385770911714
886248764711
214966966763
278783878583
253404889162
751371051262
459236566797
186941392852
659340471616
594527008068
319079932593
039491618825
081609317052
844192732793
622818028270
241338424244
535208519112
403385532170
866859586229
163337859290
857220900550
826729399745
534831828327
067267827310
936317242945
252266811024
902033089872
538135094160
064737190956
244115996121
791342302026
311892747002
585026542856
076838002632
063488139543
668767510656
116236894217
811257132746
642416853159
050411056854
041349005269
760276370504
598659199204
585182176330
834818074107
583368631129
415895621207
906492916204
070198015930
356673542545
066408246773
810475843557
033100849339
427289824684
556987476882
978883866079
635339171306
400803681764
975464961896
418979834331
371705515328
310465706308
811068529269
152791823220
491955806746
897465443581
385538792949
909774597694
700546719239
884102680402
445005093283
766355897889
172849287915
529958699903
446287019327
695123590850
415964258192
374065528007
222828215522
040707838532
896266131331
264767417289
303316387672
653993448979
843899801510
772956427171
052023968465
123862384367
085365098579
069924263531
792308945047
255065716818
925230478577
251057121459
441862618497
596327035373
735087960993
528128043756
918229037824
169194185109
078557979383
053116014329
021014084437
796407076355
598213909443
794246717565
654004057818
047569505411
980104600752
215749101424
100065671694
100157444389
316099601159
097024893504
782286598498
139363723821
237014539427
393655267923
218469734412
577932801215
516762517635
515897795375
556490910465
393078519354
484688401137
911816658851
353462436504
274375152953
933871349968
935598031101
476696900317
303034806342
988008139457
955333116967
150466972837
378536846332
741532184501
963923032251
079495667078
038131013154
188923852155
892155566069
590550991626
989237068748
635402266583
653136234414
059220845598
763131312205
148941508232
328977413249
663419805878
166824733112
235377236284
986428525434
493782684055
853371299327
469769161324
312430788351
474909210204
744171892501
856749740400
688221458880
663587382644
397320939913
847776009563
554494642468
010286054009
917703465250
117113503370
157161206553
964021289207
806093720817
113482396471
509261605271
116100569084
016131647896
567267292215
792695264213
693016827995
148844943596
397813949125
325460493862
149785001761
122095947992
477730801547
881399106306
288009030153
335156194928
285323700250
894848655175
673086957419
979178419078
528074216549
147841265639
897796478628
895606269165
684707770091
250879537624
091432819674
457861196864
267792260665
222878152625
014198017137
986880544425
673956384326
639569005699
068231557564
088390061212
420942070373
917502607687
111718271068
664100577988
816607930477
245466693509
559376412001
111573953310
332008444007
364509788169
556458969001
904471476682
506956861055
054072163783
150000528921
361521918677
714719300830
467265488900
199391764663
586785745651
681948003694
615024476420
877534716031
986569787679
962659088719
350935999418
892627585359
242086276741
839717848738
735753556309
903968048591
361612581729
100882206059
621858120752
152254296888
409838431918
841684634565
936041142243
939533938417
526189160013
497889815574
252544274878
764634756891
638974270453
780307638212
272744364820
090836159370
749956417275
782258490337
069454841502
722047109989
654753071405
683278269324
951709576398
237577312814
350734314845
144773687295
766984543225
011994120167
364785052402
350484736604
486220539735
161512904530
752115121137
603870957435
146739284074
875155308288
716400871799
455847399778
435412838025
868699517175
366322204276
221301394657
044623228539
989459424078
905980124110
027239504226
489628735287
424874013890
723049870316
142788224551
290956413752
590031431488
702369529377
476101111143
637481600241
757544007487
438120361822
085522721670
478394637519
030002569185
234024513039
302045229811
481398557957
855637232547
962102423671
370385940242
175085370041
242541016459
619042326689
467314368813
764158928425
286088307702
833059490339
849915711804
558542022312
795716127155
994368201163
724703514645
957825597772
891824680389
996475982283
060862401393
325561868108
382414388510
535109952849
633956155366
139583922491
493483536516
060556717840
429809431769
395328425540
550989490441
135435438825
564611840288
293218117366
413406117286
813327260346
760455611999
706415134711
840017259851
075986050320
472480692277
993424046462
246339162455
985126869464
189001334598
406371193237
763086001727
392649672105
179806857158
398274701844
907905615457
352991073400
303724796426
078449660915
779617552121
323631595842
582105754637
236951438708
811828965065
986950815273
352845770198
889779614708
976700746146
366160320324
229028171380
493784667931
963000927519
377295079883
551378339207
068131581771
108177840576
929444281089
976136118214
521035636172
826010371900
096011123229
345415775808
668036455003
261086801143
781553412239
798724913390
876771391897
717217599297
254132087028
274985440650
576537449223
498640735861
408502075404
807682579324
789949799048
339422952420
564281205118
609079608614
743728475381
182625593247
844806973201
503611355317
661622223464
372187909844
805284301851
334374361111
258655633979
035317568501
072052137586
615368097437
510153186511
079218078416
389077792602
272635438368
971479472919
747146560391
253854108059
226870410661
624482798923
551392162200
276155324665
829891323901
737920077222
544823043232
092574601294
338224840557
942473718838
446366396717
772482674263
423324480720
763405627662
420241889349
170560380509
747687754683
658491018561
993011585335
194292270268
023229818690
532640078038
698426925991
915346740681
400892731627
778369658642
210741777157
557199499713
951795711943
370345075941
028639113728
487152626292
733278404678
123734480780
469057817244
478617841332
550251268263
316045787631
507512755891
436548765523
254339699365
783191571778
447020032857
299828845875
421347930924
552317835003
945826539177
648583718748
495945098470
285616170299
479799494216
627869843279
873974811147
626105598342
896390695111
821376907355
271375892064
752428008459
450332797446
219968843049
270317625363
552486465915
513064386463
818864756615
278832963303
754332823908
589496394401
610809201560
940185588545
723672318275
022862846350
969489946255
875373067503
591208112973
478372006568
605062427173
891747270994
553588913448
980657020167
635678966520
120360575022
945903952967
678004255668
039564906129
107230942681
708359790176
768712952523
806041675504
715012425573
743262512566
035930644856
398694028556
610674350089
055690162463
417564401765
143576830208
570541672352
659993359613
861659672316
702214098975
995488143168
610008317744
256775061798
940032335469
338760560150
237520128194
748506112714
434965585748
851426315127
486593612433
491922965383
252912664917
827330358146
563405397603
890196289579
301858618708
438516814438
717148471535
460200875192
477526854458
759508961668
183600651478
508103558582
332138589095
512259391491
351730734358
881190497297
755818927561
309293123597
052271089637
401190192477
390025952038
724035455570
624774834796
273517231941
196958099725
946321751914
430734035463
041398101557
173550508381
316550155800
883248095132
465338652459
066486867870
192658602186
927800143665
515472404677
692542086321
618838494073
400410707773
766309315989
161261269434
157454739809
852004738725
333063949122
305884410128
773992211966
839805489432
705188938734
450717978906
342696687435
149708202022
989632705854
352744618321
969233745372
502638768269
423197733436
801999585539
071465021752
840891645357
867634775313
494521552883
352950965740
433655272548
726896318291
326816831407
504367736654
468849280743
719040722445
941472477620
734305295515
970615895776
014940861424
175332911052
660273695919
009059953924
529029586945
877141704835
715633547485
593180957577
768503202344
369651421082
904506418590
744724750034
143556251249
407791553223
883856641328
290016269579
864522466903
422224718141
548337658018
151069640226
995916815370
845833519403
124512448510
006985950063
409982155960
472685988767
287756356441
256103483978
641000992939
483137149885
223341357752
834934261579
493849755253
553662272117
354679231726
834708553137
517200897304
812524770844
182430021820
387447862912
965116842003
821258405419
730814165279
694631414244
252390100204
061343602979
748044033517
014789055559
590397446885
837243403470
635390854914
487569533203
857195718684
726179546543
629021298342
801175967389
901394274954
579361573170
130079788278
064324639383
854971462210
237628442221
750593498042
284990958373
018604470935
141416573362
560295923429
705546859870
667653465627
737667167026
155468162389
090939226536
308376822416
401400941057
652126921849
535873008478
524692907860
985981869767
305917783343
385789979613
963516484237
773754521589
339174460920
109834370030
351374757716
376488013424
084850633537
232748620568
916237022124
584214027572
775316849800
617132711084
892865805665
794600939074
821509228122
087526162611
011287133756
116761401913
499707352443
488844473939
771243085881
621541853555
611280023821
411274273092
443075132679
576162378477
884944357746
487634713323
275206314996
130649378878
860004469301
436502655925
828436811971
540442096962
958664939104
015588236012
449204478787
855176892124
884190012398
621211575409
669474569953
929411315314
326150702636
940871591284
884303454886
318139450516
078266035147
978645118683
699003304753
966061878550
818857781828
225168037444
619163448349
286200176071
961836101559
434774521162
520449335450
421586976839
899548621128
141794206640
499623023151
667576272676
855200959492
618608531697
749516009376
711576646148
515393391346
145911966868
067523142491
589642410389
450314257232
062628137043
144856730153
538455227779
470778330470
058272896860
864509638851
600451694120
903847243184
345224972385
108370633790
635924871874
447546695134
883206033970
765260801568
551975195919
981505729060
156294752724
208179113443
882479877826
086775478857
345160265710
205321521474
907524554766
153334373556
775460251772
022346769748
569348208570
440363429725
292937677978
498986907226
601210927310
678991056083
148214687403
740053868106
600420151588
972318644579
372071120084
881329524882
970313285589
267580947133
589984779207
863306629557
437936429670
596492099068
358595026165
203511232552
009054184692
186659401933
332240059966
549440752119
627681693854
079930750371
085749186310
748540904332
565977834814
210766458275
881669701158
610624058075
294100358279
309789779078
082065845845
390695847833
279970070856
208373131853
780450495064
501187032426
386535437988
927288837084
558507708699
534027431759
893674135402
920836127704
789218473926
211504742643
304516935448
246711645959
096891463792
945589882702
598207857634
377164466710
043483185459
578940560254
969053685889
258209284890
925053641208
410680301138
868773436237
614164269586
552746771572
971003520300
179961466938
764679094267
771274793168
226430310597
014559260975
811760576653
142082580654
506651981687
441329001695
706733126202
754416103216
452249849804
234258851301
919353359581
190563993389
781112753155
074784018416
510101006688
314655040788
535000538622
744889442779
892485567129
689875597631
096783139831
544896168926
164110853140
613653510482
281235740325
947474365900
150784820811
035067835334
126072247269
053220372793
013798693857
665653516354
524873088440
542218338093
661523141954
867839322958
973265565253
952727672188
904818522477
994516328224
009743609513
287497170471
810087276576
031578756123
345360909276
502857669185
086091131229
518334165240
627843159639
634740732277
757227873999
540973274364
629233173453
236362945771
659233895397
471459721003
407070304852
170372601737
524287704531
787097298201
190474055926
183320331781
712728862937
135618553298
399576320789
665621877712
945462845596
471785697349
063327095002
823727103251
758899228177
889957038076
573561644227
481533780417
336258668416
748041421530
386631049116
992102829620
511973252516
437730906342
909698882865
142271835831
538124699905
931354124391
500363249924
408304971760
210549836300
968827351591
606289911511
784835195272
405047754925
311160495638
576627964306
457261693064
619297488734
240133968952
555523935583
240990550092
440602672533
162617310472
682085539087
915406876369
158764603843
156552311183
263098282874
789044851729
328670352031
257846815838
786124799027
324071973058
956138077856
132853942982
281216647868
531490262896
360150361266
380583119471
170030774937
389068881677
535617404043
366713499131
902689953228
628908360481
386477999888
690269693436
779323138663
491203906288
398577664818
687333831129
290331180533
411682006136
886064695077
684605798985
691918558600
251359159685
971347223792
826688104188
571823841282
286297808444
820625115844
557706278547
316564088681
365494105534
324358576235
194031338010
085973302609
342367432117
240475355191
176794480019
451638271458
846728735106
135417037164
862810804099
660151096356
246323680285
144949274548
545210529557
760561513321
594333945571
804654231219
771324119341
906034708756
460525773996
083961806450
084877158239
057003014012
875394200229
363845901976
647511906776
071409516128
345477274958
778838751440
482281237895
015290165349
690313314808
897905367015
517171768914
800448306844
278557822933
277801422904
211400578472
238332249134
857766752679
033338212975
383327005315
410961079843
932028245707
797872698850
473965649479
190225714282
655760245541
846279357686
688046383484
194607803699
285768446329
836513819639
716972588369
918796106603
974277280890
740935460135
848896515443
125605857467
708282027483
144102649697
144562213230
249968260582
586845929059
000853426325
016153311227
394838798519
281045526211
239270826158
207253389343
733566082933
698166581252
040734302653
436134647179
369760209030
865656810203
566022311539
402956882790
675431574596
151382016814
514332910915
391377647850
313092730609
303189427181
880657596658
879429199279
005631409875
733883585363
474872249948
773684696358
663067523909
223298632424
589601950593
567772662614
456260331248
277945373808
253509400260
344975721936
517220819456
898383694940
740060500780
526607476928
117350604746
991714695464
258557020264
178768907713
881891009329
451855254255
439234987382
384194192058
857306803974
902423354239
389191342610
235340702306
092400826569
678162377651
410547533414
458999709569
869453687904
378596775295
948154439607
026214143968
673003530454
284753930006
052888313829
819117928706
250817120528
974018593749
143902206362
332242059059
432362968499
408721094736
265615216944
466581383476
597060005740
585109627622
246676757065
467090772728
642720970738
444202062082
062523845062
722953900414
294758573034
626430341633
412401419801
053852645135
278753265608
387898203332
369584922817
380078928042
677473932607
101006120223
484833377853
108999736445
266757511125
318634029218
942900967384
053607654187
992317192853
359141079951
203565921930
421205006965
753437883661
376470539846
716856010433
093440102065
146908067710
641358684867
076726326134
967237667132
478283380213
570789707195
582450957158
445870270582
160859367520
988028400493
313359867680
558034921182
395732580455
545226987453
906913577915
195175828878
015063756676
975812241128
662279206600
950010888103
201104593515
378980654225
952171168788
520343672972
931971940249
385308025209
077244801687
640708134064
291588063482
557435175988
829179597905
841398607306
914241066681
696362440794
910736614702
410604754488
192219591734
542779149716
946313717246
966182266903
920154729280
455234045884
297573918898
786202071015
854602185027
068951766199
314124927048
118393400840
679141781544
791040666731
224471244644
273542034358
662464389805
412001813411
715304029450
182949607770
126213835781
499801468844
425489468351
095710497880
895517925579
575268807219
539735741857
234962588722
315497631553
320969833778
021506896694
913233411574
443490298462
766587974430
892315470815
630320347718
963673244463
393539544744
598580296121
568951808178
690038778156
055692963271
282708587554
562750990355
257784433241
335296415700
256964191672
968495898935
393695041300
016109952195
338856636289
873098620210
568140429225
814778614750
598078597530
645600850628
980120000600
267012096218
103941091406
314247449672
520945220412
906141922956
549732920041
453175005184
224070180276
252348913183
881822968595
361622659296
601547676245
855101867525
312704726513
720693327783
704581396576
826193528357
871536998422
266218672980
008637983610
386511563438
974672523673
020342363814
029785257928
745193645147
824945777261
587888291095
663343273343
639240378137
502721787889
745752077393
568753892086
636261872526
325582369870
631837023716
069244290414
030908061093
373306545701
740289584568
455632857476
632126869521
493380702073
112306499870
334493346458
069874453142
268961709551
025334448278
501482534629
382566061212
593280838633
770642127885
613851209162
890126970442
921143803457
053041296683
186961109001
705411578295
056726633487
766257546027
633173219659
646954923411
654404325069
552297440271
868857232882
413479396886
966557789643
864311650104
584119822903
117672532987
486514738069
756066519388
399197615916
016906592928
294065884187
648146259248
929635167203
037126573430
983786430521
564582954930
790879790278
163730970985
878182900337
924441668949
057474180014
040200916984
231870398314
139726849617
666856755423
978933630336
189453250241
645621459260
503692311576
792361599972
409835484399
716583399163
469700836878
630490422285
749787863465
711937611505
781848233659
103584645210
983749662049
065161063426
596507585167
443942719314
950813053495
447957425185
018301340599
770544882022
475571226161
689570518213
283559966752
895092342788
606676403488
830910138484
608240564111
799446174109
419667187728
647570694650
831046486757
374497702139
881115221154
152757608752
010109960748
964871761910
575676234136
314674729594
386055986500
170679705348
884951139215
837274223156
873467903061
249019758451
590917470914
509521541990
293201766655
134026556464
491416113513
393713798997
604050664355
823342124638
772856942100
430264921764
281336673001
032073761727
692050249722
874476391588
205778233562
716611106567
236688099572
590218329843
573152186976
343269264479
777463693285
938293540919
716218490556
624696862654
404206035467
080182894662
577021056448
065370371361
469883322361
517414744834
181246053205
286081294913
575190078689
208693895340
200824310300
534320641034
766015002019
542529681051
291571723276
013151849794
270901253944
318088916565
233589623955
288139403500
168816274122
142737823633
445113470496
618888434201
084785380877
081137654365
039929712595
433686563233
771457256490
582004828176
487139000774
975879013187
006262773442
001046046458
192659890758
475344678072
313640048092
682027074707
123151846521
055821991578
086284725728
302566392644
586212081996
015061729107
509260036216
850437470721
325808317808
085773784036
864665208086
425937066393
678712048100
610402893525
199709184889
053892799409
027282479730
171925879243
987594005006
197914537387
579854811678
697311418427
632247387192
766171936186
309776176662
494118230400
936545895219
551679437250
580129253249
738309458617
397968567647
076180052943
641016729887
331336624388
042738027479
273948209616
633504191341
360179002733
568547981465
747385238582
401283117705
164020010186
870464532477
765370343263
763215548937
359250301241
612885946861
114990804134
366538244522
648811933200
902798128615
189743130207
028560118661
681906720822
965474332681
441983016352
651182298003
054438097492
936901363081
442694288190
061566423169
830973249574
439600204459
996982534258
357789299535
007161993218
170297455656
824894149783
186814596659
087508061026
613577420844
929937014734
147817398022
569299000112
983871517336
191004446771
690722058497
255495658683
672818353557
600186647333
621886923700
452446854116
880561258653
081810898421
354374065336
144740070440
203132593268
794694582193
425949645756
623660515249
385519370313
499425910928
941160264700
055855680637
398531956474
292706407065
835309956257
280525163679
007168140430
973744869887
583037711746
273151058936
681377427120
503617026433
158334319107
901103593298
134495763132
842532684323
913879992978
490863720456
027659394100
728759956870
690361886406
731098454912
999079591069
616316415615
063531330092
020798100146
338166066425
798287118765
412605729725
198375138721
228520335037
239774928515
793675074345
850106266353
008624788231
287252722314
064858774983
695404258929
850973766011
108386231822
346325515152
959427013703
214115866160
963231618218
790888979082
542048652303
527901290035
578107400250
226340068645
230762931075
079587687661
250338888692
959543292274
261993748868
528175869805
061395834670
661368977407
153239338452
859113729091
303534297201
012359906781
772552302516
005634570198
233672721607
802983071684
776735801561
549549216723
609713836425
236672313842
497946643285
168638507309
040898499248
204991162750
119432079375
070296309959
315647844175
023592924585
270718287732
468413015833
884735675151
256210226180
265724367873
513971031692
230354221464
009189502824
033635297449
469910817957
459138314343
345598305261
991130865246
375933796242
487037351212
176171444316
590923854518
598584469385
916683280178
189925546220
306782095921
841108460041
172154098873
239242031207
368093089545
650159045760
821624571947
971188996083
907834842428
824425776300
250403809495
282310012791
775725608915
125265395159
189651061387
181769334931
637890550624
305233736542
778050836151
406142260949
499193119314
099636324728
161399848630
313924017783
386185123026
129395650495
417212113801
072859591751
933648562664
364471288203
789601208374
399109281990
080442051309
424618585792
915166409679
698403927920
254494280505
400049867298
318089956244
970712102364
680010863991
932321762514
315691891572
740673158716
936834627869
305011619008
070939815326
722654469542
314898283827
306271752658
870212579092
063026685608
774460550528
204233147582
645212307982
249663777034
638832852741
355893096913
714466809254
024060927789
833648017920
292673712707
898166525617
549316835902
889743647615
905257162002
159867237222
429674054055
033291856910
623444608562
843996233958
344248062562
650257180436
969599117308
459558967466
740370824376
356018365523
763073680350
765495410598
420248937787
430109304542
748405065207
945443927774
698718150190
237548194994
893571502010
382021586997
174991437330
691354222838
437591333024
464782022927
330618195569
602385865492
221360547916
446888565810
459806234594
616545656688
858023022841
104576193511
524767031882
237460805064
014718420084
601820844815
110160521246
389676531988
162143066656
848146852816
451807308824
511962148692
901284043621
226428527954
360503337162
721231851371
041780994816
944502279502
512195439927
804018979879
536948751440
096821555096
603299175692
190393696941
062934542608
385415592301
122366998803
893159527794
700214202183
953177219134
853980668134
403862033714
432140361781
170242546838
101888506702
184618615908
042535171880
166803278188
346562437117
335871791333
131914137287
283986855545
022177525661
211212182289
854757175592
110200998884
205500438200
987536235001
159280932036
186401388501
286296665778
968777866296
299014896398
293355968228
275779535464
012892890878
799015809293
548376977751
272434685173
871460940923
330482643179
354218388230
823155529562
606610780411
912428819414
540165877296
955370461978
395456433285
524554086714
293901899525
767807472397
321533813924
549794997157
702285673826
594731116275
313077458795
908013407889
634873710195
872069720564
757695450888
914769438129
535153276077
833557077925
212886746268
676529135247
551493717636
781400958637
827767087043
446199861906
771282592742
533787967365
524540510819
244495177714
217098898611
705765819559
915170833181
033425015895
010592568558
175218398219
070782247975
594076721386
398914049495
203709602107
612255234464
689251281819
530001364122
595917546265
254609575125
162279741981
918507027441
757304976372
138091057117
665067691413
677783738460
986425445231
159482612587
243702295009
008929453410
916397572585
255965642865
745008041936
021919898063
501739070003
258400946693
851273018385
589158963944
039974259139
499261801516
388006387563
084088126363
146285729890
575310036098
553751178283
603911432219
750947210791
598630732468
295606631592
197620481322
085681039696
749220418564
250618192180
314211625247
467820494914
132393255454
439513389137
063053337488
615052775744
020634589569
880742446575
102925402735
879655284076
947668147106
792753227709
988902501720
146652642229
178127679747
883673191451
286652979999
689446735400
355165374796
179577248183
406455739777
879253151421
291996703558
162410348100
107759874859
903666341218
199054503733
507101493228
927873061245
987966005303
494236365703
746494379153
219936859233
396156704105
128567160169
508531121639
459917139039
827836382131
777346951363
516735806166
405526426990
643640403199
152449901371
694363192867
611558394206
681942636364
276643490380
464819790536
992787287773
158569037514
454424670408
005871432228
297891492008
204211926502
912079713753
539524263397
676041061361
128907526291
552004357706
196871906676
101984290743
544560801314
006211119862
721060245692
522067090839
883788710489
439939137104
911136467142
344497289941
646306614983
730889663650
615332123467
471519799383
399900725984
053261645541
528005096827
106913346462
076603046676
176792678269
434731958754
922061219151
946260170238
758592541871
344186056127
661379630343
253280591630
041273652960
939500966703
187192841386
947478811802
222975197056
115745990500
305069928488
721220552532
891572080115
202243167691
023285071576
651103642739
886342819627
730713503347
810623102371
939965229976
463500292197
824200500833
286833464032
518225419328
784534573679
141910776324
499922777154
612858680162
368753049612
496814514221
483241878201
178669650569
948568776614
477981934389
777044289402
766064315008
452800052799
056085896495
128186459034
133057771366
088140183791
402198260106
735068294304
860065139464
531074276308
203351495349
657539373695
022481404611
418651489858
427496727563
271461093243
235103958870
572326985566
034354685609
247678463722
226799069742
990344710353
359730921556
381641421793
555646215323
200843643554
024034901848
344826491559
144280304162
556360835048
774739791885
924822270434
998440256748
088003972019
213726171860
205439765472
415239134403
855655702164
869624406188
521178459306
481285865711
348943863787
542071731240
663196748199
684480596650
736463982695
187533727081
813251710908
891978332231
823267180144
700627562027
790201142807
931925042658
247329912452
935207222448
112277109352
306195971475
861694011298
826469170951
889348972265
912163202228
129438520417
878153041080
654825264428
440803247110
579279123075
082363257081
071298826732
370839194712
491612615755
971934870212
437189318813
086585939110
758598466813
005757379488
607367907412
349368828634
267848464634
504282195175
705882038576
900043677459
900355757681
287028965266
761252621468
035581489010
644669185859
056931653059
424324520541
833580646642
525592204945
362655085611
094548416216
299073834227
152926931277
190671650371
829439098353
584050048104
904816745226
552543718954
199104247963
494445185059
239483055798
638152922395
706857198223
074643984573
452259457043
965318606885
687617961265
568692671378
941264002062
223543778947
373568947101
688850386319
647544976687
677938381647
564685368955
820569570274
591194216978
203866669863
747703777025
219736395012
518880932987
677583510227
791383989695
831007126735
709054552763
930997808765
910749511692
987650823212
981825783860
199867775307
514204288060
754155730618
047236712241
438721435318
857709667556
803197354473
821220204479
635340654935
180966784214
317007601382
552716775518
541940662248
956972291420
440256944951
438475973000
803739399329
516374842719
255319279212
242562904323
612375162346
758845249979
854890537983
937033829260
662206884202
997158602191
066915526595
857833958249
394169487240
025782031437
298043570581
414558147814
055896276758
244990187467
788546144895
246673978128
495273258929
867368208578
684362708092
683768678900
672455026053
276954711611
929809596231
321445910336
960010449449
192283925596
532548185034
613923905176
127242800692
208349873077
060907125023
551957120499
206751487279
771639634358
743007556463
427872722616
913180458947
246178873310
729115958600
224662289870
839445273396
973689891740
225743309945
962038491607
460693817210
821741339838
347269071075
141061958933
502906656672
567936667487
521433091927
323857132140
507788542168
412774221856
685104810695
504925564946
465414140070
430156865059
101849693936
168913889814
300149357089
771893853774
331928017580
002124074982
707728181482
953590503988
698942588901
735643780839
492533059862
133379559498
844267143272
420427024858
275328251586
280086594915
113472598184
105212780720
584393216058
086744519548
408743765776
688087596125
847937056808
944205689753
311029875563
762317794223
401713836559
923295237774
830869506956
530301429916
599289616999
215044257290
197283863814
219509692510
042492191430
348145787302
100038843137
214801827158
233514919358
558037568205
941009071140
863172569872
323634906196
630050989482
616355183014
475088814048
840464635739
451576983469
067056290778
312388166792
997743531076
925539091974
263317596781
881326516530
053703375324
711623456148
870043091855
530085614930
094569397470
290710087917
218670230904
044491296154
254647444970
908073981062
217871716848
784243466324
963583006227
440821495692
886526001365
732358558928
593405254956
155533887979
261088784005
869368962381
432140701389
119161389703
847883086088
032484668324
882259275765
452239375705
129482457925
295389265596
636899514871
543679772061
744341977931
863242385457
235273152060
819829466907
530492976338
777489943932
292245558117
925139674114
882995970913
607677851411
597936863171
920213051269
098071451225
991345779030
071154065985
647910254674
430795671114
758746870318
314471007096
417083211086
052800264458
209278124800
318791742347
875577520923
840123430272
742524811961
766837943725
403445170655
452387558571
895949762959
205646111787
941911513946
138783564414
797183622428
371605939467
288255336666
197422108423
711457523848
457018818297
194412884691
526842315815
933535143676
435159505107
664106613246
000477503186
932349620681
600766154268
334388653639
261419311304
276209362752
596568968461
115010719336
327368051568
076474728268
716939247690
583685737517
846669953559
529278065912
281035884730
734386884805
291600099586
781415423460
483964562718
280220356505
800770864446
861459729424
883960551690
816090668893
791551779575
378928895508
116359051834
580761782382
036893652696
168127823281
019821029712
639372721406
984552546545
433719836750
992789386981
752207861187
053274506757
811766193570
633197168501
496476145535
406678831436
655665623798
771567490991
408204209947
283208149789
481482258840
780099965213
592350545691
812736661646
622387279580
802322295078
692101562330
368704501657
091581092740
942744838290
322708572162
946738761964
990096227648
586577694880
293009523943
622915343163
611311244740
626541969243
479696684764
443779194938
641239105873
389027491215
503709116063
382718071729
388430110279
372412649293
968142816420
366093668673
660503794703
580456713235
374922366654
604200244198
695818408401
491449272447
102541776524
704457047694
970154926837
957364083882
840013983260
005718140760
600464878335
101106422278
134669888203
829784970206
822121737741
507893200964
333878760121
359310640365
209754536135
745840216571
215425632623
303691598958
378728886187
780076685471
909451734288
401278956804
423973674100
443709870550
025081194646
297934396072
014672698665
231821086612
448670246609
017263861573
151891093898
054780053491
237507794206
565763407755
562144368550
553178270056
981466278677
249812965880
735417628711
769940096740
801207054421
838006870377
454972805311
341178344854
397815381337
537919251671
656643764036
614599728855
237426098039
232245044989
827128168989
800883377145
531980319836
237480190974
835246963833
472235240675
545952014890
452788068259
717774116281
254194692762
362213274458
255091973164
372872617947
738243227449
640912325137
561877360675
365631209456
233959347796
396747962814
962713967377
117041532952
557046538745
447890799306
028074366675
357339515587
099309756626
656615051666
939055939974
935268403034
031345868887
286961133774
305471134058
045087090563
327248455780
454030923113
491563678337
260024422367
703303847010
654901251276
223663627981
664615891705
257048983825
911352610005
438774111855
902070956347
093065712996
911144726126
682355101461
214956281145
702619216742
545330527216
213447424266
818276978939
043656317952
830978976330
303696392942
371230357311
805962262493
954355785832
116652214826
547521466383
189715917034
917646841390
536882870337
116531072883
158772689565
487136792944
728349306284
092199896161
259355600201
744651059978
694165227598
814430600085
273725962134
542983981778
251450099298
737219287247
101357128706
343165369873
149190456932
938834110905
836101078333
146316563168
047044033088
850737844266
067048192617
619263356476
769513604498
339194803680
376875015375
323040855394
774146212034
013725060129
931646003635
056846541843
233125847389
208916101315
941663674662
346330828644
263008578587
572579838099
369474728418
917460906947
394551347800
104158634414
288568225337
363247999559
647972552670
504802506809
271863495671
614621747938
823621908875
782540133748
403667330753
259641469142
132067937514
500489327710
454106592335
643649906382
292390127596
933654212943
271392399730
682979530870
961205159147
149348023228
629690395622
432445756052
357134113872
253780852616
329151943586
506464552154
894926292623
171590003641
880472040736
204178279383
872391925341
348485044974
455528692216
712012718497
127909491965
394324391714
279525936757
447254571577
021643307889
826119699191
564252954202
758843990644
450826094392
586830315249
701439941934
765345755426
061287378426
244593310187
072980847549
150175309464
377885660916
973032602771
257160008343
380204618115
748715829209
376247026082
825695515772
752898608216
507829161217
564196816770
741836816770
850327850595
552759568437
308059881204
945552069629
462124163605
254718378568
485593635070
437297236921
932538415305
348258648727
259052441684
599343956646
867816069371
658975816728
526695373683
488814004666
594209021897
473472682533
916398560008
179456623414
252955150562
040021356650
895137890369
683009888582
084395453290
271856147394
060770615224
285168706294
812620181549
557713989615
622943993622
460162686793
006720728350
628948247111
475395965142
165532898309
322018902091
594632884866
169221545273
845204236669
927347805911
144288883187
899340842527
961050790476
560879027478
776101533430
539902042933
936490339625
683731536789
192464422700
801563674535
448029118539
806746247186
007286331910
449678590204
318463963901
128799901957
963727587959
734921460456
254395927821
893631786215
749946289042
508467402472
334944326636
300170372923
852245131240
608867202518
515654351147
259256268023
029848511781
773932047275
045493065694
551253707288
354678025204
985197569276
175001272453
063378024720
536437622954
133876527527
862035824868
477030451945
197598640991
065630163530
542114782719
532482276103
974264530010
202537083453
252466308579
799981461685
987233316459
482082015269
295906223271
885229300244
109206673637
714840697459
336724036882
527998971238
210961352676
407147111336
229828107713
451794978656
080929306573
615159439232
572525184299
600651178410
828159173248
541851888557
259615646677
072166782687
190686029900
684697191396
376155620703
026496700970
679650280650
254277681544
071172993506
976982684724
083731162778
033749044281
653084155921
063440509495
236723951437
414385917077
605350088896
248175348891
173644407334
492399147360
746658686063
092205213123
479074119779
902655504294
901185210315
921337559609
901623385970
175550242227
653678907010
755386930578
972080498827
707318849034
173634123927
528228469330
229382641136
516645546178
000746734281
584917926795
440382016894
301482497529
258447881699
470389298491
927235055177
892720671645
666629248165
622657420612
936447143052
392509271509
295381736405
940412748504
997375153054
489255604176
000639392667
858043560855
801973230665
828196687169
781837169470
386725616123
581680913611
382642538330
068159500712
804630030313
271424984909
209783193288
228399742584
507952626280
546345501459
257134241034
913737341271
788459052697
672268366509
301614188357
966076036536
403173730784
598617175151
050938974646
457387404650
144928531646
708473842973
098589919672
224660837302
615250741627
557039146447
784828029146
316930346252
670010855371
512468978809
476385496874
928600908669
895610937520
506902119372
151825597366
414280579679
798139594887
035162904517
259585748671
989801951101
051768968694
064287980374
382290483775
583287581410
480259172857
797196551799
681005549198
334393210365
444524308483
463064980978
867245005634
519400283079
651324193548
291680029778
707921588068
380180694323
027346126752
595481880958
525945095065
120035833601
369473216901
310425305987
257065223408
202599512711
002864151107
721214394801
115946192732
177627507517
617969445395
115619256222
939294066854
733380319899
355377867515
233955837481
920619346414
745898481647
501684635241
366377449044
912917302258
423894058854
926467008334
658829641866
992133780321
598123335278
012468452706
350896689537
429409889915
355799334907
280424034592
499584878359
443334733442
951360285730
241034299043
525809638851
720865680368
440296035796
363170298945
769662141345
666692447792
058484544095
359552268536
553708509182
209055200912
970922154108
567051904087
352021099359
536749009854
332056312827
272962683618
914632044584
568325603329
797322541314
445414549140
248889712439
241008084654
128874950325
209746127906
479138910250
878982071334
665161128398
885978910281
865626308014
606813947634
216502662854
894436022832
602374174766
169331603231
931319069992
194847531102
027098827709
552070578911
544504250715
336236755387
851593302505
878338168580
821171285927
344862113731
049424073417
115311153270
166743054744
858003790070
252873429207
951338447397
700038078987
143502922184
884078787767
628980810211
169816506925
040481579007
549383869220
895247788817
940448803312
710181652385
331587352092
548429599414
730931041331
786406704404
039196353435
860746580093
571258496106
737424348131
021381920010
040893743615
143164896837
301580291421
768661720677
264312762824
239742409420
552738194256
409487522632
266449172004
005782763210
425022229724
125953264100
782675215361
813746558932
606667111729
300450805978
514058282516
283999432797
171545357408
533737081195
887126882461
316694368373
687866777376
053844099144
030897390916
241372673579
016893330716
920075221906
689334189530
767028227582
928817086974
842780003991
050116791844
131153521479
154164393617
003549525213
451993037452
088200036046
442086377978
199398395241
597391646077
090954055778
328713390682
638995681043
943857994985
157760293996
848733058755
288378300204
628036457633
714607469049
562873787454
077963827751
882319738735
061381984839
709577148567
494606627644
890396120963
072975705750
012803943447
299586301775
272994776875
838445424235
698460015474
750062691914
696293273112
164756749983
036910253298
724114633176
825733495808
918837721621
338982087145
902571658516
306434941835
566945168062
011420366169
134789982392
997477683033
809248883267
103431679649
101559033210
481938167562
794129321304
054631152491
444407578195
691499518357
996128526382
008435740532
239105476917
679815662298
662847558690
187978852366
105530681893
746889383289
095861312461
479222358535
586956158676
629625646635
374168927533
354335340925
932957269445
455259161001
346055510376
132555708702
492403321817
238826291445
283192593621
013376651113
350453613235
876501270211
054945975291
743213823918
164204921849
288113948961
134274843156
960480324452
393043462923
149372168820
329624544831
844959601814
133428915670
461398268814
412113155436
478866431189
272698364827
036173997806
911622945815
041289385168
863897163012
121926346666
619674734301
228096365373
838788749769
909584499348
973268430947
622099334891
828106273797
665810566468
555250883537
596063056311
184356660873
240651789269
894655807334
355347663591
789187720213
334234677257
929542576495
688688849248
824552368187
960556543733
191818251481
665532017261
912712812426
570337221138
041784592284
456498211432
771783774565
347886106123
589848591690
516790605653
742818066143
710896880498
350163989878
379433948625
224872016850
824805624580
680045252781
039887284018
973386568407
781315211064
032115421716
584207243399
944550883646
514094784162
075712979120
474338465613
839038783779
297749523059
369604198606
130638899544
300292264892
858763106945
001210148749
090472660162
282476900926
526588362111
199875523711
594865116452
246164867611
758363887034
211708572579
388442849594
813219159088
690160017432
423340155020
679986439982
282972974257
565877673023
182367612458
904829369089
882109450225
440329123453
037201232692
998162323163
735513453770
369304644612
987504597016
594453084059
711131531919
655577456432
485883639950
783760995344
340971965967
067407430664
085550065789
582492126017
895418901951
336140647524
783161541326
652437024935
128234471378
697449490414
231788660886
834214179267
903509710392
652313574904
077854616166
367410432992
772740568730
533821516764
617970872988
317613521483
931865186130
247061069073
081630116429
049440716398
477574643243
447971876450
344018891067
903214737783
812767935262
561622626974
228157591995
416546413201
902470251576
512743711955
459857316153
526327610792
930837872795
526589304368
735320749263
228032923662
159426224176
854273134230
980611211054
927995901698
289556260860
753903725336
342453329884
611750930067
555330285178
708686413290
034323808904
369438136270
470107808554
259203244142
262936822140
124587428096
183134403764
767959730607
770921127554
896677573614
209935850647
625865141825
167049330161
034360189799
929077472469
813105324978
750418407554
221253463638
940893130836
856067831595
040246752119
709555445304
179260147823
657223894637
677501295786
469940903044
578197005829
230481909637
520801003375
736358689893
761097537155
106758028719
204152612543
370213538146
470662882198
010600842168
361597855420
354707920737
548785492078
921023258894
869148874383
157569664755
177007250850
132627348865
881626873033
721387836105
436621155182
853205202910
321117095258
406836525337
852732508016
219134028373
272320915359
358116962876
799662654647
562164637483
892811467292
516215103185
121677371087
529481079634
871502228972
793620781802
079065103049
982549158505
531884016039
624504371732
107352247471
989278509345
885760319577
700401600230
674922303545
811583774070
451347948269
408143728161
645699032475
214541803291
009390863667
274541500095
946930008509
933386465821
671355439998
543965099395
235777308834
841173106252
559214361736
209333496047
735573708794
235526857419
145614038833
338920015483
308679106118
819744322593
494096755656
253405065226
338269184320
506696836045
523485700479
770065489274
271925572805
170362080675
172377367648
172100127303
123254684072
464561733242
190380599258
233582505408
394272736654
742857569150
550212807119
957892689261
862133147660
008229641866
962360209373
430162734709
325903921837
285561879994
068176064200
245623981652
224206172006
580043495972
927809387124
853065669476
974297622761
046910599290
201900120840
832254059262
941202554973
918361027562
707532602037
355545150000
960216667350
353300167140
148478950605
867052900967
945629935609
914406156285
551309032848
704914822501
950657573245
748646613335
505936666359
253547755562
715307450704
171715223046
108794655700
793333763523
308915141574
597522304262
959042198329
407356211291
092000387319
769956633091
676069227539
236043479416
081690331643
616370026024
720254086056
250674391491
687831288422
283298479614
472728057816
712601371633
657309491057
816015617946
689886310475
647978783462
829347059617
165385018780
850867249519
917160738313
727980804360
310682292448
194095777770
678157743829
737803041632
093319377103
713110506979
197795203328
424239332199
238567386425
208369696995
423146384698
428862862927
124467970075
831182495925
757640212232
406549805805
471840680705
378840863549
795733951185
361921807093
232936229067
205922853846
524151296503
339939466271
196815793934
669517610076
096263365253
527322291873
335392673544
521339067243
230308962515
012036213125
542785647004
413489102832
000288001251
802779341244
287149500571
678502151151
599221069636
282227453895
480604201139
303438106332
275388967143
185417323812
779001950327
448325799656
303835274804
550859152264
798200513220
898492969014
836689602946
421152272876
741368183362
732856473698
782209999199
466541611563
499353910071
240920448058
144755900469
779063302705
237637553903
945543589763
441608009225
621305599977
144045488736
855397570323
141612655245
319276393391
043880229363
325608624932
433549803200
953679362997
847674841820
927425597196
698864352275
539613940186
370685791240
910163040692
088453018226
309657118579
463529385116
277750415791
222627406489
236263873800
349408540220
422731069439
937373349312
071189809527
773796423140
531307206958
680895370790
964511822125
188247954562
818130060381
627863898012
665939367241
265716825931
644652963252
574885832684
503610275567
306336856338
540112525051
899840241493
359098823851
195996339903
941560965746
304395398440
669431164624
328526766051
253998853441
345379796115
483073250686
655674601476
215435460249
561321586369
138078777256
981476058607
711983450504
031562297107
871502022290
066757564150
542909473663
719819301030
722617334772
661561360956
183860872283
947810642966
310924216281
433790501382
580051705255
508562999152
247886987818
937796477847
508158469487
637687326328
263177519432
396846216167
361699392312
353964511054
101492450603
755430536290
720676735308
485578688636
369618320620
157103768984
790841052769
207180988651
169383015752
725106680607
245390084119
811418629774
105884107543
063329695913
927605979034
188160529997
494500294792
026839885625
679528967791
033409047915
698615700186
886635079211
322966380129
317672130593
224001885706
737103610239
212676146819
697473702237
592418565972
823293677455
914613434981
700182252425
714618969044
818516245158
807158033848
670304733923
186020824574
028858288974
141560781140
200949699059
446237378328
637403275406
056572010048
080509159986
153925806930
810963240952
306414364483
140020011932
835736875057
876617853531
920178270827
693839596047
104357835811
928339401784
714863690384
351224212447
181808620316
812162289254
606355183177
940009842517
209801872803
510607897817
703584179688
423220805748
730779401723
030642955913
077599703324
314060136163
744542833763
111068312182
348633326497
457419439379
525424341582
539128990418
750650038459
366969744073
241887131916
849459679970
973548295357
316258464321
309280258609
173165090793
505287189490
810834957220
383416712539
216738278872
142958292941
091008712261
011891532024
566411112711
260989729306
754858798611
796863224828
112646147091
484122034932
084165029287
820028586960
071357311215
190574403785
942959934888
777181856486
493956036878
275467500215
249160786500
411550035023
340893249471
441133916201
792955649265
309582182990
697490994437
639890357214
460394077298
112651232538
068753228941
265624139171
108588379527
162845947298
101704970576
001525629125
499706569145
811386628526
297659233194
845945493815
249738711335
406548846165
841420699779
596104828131
384635282897
840937962961
907907545778
926757781654
441499737323
402393957283
325028880166
746946287406
478983919788
066782589461
654945786142
071186979545
913344565079
549527670029
681816431248
265476295510
073136489300
176733383538
853221415608
300347783230
336517958092
201349429087
649187182669
391575581619
676780804843
314713677431
735639284943
271533421429
492986836918
135032704688
316109837011
534656750455
214304454459
531921596403
064298903021
325150510770
571606746104
434532804164
692474458330
051747997708
504296384706
032863315032
948919448286
594035441645
545135662454
575916806740
170272312790
972323638821
297133723598
260252756956
541176869526
098636581528
513125389732
516493933040
605632767884
764609391812
853221958882
048810877712
838707441146
513582568144
891854737334
645911285090
895196878955
028335091372
109024630779
518001316443
269838968929
998424814013
271843863496
880011551635
029195568851
892659292179
376568312257
760645133704
864779832301
369841038439
789912028115
292327659576
479203470244
384637936345
565298102734
169303023615
088677637061
440003408325
629165629070
365988313684
177334840518
839551466352
777245097936
607060954376
981628720842
232506891868
672820889855
798139318205
721071568243
599427215728
351194924334
811729485354
693904925926
418208800060
114875317802
198054630536
974883488463
218148044898
254419602385
297476416784
115301754412
348278827255
016343635647
353721352692
152326476729
253131566278
119184508510
980566410377
068361037302
748405887514
740172042734
227806207440
075451680299
926863449380
465433468372
507401971604
460201257567
520318172735
938054278251
977447498830
691962210022
031084948670
926174879395
973669546082
965669561105
808597585345
894653922205
571544349537
836173224573
519191881146
961640025709
459842271143
081451424928
179500394575
679974071979
676725903765
864516090568
504096964496
690426621880
865809708936
471863522935
835561628202
453483983189
527933670198
576678928993
849363378082
754797982657
607368285901
426570925722
106599298597
662047111039
266373086986
740337183541
278460232150
337364725474
708465743319
464516605862
577066422508
645470385754
633751948154
117313301729
470620911912
914076934100
031446838037
446491236214
899828917603
159481592569
898598151696
453452911819
168142630189
803757593352
639665670959
357940454775
471003638741
884030594895
344053039582
090123114163
574729031023
511527183107
902460530810
006909972027
165015319427
504369013354
823547245204
967876205123
529025025278
631922550004
971897488983
095855673836
191445447326
167685840479
123287714500
072985878993
468612204470
186415160063
516619765126
493320888655
436776405599
128455595670
097553228336
947156751108
509972357034
536255914583
436925315654
573475214394
910743280237
622756017016
709137356009
654168664950
775876406639
082910822871
510056695322
693597524028
462943625625
669851415059
918274000546
053288177550
719988842379
045463298743
704112754031
968588401177
856901765663
083156397566
725848606883
028444240691
271265748227
029755891277
737129413271
880612064751
322934354488
956568898921
825078131454
665763591048
805653586242
300764389747
409903897536
502162446597
542323762210
691961974475
011159939810
866222924941
581004648245
985359302177
906585624208
601724853155
405649539166
369564476469
605449385660
371353340453
151771063134
998797169773
512857309021
112994958059
288641062750
788253525772
385178648351
123633665096
384035195023
778945730683
539530672204
074587887416
741119270689
432215124399
111968893718
100872710223
254425031612
064196902871
638643659187
890296901361
814047369424
664670739693
924985491960
323692913557
722026298623
439948419996
045386609814
660803355143
397950025753
017993870503
523482288857
537404205036
280088767645
438469924085
037827624147
830206031991
543902505109
510722954573
633100768065
313692271588
082469293744
468103319684
073763851226
010406139687
742138555019
835728934513
223166635223
100150746079
927735202614
143024334716
640210347193
996994392516
228099219980
943526032223
679324554486
531706434632
429025773832
616187060666
101378882976
824967954908
794596233459
133181614099
003554171710
312589002706
120628326811
489342939846
621588078669
285412698467
615706035831
730205179957
363602017470
961085530027
379758912876
621383890606
409568474904
617748604502
688540194165
520344167906
865223742846
623586552315
709012393725
689111593520
739092525897
743269976111
075640426441
614528698451
505633770213
616561432687
499499475341
297435130881
516661474088
396494581905
988970093305
873121625915
095557059554
073731539568
940401246148
962347199868
864086595191
573517787453
497518109095
403639961932
332455605790
349801393277
117773032060
291395687543
271337651443
265612867497
997472446172
850080498501
425299448200
411395753902
999439062947
713238573523
781210223290
421166997040
022660846264
238881452707
838151208288
870809080905
075758373525
023932327766
600378499397
847527686934
978786561802
368680186822
482685542586
170144438777
283887287717
724625523974
514958011108
701650030585
339631571080
459730761684
764048950132
577932810646
450393620622
861010101313
943648795725
959303532183
845536077961
393065605556
731858559389
605894323566
392419516801
213530467071
900884297438
138266302857
322252937599
061242507837
534932468223
541604773111
984523396744
841686896263
664026291895
578488536149
816672905160
030179176160
213406124470
813584134584
494585837538
699667129223
750423403747
985952071309
204826679610
778560735201
078963443805
537258778033
649913433441
559482776186
257966261207
051660020469
756799970676
112444880598
846149867498
626302314978
832523555049
693048441570
133530469846
150864536346
493465094236
658781203085
291244595508
881951324779
239325443741
388778050962
762694078447
168824797419
806448739099
529603573802
520067022639
134659513337
468208040842
091261584845
083743351274
096664082751
643020951490
031205773463
435574699343
198982460107
927435196347
182082558578
388442089166
448873840546
399764574452
918723714949
170588182910
483089364524
756484970158
821137497539
495948128234
529879906392
751838090376
124568078631
422023150687
473539883877
901363972249
467019001075
075701407994
280553765204
584456653802
221325815133
990592750834
142004658423
899167824521
011210582586
968648670490
792207205451
282529240617
574058965353
480093996699
316688601266
452440762326
575475888833
998224614322
889832331833
523045226861
610004292790
728026765823
634813540172
720716332452
104661034621
219114554787
315509652386
797787001025
743415442878
797799756803
150392640952
419889980515
185763723378
050905191304
965600964568
233704038702
448001915086
368532721490
638009955901
195028122766
804120208811
860167241098
505822789360
330329387154
127916061904
699906437147
804660996995
693535570277
329610977372
246957301961
819160958512
311503386947
401083134099
423358446370
613199649606
733230556646
893414963906
281206037133
161558171764
595999183090
551275132706
976337031472
963335353403
844139050287
148768269544
703884463492
253686956235
588499883461
965413108556
927305993933
632519837239
304302041294
985379161885
950689454252
038833780412
601897410097
944490137797
069761486141
097315069494
111147637616
061882876174
430742855880
580642490448
138932862793
259581020438
564292973140
126814802310
878975403779
080360897151
230112521522
130776622809
321133899479
223013308467
971623361814
545305698097
723223583008
799626634303
040364259682
826436979621
979534107507
595125029645
763355067065
196899211504
018777235729
871596725758
644656289285
039571469064
830682144344
529594405149
820577065624
836610058646
244882110882
202643894528
995826912969
728782269135
236621019961
153915415695
365850774129
748198204003
307635646189
746819341092
056729806316
240525331415
592522198206
796970019996
933554202367
073432098331
315623380987
923052209466
991861520511
692077699672
541998318512
147082334822
890019937256
054601186379
787855487002
334089516188
544519498074
500334805405
175524552569
814396280357
291020963602
497973975655
782535862282
840820952928
294579267422
152042181123
549216271042
531988277351
083614954982
854930342231
460162182688
980878983869
529156977777
128357481839
311284924633
587035862934
173563279890
646846658664
592728280968
566466806341
636748596363
706312621628
483512835275
516523412417
741183395957
257117548818
011350919857
150161504362
769580803084
938925870749
274821750540
406439496710
562260044250
812481655893
843481452206
254237155887
432978853617
628152040084
898457333074
644423675454
041135169672
378507687031
421964281926
698438961496
701472255767
394013941566
303278188337
740419767987
067646947196
608517103894
346166997342
966211452975
645576578505
718571671890
631027369996
119816474079
692183752290
986098267965
586235764808
588810609086
737698337313
748201039250
089683916058
214190167461
093792569093
501525781935
309142276262
440063759751
655200142217
389585185432
167744304394
851267146163
246446338507
837710724668
029386275896
602135253368
756953236866
264442068775
092852686407
343463184920
053611416698
711285931024
436249628013
622911704172
482047823412
143996618364
108619655080
546132737127
454644768101
428963680201
614698347711
496000264781
741922269288
506616723679
036086856139
557845996206
406206176320
625667680086
263395932217
952829930531
672139093315
731338391507
703929531952
250851126164
971755877587
963489972127
269053438687
911698975222
555438018755
538749575568
339430239957
622890753680
281174969366
135038815717
023967945685
693477972400
595304983958
215756397187
080323488217
349914734924
912911137036
596500208646
728618331106
002158402354
580230367098
810896164188
388105753223
494816972231
944160046459
644557904038
176796890283
743034606333
519767698476
239813941391
011367516006
399038550785
522260866808
171694056269
659825861467
579103959472
405730547252
705321268506
417578108081
649358533305
872796699554
374582806072
267222580127
599608236603
496807292594
485629343039
820883463422
208104968175
324523057370
526016425542
080864780347
124687123917
677492852772
641345466972
157922905525
330768785406
141150293686
075782125804
000684943139
528731278207
487293936233
978316338647
496493295075
772740207751
896777931360
584455684422
972686017945
558906180980
378385408359
255577910889
616390780333
499040046706
591239710726
995618148980
875527298819
269348072159
542222785884
298444727783
566413458589
546398872122
686210599810
278061423963
075354497329
476909700771
467364500690
416109964710
218552756075
898254286684
323779497162
808990505883
632106462593
953013422843
251799728230
647440175742
326055722945
186087840483
501457758395
438099602506
650676588901
298113927055
493595426084
735067773008
479159698580
441987571949
805525791423
082081448100
071791541707
148809002641
450203741143
125574575448
071986444105
174792464486
809727772668
726307563078
210673303084
601242665114
588875668857
174538661550
052677623318
228031180297
397883803432
882390435935
799358704906
037059041725
577181925345
281886501555
763624541107
100580576730
921496273154
661671464741
230563932697
587814953822
595720476774
441488128374
543735105603
661691246989
420998735242
190274395654
005784918202
728839244058
120526307268
318757825166
065547418737
623567294196
974295222825
740078374070
648542826363
106896651709
740227610109
004274058884
057897103234
068380634427
622440105455
951555776938
624710159852
527160716261
424684659962
953445276545
117841443463
610561949304
986557001859
973993463684
834107111040
317499715309
562549309666
119073554792
052321814063
516534738405
065514302278
338773093890
382140837080
628448289078
034404685706
766902888424
418841655875
420362809499
759737848312
888736656876
263250489449
995156810631
930468435916
626671172650
961609122872
867120047304
771569514311
448017791644
984488415607
553455953831
614048967514
375415244251
869135570508
850361430983
455826367210
668087891682
591485294502
818781348279
815687439980
753847323783
660776847532
227762478576
967253652601
820048850131
846803070319
923883208654
176528803518
589416525639
137783168141
699352024280
024300114734
073656846607
070134432346
032992811408
526920120718
240170590407
742296297580
229543841417
181850365255
545809668483
873064252366
002022156518
240027228463
477343435623
686833193698
615005443468
923348755486
675802064466
006503913168
065469449781
033148212741
787505651573
597695329226
235756434675
352932844133
815398626134
507197115461
879952829497
289742962710
442535922540
689556560271
147579685709
213014158039
895585549064
617243106906
749009678676
406434393375
613970388173
835493908865
947297643124
192982158736
289492426318
407251179936
941352057954
801402329683
440378831737
950768972915
686662103965
860074543990
439554983655
499092394988
763800195332
874606867430
397595526512
073545947968
426374990407
487869812127
469755386270
972346399490
628619086940
307100777209
815757311918
451245334706
764145304261
812975926987
798408920280
641040825101
085535870965
499444292196
487382043281
594650565803
458658369057
893568273182
169139503370
188553384298
764944963140
652655097187
689003499774
120878687411
804336252805
166780626065
136296096627
502075199515
370768964319
141176925297
662481726199
276717999804
532477065902
486261973045
271338097348
937466336840
725925517172
653993767411
546292756639
839120459699
359729413927
126530563294
977291902859
168948743895
221084976683
319513408010
392023483349
430591697844
634724206795
866875743364
785230057733
087270550942
335806341939
520465622687
231378273079
824085980470
908358751035
009111261323
589305355238
704286113458
154864231889
401699271923
441408266548
984389015545
903697424386
010915041837
202181128686
677585899409
293931646771
905188032787
234774852079
516257512472
527156888206
715432812785
232376854964
375705487687
237080767822
726657189609
958419416796
286288283920
787044653820
913917725708
989445548903
070891824112
072112085534
040883121291
195415851037
022521668110
910428204408
992302904397
418133811791
515627900540
228319965382
753216025490
878662944887
328660648102
301612130113
298765717542
490887379967
241123113456
195237466963
046916728602
347103103724
070248488282
472052579872
772646695624
278661567446
477791052634
620253633503
036287783191
972825899695
900850909529
356384606163
748530662316
663090978415
404528412057
410030054801
006460865235
109613958100
138633960050
035132809310
022671041122
877186225009
128735770078
159384007302
273325207344
120899838789
252091735028
327045101899
336769245810
925866486485
491073792277
859204574725
345916069963
933921024422
485157336821
498862790122
133688431570
579864940096
718781936786
090166956710
012819993924
744875509842
826014328591
674041264465
106231680351
022151468650
186321831669
853582775184
634414934389
189104379013
160939372054
162249689677
060314263204
873247415773
947551496044
619490936519
899377597681
649572996798
405600132667
668348991736
608218055063
638854182691
922304805768
634837734382
337365387653
511702418749
014259702720
867641118009
269813964151
665674428690
396642855304
361987101332
817856572933
008303773118
728901614483
624423050967
321665245997
470227757939
499576493709
383372865989
557990712343
099098451707
268295552859
290067900369
796841475649
419463860803
572722272402
248748610469
121611101923
131527960325
551278612770
524841028897
880590225737
413775647965
266124149031
559541054188
781678878405
417656253481
229132427578
229536380126
978436814282
853713635428
044184810255
211714908999
313180311675
296760043427
591040243964
860583092625
118136194143
702582976695
954746221576
242623647657
200356906014
224008629613
983224565605
278234771359
857957869875
007564506569
342454167965
970732281305
641758908935
765386889754
206415250587
439393759142
695823329322
453053740560
349506710667
743165118168
118144625208
513161436981
294022471662
496798442475
440163990608
319118963362
016343335781
960922019391
694968652573
493674612662
138949424900
384546892243
274836590214
046951257350
156113622675
130280664264
132088593429
855344091570
266453681066
888236390013
629514247143
018644334921
683273955767
776120401081
587613137150
979986839030
630982723706
216355402130
650822199880
673791104061
595267136747
869088994232
004564441926
811346608733
143216982166
780170159795
913887228446
773398748537
105988693132
551605282233
996680979488
690258076039
194576540873
604369527978
004213254130
869587734766
961842371252
217108452304
768117255388
025928251523
154647696511
442585048310
087919948441
585714510359
484842064544
797778029234
633413795371
435930364489
270483227027
591005833187
423918164576
980070276404
104030404275
837719977484
218693420297
415160918330
790977288540
440745274878
661100481654
023234963653
373779855741
189911641667
219929587707
964776560578
157054409447
512784780224
024189092694
977800858061
817724361216
145854903426
411523483197
577528742072
593459412984
494398983108
365446872686
918851066129
015999329380
946194754996
389109752497
394432935321
356679165300
588095833884
621445734375
751415418069
373299579548
246845090992
739791296796
274911522487
563860758324
952521611192
762589794422
391599743912
097485844971
432948653320
249155115894
683556636693
018473193020
626525030808
128073700796
294402148951
695071422060
942593999155
280725703680
166368093286
376388315835
088473538832
676528058609
339777597618
737191203084
178324708068
152468946011
206586374056
286561569877
223283779480
058048465150
561725461644
277019909815
822436331582
652263600688
474706738354
918776978571
233417666810
562594977679
988876582002
085595186838
544817450897
958809473475
763842396246
054639693096
507510634593
390668139203
890234457064
502181602425
194696315222
153512671868
303095366897
849931036696
511084694377
529240488755
686881581134
157098959675
777413515938
817737570556
028853233606
306279974175
180356566904
350407371146
209479989015
465561550465
755426403082
136699546716
638682619377
232489701395
449562119771
261485913072
440308864034
576329904249
813793130571
139446341703
080658296034
516353419528
292946121237
876727640640
331979528149
488354766908
155052425437
280536831040
944219203480
224039190871
829164849509
073569229888
408767378140
595042146288
166081219167
590085349317
635768539006
120560624348
166372935743
376463260340
578614416264
037562179743
750991322531
505441626522
502600490421
641901308711
894118871654
712005235101
659763148538
797206608190
381126290532
897633397182
892015326945
525834629579
951853392578
049409226030
567790423442
147701699000
064309870640
604438542531
916903380685
047105527732
654797280052
210567603333
730138773776
099537404611
442211408056
678597740404
635210313232
589878364760
043407627218
730504672296
204318126552
626002402853
610495790341
214055974750
132337092885
508803219617
788037903455
840612574233
104003156342
764120693167
903167698523
386168153854
763139066959
241451840623
359723933302
345803971839
187938277990
892969669159
123570617265
285710728807
091514428045
320327004611
768230548710
626321261174
556699705463
685487713952
839609188708
903342441167
140138718499
555092269181
723576858528
104070236390
083669281743
150302172901
842713517810
881926256071
003906194045
183588651112
587732092161
749474091279
371666061536
271786418019
209486260777
433282386114
587325576403
257758129008
739821994265
385146869502
262930848039
329640554066
187926075692
596736602279
128561109558
397276883965
243881857999
446396980314
453491570263
761079969707
983670172288
662779900217
392697491511
257993866779
361569018771
488270367075
927101395799
111225769868
587845873672
740457419059
649250004111
305824497386
682472523639
034168218040
323355966618
861160390424
469634358341
537948960071
637706245881
779240054911
409841241940
295394208701
484509649298
221205207870
792795965636
736884176012
152108883726
129562403123
404365501615
846434430215
316810676663
169507954867
447648050251
614748306351
558958008877
277949719431
161983211077
055651062728
385714714695
783117181268
339862074322
159337720985
859482504573
963566954642
219067375718
743472947734
726147691762
662002671259
916135154071
016620538198
240879074660
880961858143
006502187917
508773444388
053095374857
072242244260
249640587311
172248408500
614111574603
678459762301
007064323794
979989741837
599144738736
245991684020
669242977904
624081938425
706282364245
517484277533
028821002986
791815988793
482074118412
172154113464
017629963868
956279485725
239571752582
721837325125
525472579590
245949993375
644391333830
105986336448
520960812269
943517713071
541610997911
913008746483
250013605383
011081137457
606877755479
819829093753
834683604689
262421073529
855313414886
976046839102
619454754107
304325048337
662489830459
735883049233
615818322194
553128038239
030821300156
084953312372
075274497430
622341566480
007538572514
330221462762
710668953263
560042038630
844672517885
119215403126
621015952170
137647684836
713537324633
814638916883
994126735131
337544355527
270341181616
336817643934
340134554781
697284725938
084925703012
609678698391
864034200929
581919054282
585005634001
162556641741
962536741493
401268453579
088117626160
622744101350
228729261077
329190956567
974029727102
858566588332
710595107127
162513307959
642395997300
801928392861
082838349866
990757558988
158897526671
621375013101
867889274506
896073109179
619445666219
697237320569
425316667814
848098357048
896574350730
701447072635
828486505915
340866462153
201800141521
106413477655
002986907238
116816725603
392025473098
988842638768
613644839844
215996546845
040368759642
394724451983
925728761581
547709559059
907995177683
058664759411
154617815009
588142225742
799548447858
098123228773
983074905161
091455361900
744438161397
262825821074
143927288977
696727173712
380879692512
069213417505
130929938198
855216837225
081014867940
016999991776
819702897502
937488051722
714873890724
846369789801
621030922092
557806886731
112250183117
478656054892
286848587504
105487894836
394095699688
896224918951
673848357441
255545001140
697465714086
808818327668
485978922485
565499373758
614112629499
823569021906
959709157876
251973736525
260944302024
295484503299
102491379754
633070756971
065317822364
728238244544
576630696265
855823308248
245562359067
840728972940
242722373770
217243122128
793759246717
529646325066
054998438829
091825530304
147416723068
398734692924
271298172343
747237289709
067092934936
703447707804
239080238304
250504001150
557419507659
356055251764
117526898724
626424635512
391975023168
795766502765
103682407173
951905894456
327704883956
679803809489
241590040388
290780265225
425976689423
404076564990
461781878822
802456038598
920456809749
624651515004
391796452926
793830874610
774032125807
803602261607
645679836587
867852583051
856577216722
861499923499
740390289262
011345636308
287411939416
693262027676
137882353370
827611055857
677012403395
451847532153
726455650402
166666219946
096808268525
156853365499
794884891192
629952909691
545265544370
105986439580
913244393198
920782817542
452497762806
216746604729
232001119113
723300520304
467690718169
328439421278
066513134606
623574419756
844485641330
572098461958
384145784596
681340512715
453711391390
714366298002
228554649062
919987209933
501889301843
189399865524
079740681088
576468165493
695268278213
869710822799
091359592571
757912181882
687251393049
642440971583
450890133729
988750022180
003671416591
180295867425
115091773362
044834571555
475861606063
960667893978
128857450619
541790706398
723857127215
611876176464
294997748516
136042969038
524102056713
545344361990
030136596614
744732475989
425410276545
725525431623
579628545636
045516532187
698707670354
883739041303
225017033576
164702107460
396469792217
039468410005
514305189697
387864368783
837922814286
933373772835
130415477497
553449526754
883574979833
778297504857
866677078011
879266187311
584517041106
376712332236
931191168791
375898748162
005863559348
838538346090
984912383137
666731898795
049163913922
620072060410
133610201387
408756594856
659825567703
414813070102
247685478270
605206405566
297562789561
776286136741
278737148357
501094396018
512719223392
406068277253
832213234322
398904014861
612374194902
870993787354
967195308730
815881909771
669593658612
186097372793
980422561896
482647006407
287023933866
167908535478
760092223781
392590174025
924415842951
525705756202
586860664683
781516351071
471842364742
853576455281
081625683572
466302913229
624084207068
398379576493
009858696322
598622819830
992631906549
956578507985
290289620636
747312828143
636203243582
480283624969
801580845562
488232308104
829786419520
355948828106
668102607073
097239342546
430735936102
151198859523
129592880943
973952221430
843777278765
740308325584
218973856140
726780615911
297928007216
035814082261
804157427908
948965582375
778155272417
705147441114
363632725696
534932128861
790206105378
182862807936
833212001495
459434082729
500582477449
494970375465
489954488716
618471304714
335714784157
002218658415
141742635763
721673070525
482438749070
177325672616
798477757942
905794707371
753396849885
183245067316
546085034144
476635412217
680861260094
537595919282
648125692649
015866746018
178512121005
723235846650
993796466630
199389840638
277358060844
142335905353
255760067587
837782102600
631613700635
850822632386
232178918918
128153292894
003218453328
574499141343
251700224666
701803703026
201087437179
925357695051
287468721296
545055773027
728935180470
583174300477
523859876215
842494354243
698263607055
753987127301
887883346883
330400319742
397831229621
285821222415
885645832748
981272955377
605770783456
330636011259
156005242247
156242114592
577728213331
170819855798
889559140551
918566646793
485863454071
706077591774
388556169297
053714864596
198679833175
575537869085
248617469024
763481593677
535060243418
525999212960
137148184941
378468087418
362801826871
651956439688
417149198240
524811259442
709032430709
248534776351
033898421694
866477501066
619969396441
916027739480
736747414802
005003313578
463572413025
401780921089
854578280989
185293914979
792066539676
014963613939
939719642109
171096546603
059012491325
485306184908
068792163450
973433196757
465980624804
220121094583
506692808717
275771926793
890711177437
021885590318
436212963710
483008439600
658639205926
050720327246
297155548557
216662002212
842797819311
280161943386
053754384666
294583588825
618997638790
367529694522
610989264982
939454143538
289572142481
844456569161
251232532332
113790554759
293053141644
025886573927
709907013261
046938149843
190380676477
427124602199
081801483890
540186141754
516939811446
474322588429
172470370722
155849132271
892248803257
262601237038
589012043941
925406420329
728457303040
261531890503
396461710613
174173904547
163368181390
257382493903
410524441433
048265659578
627913373507
675592203598
446999008839
434198203336
488692738795
461076724753
911530678563
907463050953
293162616019
755523792174
547965735715
201980199352
171153008723
367343002249
972675620411
770745514836
649550581247
408027295889
549368038574
330544574084
361029019270
914368431239
952440061484
282344347235
844716540319
883578172302
891557527634
389501888712
670935986151
370347382761
745753711492
296515012052
180157118975
361491147048
814791035151
117242495447
983154448609
196088017268
823536101394
423023343309
241237178663
735822642881
592054802916
371807582106
841424365677
223269362290
073954286693
581750067668
842520511986
397907296643
217547619577
153738950415
202140386065
228842868747
009036727587
348590599238
808908810689
996286827973
787548747891
101822751169
770708502710
743818296649
739061460521
882170591019
965012083440
656240327832
561072812517
992509199890
464556168127
405892254288
256362771788
706486484467
581577420056
391706790154
493147960402
827974930813
203527257535
321614822625
212751245615
365444029673
333030696531
608333693391
361239943821
679046228416
403970576919
258621764336
550097208350
385246956949
255678552780
082826479719
766152112556
245612517335
473205160496
747093702115
207137683981
598786804376
313915789010
564714971230
176073913962
803920695492
519988277640
140293842443
856532524815
292623260794
944106900188
857193978729
255336597510
865229954830
284096000557
870403373853
317181009012
154925884016
092045355778
566709270895
985945969273
303853231131
101852860039
879851285627
151438131899
228919001536
256100463111
567106762095
761650752374
244937342345
233837126650
519936287810
406861393184
639766485261
914035500928
057160188131
221940556366
592497723761
036064210988
254530272438
009672117575
217147487564
392790241340
741260955417
773187489972
261167924373
005189086682
217289527184
223894209174
985599758434
792289520639
802923989812
307383709706
352541407604
132561791679
193514662428
028435053572
962364508366
169005938588
184677685632
781899427933
868750924016
429968726062
949714508109
812894203725
342729469839
364177382981
894525176492
376038020281
797216526618
589233340759
190180944997
002622293798
185247627730
503709065926
669040174974
613928156974
301826342248
476133774073
335109319706
433696601410
643565206131
521015677864
635732321266
673218014038
232770823296
702196573779
088646397570
753731207636
576786258144
884579578640
346306170983
845574273547
364826065391
582083237746
472963695907
815420090446
247720235024
745711608722
572827441947
630368277229
065457126380
534465835881
586917178451
488845015327
260970167194
121097215415
993382377129
624078898956
151977089528
974322074919
292869234875
959254737368
827132019038
671231957726
007063855585
831422220244
643485755040
053132391859
554019788022
871698018387
474004686158
009129198168
109898109216
964508658985
236037087268
836032847260
117543459114
647402720484
186737706599
859395690534
126393132821
705200193395
171366039310
086288967571
935148862737
166994169177
903833079960
905823298829
995362545640
351312890214
462285232091
759469991673
444431452639
251045710568
825618704248
569019732819
316858806964
587398337334
830053082616
732940088746
392048015633
863663311186
740509270229
633754698842
147899436827
909396329798
887620290910
293995201441
553168955960
615225530488
196892597157
390505157237
098238207874
439815522484
764241778673
379288247824
277932669382
827983067131
389778510937
160423885423
488249021674
936415673764
180497193443
068928075174
605074276229
954290186870
647140627841
545933836278
450063128481
211666961924
304012020857
997183476827
881917777524
987023560741
994779001968
407363743874
891587974564
693576497755
600820430479
656647577534
965719048337
059740394317
829596730117
509874438622
907021607797
204600907767
844653328130
107523458316
147467429773
949428178200
958898983871
687144808839
790090727206
641354017766
530357744499
862879822879
618303834253
400416239494
594466547304
548300603514
620155943933
130726819070
560920780932
248471956501
900071115924
045612466830
547818265623
686577918500
412367860896
598436246135
146381856874
972409698480
758180661151
820522527059
562949474293
381735448987
088394449711
691445598936
851170671444
746137754875
027474443247
353197979917
941108904468
108616321761
692961857470
199598586288
356417132659
369170644316
321001066591
243558424451
568028788597
467013499898
976313390293
456634139815
498353116598
801856843789
669135892489
224572412837
057299030890
776543810824
838711943966
696061461506
606600493167
936258306955
461151497459
910849879477
853323836665
880939000072
898759750801
999324515816
734197127336
255691064329
991243949904
783081124193
667865521528
317824893755
762351461870
355579195600
432106665833
774299180289
705567890363
536719296836
766581249678
992837346253
646980843022
240421660233
056039897687
391929844017
762243411084
022277905647
159167811590
804676151433
121758013612
425878796915
997010626525
948313078584
292097620471
159708250311
860467186260
570700482155
943873474328
309894493298
749415200916
894444958279
963473897431
387312933295
509493008704
696678518233
047957404247
595649268090
579688934090
357072330310
853700051329
950089132092
417852737353
105570824782
041399614673
160454769271
390154830600
823928360870
099946492347
366950619676
468295274532
979056536553
434142416823
987743932684
851786844694
026364744285
368469938012
305533717247
976939548194
794749330009
868287316385
011926109964
189226850863
582560393293
035438686283
449688731980
692545624872
410387162671
258487856178
437280578701
185343660980
581131011112
320054627424
478156320932
635664674912
196457691078
848514015100
076384545479
064536842523
312651339388
606292616105
244361091397
984751928075
040584721727
148204303794
099520109524
658625684371
025691187834
298728191365
040542014615
200097858908
246428711895
649799448521
163374088946
797351825387
182052055750
397661618261
374843101588
836760108905
413753229731
608522515239
982188847101
744072907245
235658404186
644727890185
666735870778
998018956939
533337489989
394150479389
637533060902
888412923474
330990817056
780713245437
443377144221
957424192249
048651538497
050025996271
458680401272
098938261346
215159592812
507694104116
596210001285
282441220216
347401659009
302648996394
572121006158
869023906616
039957286182
527060056518
380084425373
541116957015
448181393609
208962277423
019696237284
427725912360
644306644207
361671562432
579893910998
235367622173
494927404610
496584410509
855511461592
206168484760
303513661434
311894627784
839976512904
045464957809
086285583952
174649724429
775978289823
526247962660
391868014726
292991043641
298469219730
014545852715
988322473576
554140528137
974317769022
878840554439
177420437998
530613753493
274609292125
079774201011
768639597678
071183671123
033083693028
518914598949
923709600000
531030589133
658329861075
965245826860
510950987894
005547984054
404092387495
968026444641
209739791970
564346053645
596087205446
473631143562
107224034085
134862961983
748435968783
583577811435
697504178328
293461277581
088301343337
433288940450
286296418670
093553013354
542573636943
991819214551
261933577653
823674242989
895118174971
905462084542
726478201232
251480747925
693694594643
984147592477
227246213763
340280462047
407746220897
790429815165
269457231228
785000152470
657492812127
766467703070
515574533435
632869593396
752370414568
703154614750
155711742669
097422990218
512603838848
941072994374
363424894169
878853315271
443396371100
131621040693
779779844447
295687897342
147177743973
193337241827
416978766519
962572712306
768746394809
535190084888
079726445241
199154641833
990374755351
797142408146
795372020512
793599717636
547867498409
889186127875
144659241721
035700231782
518930808603
776136966563
820886026944
841427971661
961319549518
921941519571
310741241194
351895148897
244010157018
649474435282
382261545420
741438255567
708882575351
459593982179
076504209595
680930012169
530768757701
726013677658
396718394840
352668297610
036555735696
239530591353
967963532694
455775922955
726860932753
538625566872
101120683259
862167907067
469337068724
559834060311
308637585558
949279902614
801083584476
267336206153
717473959468
355343880478
421409462690
078270715779
945371562440
674634691919
074272500975
014851423325
719446063873
347967578728
390086624738
928527140383
611461637438
383493136125
802130899854
414087432179
793418204254
845989545627
976749882485
697647085362
397713505004
974278558404
861705989728
561753208200
307809751405
079818097161
505867675101
487872860197
540570160266
797441586480
298504685565
645633477877
221116562732
870693826496
089161899130
534740125850
934193658993
941244337414
734717943143
657216004140
697259690672
206660125657
395655800692
070083991473
110145299876
732663257261
908663333401
507837602590
514063366663
128001414953
123832509543
972983374090
911092444167
345638410662
884286609812
321611605544
914021368227
766115756594
218396494850
799725393380
122385283687
705702137669
300760294748
998493861959
349644017597
583832695371
728257682313
550127573100
125396214497
138696166752
766606877738
918963144276
755274847856
554398709811
448323010779
396266574293
142110887549
805944246764
067077866580
273377597195
972998595365
877664673736
109906859704
484446277764
672286428301
414048479381
810328380390
995317927258
286552216908
211309972553
494684401258
098365694514
314198880441
462949379728
777526902796
375318725366
157546894265
772125564361
481188360283
264181626728
673011322011
209251118629
024644957158
152627086147
283499979742
812536557923
246638339066
700128154275
207193581392
950637652939
414120304021
863218649366
241010036850
999058032571
762373318874
456296461147
624747020733
245503729730
025767701479
012310623837
231222830907
396105036162
246750383158
335321867984
502701414318
352361475556
222680952188
570367687251
970486033889
074573895674
704697438583
398582975445
519553779270
597269305051
921742995519
415350824515
974991676038
662800393333
731193389675
924188455136
212986004824
066026106402
981437804929
187782399206
440376469227
818669089016
214285127383
753220019630
491469027420
165242965996
720052812094
268744368048
101244390136
286489925161
661705070780
344842506582
535186941939
068283889725
481905444219
173704150754
731130099589
360362808921
824385784851
928902771868
282412536248
766894762767
027662611807
781689188155
142697038822
799574230647
290248995961
574158979451
812716017066
660233242577
812252686774
359225143009
214401064507
344573777654
476901119641
283691672486
212116324681
416482860293
436258381130
179831982674
110814125157
487005660109
851523843919
738365451598
150551831678
090361906662
733910356554
403805951522
852050896144
050202931669
081090494322
436692605416
756776960511
468589226639
490068190693
900900222713
748443047159
569092976711
410707417044
489779603688
385978271721
340452602634
612209969551
087097068606
875979624483
570323258137
413468570703
618935541514
259534072642
056341417423
240147869486
047465807717
154881145362
003323798565
354878722430
035521076301
778902043650
488873049923
384616652323
675664939943
733550787367
124768042855
240429590867
404901461363
812064538594
579908341219
266077296067
093539564317
042343223942
252354095642
075243106073
747556274949
289942063690
521295657446
139462251206
045051054819
011419181344
360702670549
242192449261
195088108609
457119892673
009206782054
941793224485
872546420824
599228328250
039260017471
347964005163
463709036881
272276360977
481704634215
831472969788
563810645060
309318460082
819721943157
878460121519
148643584910
310738870045
520816461807
100921401450
614888291069
875556414592
952491564897
112123039408
790710663466
778673448713
323114065899
300573465789
408756842763
201627935795
641662992993
204576018269
837775189992
820723589256
132928032758
149224656494
426261960944
829132547921
047274463569
902352287637
204158931169
083881496014
788601796227
598986899725
159058145643
951424725883
379512869233
591510568419
316431968947
641759301331
510119894117
098397668891
453948418628
421760034840
726665734888
308637777821
477791302739
709023654337
283698294461
195288714996
946892723046
933280270890
776988364631
743728033216
362040329521
721116970651
949402000992
150035498047
643140154001
028835645067
205009081500
193098325344
430256375687
325696939801
769794457759
024212685884
611914779738
672274865742
433095740454
043462867034
033101426011
332242518261
626177586970
533873958356
006545390146
797276086225
856235786398
547029210899
934476491882
033202928326
066881702736
066151898825
778626730448
461193109281
232357258975
973037816031
036675397599
741214526169
266504205105
339838727298
551715361803
788417312600
195421105412
200674064444
331855361722
664382370003
709661311194
264988371409
605501106731
107537227085
696560103376
381959684019
142979980470
687620332195
658436257940
119963145177
631608737205
129307162190
774968029651
278523031756
255946073026
204252660675
326582647334
319395990987
187248547560
354506240461
575181775030
299187576436
957513868422
384262690245
291209403689
101772592975
146982998045
208843459344
934124297829
053022686989
944893903290
795693227311
425866533656
361912678639
911107953417
866665714753
970504749418
991855516168
550431261743
589598755133
818812002215
516236779616
719506443290
098194901990
430402900849
914137517070
160192401546
082631301752
593529465191
428288619894
475508974394
183149321430
315868918799
624223702741
651022800026
974620656095
037950677732
541702200051
769701257404
561483981358
551379354927
854958731345
965876048825
578733436956
108885989210
996091613987
880962272756
228743604128
829290573204
215548608964
592462765009
319815264497
662232317277
245564518662
965893701056
432321884306
225343224022
606618605255
538884315051
762602677196
345923819989
094044716204
316291549682
218432468140
670864177680
117687649805
434237202930
359270330290
088391663892
725167853566
145970074279
302605598635
580411739229
595708053347
093400712194
844484092616
368165203947
686508290679
708859187454
172816624632
329347985684
648296901929
464090545163
503258382595
911438894075
464245586201
160701461016
718609342265
662738848637
814860717471
571134808243
806025162432
399749048081
677318810860
922786538023
687672846158
986380550817
530238482014
251020788780
921036145221
895164392454
176288013914
775590087048
894306351438
639582913788
337532431596
048362903845
934908412771
523728653193
226010226296
043560738969
849662951644
255445649941
568633188139
591452876142
147263437902
975329933194
600109725171
554845182762
559065694985
069500690237
876845146891
284452448188
742189004828
899745707773
066215532197
114000623628
202183505542
104220282759
166810150376
920888699988
015928105041
279564809224
174803209299
760269787559
334657680771
303086452603
837697736285
452738318329
938432707368
166405663753
306459402690
081331891620
844024343251
154863856624
300239967704
105400243646
419598128426
921107684002
147914165662
781930705907
597915900059
745291683111
269627534334
985462331363
465238254547
110055173455
254904990398
094247310266
281678075016
498329536378
160203548994
117971879793
687918723917
752725113695
274746848386
925709492343
633242563024
580383440370
480241649215
846865956320
778999512864
685867204071
579238763360
540867204948
243796248249
252086620285
538468140259
820112646894
778122165759
037325550980
490592394996
197168512741
634547690092
288036785482
490550123625
733429375193
137464714603
842823027504
489853711442
426055307457
435092525282
719449679256
217926754796
093152735821
694725010961
193279306745
550446116849
583329916769
243515967801
363565682531
702213070267
292940730794
393414295884
079814358801
856525131766
815221234327
365039389553
133609488180
836667175801
302933190685
747215084555
394619955561
797857897393
532864596941
435566778065
391895937744
015368557028
880696017891
001841941459
834935533969
760741160378
521951044608
014749434846
508760756645
321983472858
240663714274
790682678540
696476027726
618585723833
824240841088
014546270562
127313235851
615859068901
175931096102
810760686449
322747436523
050981956157
589102445979
629257565458
972050605720
077620655175
442008031096
259830808321
668013009002
921770972238
517046598346
967848908036
203265955609
250433873314
554155094011
439272294149
401905199652
535010641778
011973788358
384313558678
620420060991
839803575734
460726165876
998627312628
384396595521
080147431305
803688364534
191482640380
784242010210
638180234744
942602280265
237195750806
359775228702
979625983406
698143205069
236112566254
360296762308
333375668274
160588868923
764708102304
345661724471
317554998633
254906995917
669658666118
639731373746
039747203126
901648127307
466715585025
237608653490
203369295888
007966416709
891413426944
140496758008
601906106194
606931735183
822030190173
167126719328
875427732961
152909435928
526716886053
601021378980
234103009865
713622412065
097041888539
202807110462
838680486224
685010057831
808045559249
278849696968
819569439723
524536564961
201693947020
937263455604
848523839143
681309552819
315753297881
806961274532
079051989980
639335671451
992723833582
719675163635
498776029143
574804889062
470532236875
948087881422
896875038480
255806084347
832426768000
786797903028
711644028811
714365765548
544932194850
223467824661
685230783132
733144798718
833111904567
275146915453
587742099527
970784272761
420730773177
851803004945
574080707419
318836441211
594825201042
243572925242
178028834945
812157256666
096761207902
095841530192
830170262509
979457084899
640240581063
868619891133
979260412841
097433913814
330597831175
315236125805
783524912651
988106223503
934480889645
725432405862
378722360710
776250578062
316015621526
255369207135
873509933699
379042913693
712474561291
001511758444
758170958876
499887214986
875234169997
502593101032
663777832426
763303415402
005862281118
186145434761
939535577016
089279136722
223168548197
665506491311
601003764810
002144893701
898838036473
599798667306
466848481074
768562675673
116589009357
496994875226
823192548997
745665717601
577203845899
908564775666
329544927062
811192683427
862447127302
215530651058
780439346234
864336233612
299374799982
478223721208
781292709212
538218843656
841093017534
589049279344
664584708815
885730092698
841616274099
679821503832
853855533474
611135489039
149292397352
782339057238
674586424568
505206836498
343679565375
190167670308
655090018747
644053692290
431773013844
504465115394
860260817469
697598680791
475256195450
983146547349
837904682982
527113984221
805821127912
434000354746
710826134872
655626187131
990488883638
125560186643
794577897005
556098552440
039209570314
520234486444
603097735139
216463128652
927354609850
637269005389
349036320807
348822707297
891516363549
377002352387
144833541692
081514853334
341141893753
260742243441
516585871981
516107684157
179465756010
742230553443
253009499312
763524123683
393970887651
738528237925
701183521063
798837604102
755723302861
543730902650
610644203144
147052369869
021767025226
961658494450
569056404521
361841290894
345459482568
549198476904
556432922158
000060312885
688456184953
166107004480
363661387782
028641420837
374113749784
258136904424
009702582195
037081142771
202997280024
860992008753
169587147179
704695293450
682289457042
398175582601
598425010167
666374866518
352085965093
074188143836
760526443977
204284026322
527569494238
050983905237
171755336812
944054926137
858939969269
308803829360
460041616482
493110680470
313163167509
405014893067
374175302326
663009093812
151663933690
160549742216
493133083007
418683921480
924798200272
803576363293
945666607524
994295596807
120633724876
430223949863
090417321881
087421286334
372436001317
216937122537
778071269719
789942273650
346795135312
528454330272
109236543371
515500031991
506356160052
683316516681
891155243695
197606132150
621518899088
372571977371
281258860202
603581186777
450869397941
982543318517
802083264863
299064048354
428551791879
855642612751
743416422664
311994902894
634165673513
280031323337
277528525578
332516909408
586262746439
150751702455
250228549638
930226954777
534121345042
612640986527
294256126919
760323230625
229991734117
300524816335
857189016930
961366452079
166114805183
114802122290
523198067025
743584887475
423162881791
758678823364
745851233896
987884975763
989121922198
508923775516
295396248903
478789979309
981907115797
743132975432
484055272365
671646088312
984085642677
357770844335
930294508758
748814231555
852386853595
556857362038
337445505977
778292756051
880601624926
798770820582
495384993883
879338586304
219437411179
853792618010
529309315214
487484194423
113365087867
495651814313
057471287620
369847801937
770359964031
091811366359
357484586225
446675036768
629567954034
817077887090
035125029977
262833478706
371126381153
091196281380
486644787327
914738566052
099267964950
093105230205
912653465694
414544494184
425249868945
268138757563
216679423130
502102795713
355601545248
750515309476
639302375420
163846664464
400060763256
975978350860
962077471510
937472730723
239320035030
618163215660
055584626385
350597373570
239798908985
864582206669
591858266267
816418677123
175923992212
921587630898
849435251647
083419832708
085712596525
410515429967
151589614880
555060848671
374031507617
232986681965
400276712954
681687546006
097370778834
424967572514
505455424835
284777685267
747935999918
931991935697
028627698230
522132236663
457009441869
114946946409
541215969497
778751161456
423231791949
813664241031
249493716278
727417040360
354558160565
876144780437
534144878659
652018517897
792664278068
555000748432
692637833665
337371732870
398258238665
574092728235
111545256643
597908597433
828390782087
442249593784
370236359774
384113001643
390372967011
350820662302
338768538162
679559356613
893445325006
734426976282
698048489396
449559999070
648047333884
143947166111
573054182588
642940417864
147001248605
747482320197
790539966324
172901099343
822178486414
704611327459
749582245155
884677455273
720837634480
643884483042
317301430619
526983660505
884455170896
679638732248
113827695147
579992816931
746556344336
604191287419
317977511370
224639329197
433007102506
266185493968
514209742367
079731533210
401878731217
389737985403
180638002482
936235849404
490867635354
160643014682
700750983585
428575924023
286987584967
022026547899
207734438826
870933286838
815451923266
821546833162
486821246967
088241222397
312035501484
511326887578
988341020326
457086244586
867943006606
135887496471
630287764251
606670054208
293203753125
220987368030
033280169173
924477491830
404808090144
682057483381
000873653620
717849453541
899713767870
546358735992
939733146016
818272250094
845386693970
506446856107
401071066501
978319617489
971397736365
149337495407
918983674891
847360000672
887266492043
254700514608
726163595965
057515625349
611508013627
764070060554
998137083499
560823491588
251139491662
759198666400
083777860035
806149004618
940424069783
730649532944
931238154765
435164355525
162917175484
711529786213
761949178010
859410520310
291715252258
193827704222
922809479074
149104397625
233748443491
254929558541
846992177242
729744156995
056938063791
498300875278
555200006688
568138394388
158331555146
179319820271
437910497678
563865985498
124726179790
071622071399
594684911147
696887974793
070193018342
872929888933
369538914949
365560373787
583134777149
650780048138
414094050738
029105205609
282333055882
718670345371
551898855938
999763997669
821367403649
029567333883
609824841004
293565796202
695179174028
845033308256
343417811319
661547683791
382308314851
154524566249
948143329192
885549205261
465765067165
082129980861
827903986380
813054042309
537012919457
732830458242
974767032617
063566516282
105544881876
884575130408
952973724233
821284185969
277674666136
239225907261
173688740252
880589324590
994071190856
164756766228
127928003091
567001237061
480304736117
384040798519
348733372602
508477756859
782385976547
767181224152
923182958074
683951456359
662631737630
891818214471
535577274353
007413935319
746904782349
965743688873
241174141034
544504307121
680944069574
548124133217
049047240163
362735796347
136823476268
698194668714
926992525182
032645515410
894866693279
320430947001
210116530006
391234988745
320513533780
089618517831
001084581681
210684403570
609196138034
555822319032
153341390571
462622492196
003910443638
765162184709
453231900719
777194481042
161099365430
376511641983
678463700212
211449139511
692686406194
423948792587
969138623989
685125548743
728330152194
382476739378
569066214491
910749975091
146713266181
415548367635
301050985855
979734352074
993493521249
063360477868
657794759765
246171122842
781099105779
770952512553
937866361823
344735837073
650230594139
380058314945
630300493074
931112150599
321727276104
795173300830
257535730253
860544511680
527654444760
188835665045
140201704343
991863845922
253417333690
919818607937
655966749859
629281616637
825618804690
188862131091
063853345543
678974850765
302769877188
232799373495
856170267954
217494617053
800753673679
514710371027
164843574752
732604596572
177370076377
073145285259
022585356432
444497761442
806809013344
006304803674
751516615874
280055495615
889724437429
151970007095
960293516322
859994155630
514964511706
865180455654
119936658884
354715661085
314160528462
639874841444
814066003956
185513291064
048453174656
130737473260
425445749327
836676530924
169261202735
813662707910
470281143992
679062331212
883353257908
225386195623
083707837972
997694438797
135201143979
470932616604
409342026727
074732924635
156902873162
769898186899
939905892837
796766936152
068615184214
445384060950
189739894520
033249778794
794729547488
014103266236
109740114823
182084633695
666836233933
410230266817
300186918877
074772490657
945530099927
757191146516
913155101226
396904159272
491203063122
555480443256
034997073942
317056283875
462743512144
793175550526
382966315500
795682676065
498404753202
569919170405
840010843754
382724915755
285420327278
200539819815
262945618093
616558000589
557106987893
459898770079
282023882499
693587799631
859206238009
647368065489
445498209447
476429370199
966548883129
051899676515
565209441556
293235493376
260833304910
065152000521
282799374224
384766104861
549434200993
792194032783
891936029965
098472899268
242274494747
438362743678
214332470341
170463939312
350445175806
574613891337
287848157024
712765742190
846404511341
203795957857
139456396449
979223674177
301228978605
685425690415
885188360528
546908755493
553105280805
453760459414
749837310367
604101632202
112998114041
049452116145
263221190527
808366774832
101379871349
840292810836
784500889012
727943558511
791972250327
105716935579
772525203949
571278075641
325476427044
586635389454
350912568677
828652309471
028299340363
091518481377
349935342088
433833185033
775897380452
162854306170
035579528621
964720731825
025629924481
518066098457
563875409572
972526301827
223876945303
616699685775
168313017576
553802629008
619464349467
643801968803
868489398373
438721385432
802634347780
194476960325
459524309199
475556164941
476833811046
688223933554
259691883853
448498895193
016056250387
745279590553
098305859159
037199685352
050967681528
960455317181
408068772692
346470660842
441338000820
167710690638
066631474887
498921053586
008320860963
593235955482
475941187410
202776804908
951281494240
903384103549
920318352578
637524796321
026136502474
141293531729
867281374350
422812072845
494541329765
942226017309
995387847775
709423001001
297247573684
882483991718
090114472478
284390841891
612074964123
428434506818
752095078608
341749568741
635523939646
162336648299
248618836568
977525613719
419465086517
757289071457
988616592156
629737063365
878985809188
095340642109
586358545589
932167071948
647082200550
892439120948
313297705947
066329015399
788455361872
458627305035
899057280055
064257539502
816762780088
074436780366
515714269135
374670054100
128374146285
545546463511
200608686354
742624796783
325994064422
100680448333
590503046805
645432730595
434063976021
091072543973
963550513012
161463819005
897182336799
215616507165
410751458962
286871573158
282850922229
736305765892
384863468032
975928283875
663928879817
045979806731
926403765964
257932415146
112879785439
251067312325
389275519031
577125316857
188887530326
908661840879
322977408573
243789852279
799610734228
257766402993
369318498361
050315503693
245342674006
449540968058
112020637871
403074341185
288747868646
546348629407
974392209709
094991497740
991983835898
613373434017
075061603546
022823079981
996425006833
445678451524
122978799914
998511283446
734663277713
733309745408
354052502982
526888780186
599083888281
085747901924
454785532065
842750105676
722903502741
327724759673
691603554771
074507288228
811239735718
359428347957
539527707126
256016590431
577708693716
077368184710
996248136308
178441895586
732133399140
232518833952
717859097526
530818287054
069676151821
495004704898
463073384346
771716576462
304653838841
164389506242
049017721553
217303324478
319528851009
300011478672
282260779353
056934596452
986373144503
098442472214
034806481776
775258688209
515383689906
705804149934
457195408180
906393934652
993851058440
660007108615
919792454304
170567030641
952975131128
189346614737
835569055784
953138981611
055669810977
937634643375
598046072535
410411483979
751755708964
846469454431
372007062375
892549455272
516014855749
962744328245
398881823878
182264582199
609090430795
796725535303
525532017633
351963820527
026784081759
754041939093
815366104332
876646254009
114392549100
617819872938
446924636579
640530878112
969809783279
152382291874
321936221829
496330912989
701481828140
989003850455
123335742004
210473587711
315408822122
040189010851
636862465007
355918063257
268713366698
505416207382
027360826985
798843026528
973537500091
714593235512
408944374077
744501765339
106429505958
490652125902
880570762627
799172593347
573781499507
303786826131
759020306313
317153014124
987466366182
653346854060
315321540057
424006290334
262583853045
391816175760
313751725758
530836108120
778346473806
907035408717
295609194660
637975807353
073202684444
567496713773
110898672462
133483024441
265548293768
611087983924
242147659020
351542177551
851520522571
157261366464
879964175702
039871749182
184162618235
074255276385
169467878243
074112721047
546998690539
655818829557
078054550821
556152936204
389385253801
180696964491
791014961994
022514451223
037062767573
702345866832
468665944659
535472435144
116585167992
660341143057
238309243249
663069510220
602679659934
645614816674
798268477678
841011994801
027063141523
602153243436
577769706447
006051595260
533658093261
017486508521
385611705712
130863508469
398995558230
895370570199
711057188235
983994354360
471641001456
606445340011
422746773613
583480183665
046050599228
656802377927
639903253144
209893493154
753840552696
974807811150
573160776678
461197745747
584456193094
068511738247
971678770956
346235147195
065318196092
444783138090
963679137641
758947650410
367643038874
603802443983
451434871775
323095263632
863212100587
231619644570
951748868315
117941114762
503643556753
602956910170
994591383803
439214588337
337795199373
810352837553
853317039279
930707324690
616132693978
287929902756
908960048200
886160970607
746370255751
504201375278
611416103640
707703686031
833396176273
197958743595
752421669747
813035395319
909511057799
210745522316
330448669949
936415249019
499495858820
019022660456
116203322698
943218935503
749573148564
481238886488
075206981363
286284951529
599728780908
055956695935
794581679825
561556996134
555613903455
483317417834
677563947141
400414222498
273600137946
547074140165
043274157121
431485619671
528345359728
165397110925
665929513625
278626177843
827683301225
128985054977
360534070511
544529248039
240318955882
584797639091
728975364928
407600741643
229835470153
000109379621
820163566056
876985616545
199373192558
468786921409
532824613970
734433385959
208083490413
564688885556
130516040282
146272250770
242882338167
411790484802
837362550415
234206856145
352759605622
689340716014
135213396460
097991606277
351000393222
019491711058
712959468174
610928238762
912645944333
592020171664
400916242532
221847574577
838856316436
385900409632
721784540557
293503941045
767084180643
412609139444
081770804465
282013060189
910673420980
947247494375
485802566023
926755408169
467016008410
177737539445
211720665217
340190963091
772238241459
249259292844
208229269476
942680675532
689570356762
600476091788
854446939332
285693337340
284730772536
944414887819
602250319183
896082579347
777043533576
117131464945
952478325726
220614440297
054934194723
383262223308
189285108837
269285269766
786960903855
042033532365
276467186919
727941379921
648061039511
138433367663
342598573358
920410604395
148595205027
065824298338
412452802007
537098639808
175284735665
164791211575
409871404243
229223264745
231905807436
154099223897
144457699454
141995110798
698025062845
072632375713
143112405629
153080683922
897823259657
763419995194
568396330368
005479828190
476932333596
758002236431
912471903532
678020354179
970114530308
891740801771
954232756833
616486604048
660214556819
865759210469
605686747125
423387579440
304798590471
411805472820
743500128426
811018809258
219221558016
561706005901
240018317680
527559056645
972079422158
485909176285
856545609424
270366897310
226110736387
338930021125
629837441392
273185717952
765727033372
105236686475
037816004122
333834622360
580253419693
919019320836
078204590056
754441332211
119736956986
186508938708
176051913576
573780521416
110222603658
680468501792
209186293750
515346149641
999945571518
588848469870
456653922887
342368847705
718107767973
613184896773
072141390725
332340573122
438392438578
922390477896
184943127349
356344383276
881534092423
280489087749
128755028129
255038096812
172195349811
589509176124
368197109355
011053297562
827075853260
125387331713
705473373345
446779817562
112236322321
443079147832
029242229166
926600608162
607042445550
849902795965
459366737503
481997413240
975697243251
720657897363
845031227758
682114358468
055517726339
864004819713
357444406601
069619975571
403889359335
483745640235
759456481248
643658429378
353764551450
952906054351
461910092837
995534925984
902430039231
809167947104
686464606927
246107385138
261536887867
876750226088
966895735478
764601990986
590539264895
446419524411
717776669124
705079240550
984124757885
966838440922
705774337003
498214528777
332443386435
958616140079
678514546271
377521257303
444233327369
758128697767
719606923168
182948391033
074458016383
611706685707
798645160203
621293945192
605458695794
032893980683
813231602679
463716869769
150842581981
836140067098
590149962413
042044653031
498936445937
607206715791
166927959007
096897595121
109587068720
681778130799
250817457360
952038978984
984034746888
769681498382
911988898319
445503991010
073352503350
334462200949
778140606265
049190794988
281705984116
218908388117
551488583630
190777385960
670596008254
961120015436
605333529906
014634317658
504460380426
265100338435
875905934868
486471389542
564673513313
991058304320
877848595612
912458328532
005660323795
055435951704
047608297793
838301945072
891941063627
291176227375
932567105979
746908532001
921345981631
509076424218
745338963966
426310728765
169792100936
753562406172
038975588790
584479769385
353145812339
005742134400
734958299885
616918829983
768587952369
410705857304
059037721703
718340097309
821154554012
629323157719
164601190085
045959110419
428698580214
048826130572
019547982197
557693892674
316088481314
706694742838
376269229708
049437371591
103078927947
893142874177
379401587079
762942646674
793502056772
896901033610
918136019821
194166470089
481967517872
571726751600
533954839212
170558953725
743507332487
142613167361
249861353116
755589095901
332915703383
878806947647
381248138833
979505597055
101256484258
222248488517
191948756431
239496013368
540956568429
980461946273
842350258223
042684226403
779174953181
975599697926
032993825053
219800608559
644066417629
079049566976
147764738659
244530446972
930985986137
342157820661
956809367553
274235551788
742695997199
267786474474
147165059347
092646438329
538763623241
180902354753
245204052853
170987842195
857713726253
742656127134
891778497159
169500091083
019508272404
179665355080
784754368143
923548958958
339869614698
678520734360
384360322896
538422538404
209014465750
389599152936
876694760518
863252323104
809720198752
010307626210
757193364080
649876479625
262074724292
673201123573
128805372372
505830813984
639254224758
234749492022
051323644181
692838008741
981322952713
932189487822
091471129772
152488127800
581758656611
030937215279
896849696601
041668730106
751299588384
855197865862
306497383392
862778134235
088009989936
923895880517
373629558541
116245862648
924302256646
268746981553
938478838758
583692556265
872271833172
406300094117
025479568999
168225408495
175795636401
776145667708
133359162180
494825596351
598234492601
112471466629
185881108337
408722541962
919803259534
543278939031
632700361222
432586131901
362849712212
168651919974
559754447816
180418126753
539931966829
323931316815
357158354050
841479431370
204479280477
753789211050
011937757662
465678075040
276548868146
303736075797
785320430888
275468859952
744465432372
185321444955
965086230435
598851955040
642797546852
422577826404
414094042995
162317995665
765011583576
756754011393
255184718052
627960258448
822747108519
322046956830
438016598060
560613760736
095814949890
708387446311
338473826415
383345178560
011909206364
437585717912
303400543456
949066756972
402556690389
890356110753
916717871456
225864279312
174003700111
839856765775
203855707811
657644887994
064074110136
202161095856
402630708177
425841249419
060419307363
022299395732
540001005331
129001119630
763300198393
335145829020
869872235598
551594296214
975288847043
123424389718
139885445375
063586739978
427639663836
342687978382
167532689474
152073608672
561506957817
096208327785
896931092049
357171891215
878892146529
622233956812
482085561099
242068608055
225779292544
171091206699
379620041828
231990781924
715819690264
016626511873
808738484136
947301372391
070813058762
951104009168
077871354163
174568827725
754498087953
854365194341
806932972548
263125342508
216053624676
599665350363
358122166959
895094477895
020111433236
339800485865
330012329574
115338773321
559990488128
950994828848
622598351550
990609856916
814524013612
273644517560
609027045239
681453735722
315971145578
759624177198
455025639142
832522603602
150991673153
901821341109
399435670637
774688227207
522884224792
051727857648
425664783017
519788408500
705524456212
890324852572
005413756668
200366118735
991155405939
002763612115
216785421449
474393840154
911769806634
063003612738
440353146201
706232901605
623327821534
230197435448
662336795884
150999026856
566614821632
874946586388
443268371825
103651362967
051817736888
629511583018
461797737684
798567211929
625129365646
701460065079
545046528224
035506144552
006086762613
038546006859
368065404640
532760500421
585214444767
658354310138
652846743895
717097447239
906647573891
070786130536
785871965130
806179594417
337989248536
389336198822
051279667700
941991887071
660591017329
720669146335
725891830314
563316258152
761185110809
792739478491
535676102355
731013212316
057725467863
900898562427
655836802393
777374841940
329956148545
699751167218
957282314467
097804119378
306652614078
465873116118
635522250309
208528528129
804940312760
130495455071
565926620984
847956795595
571683287465
674477483297
469040359768
656775918803
638068426441
700947685535
386180096676
591111687861
368064257485
104966241626
265648220498
182416692122
881285141394
446676699787
885690566907
038966627738
865015414211
345068191467
402783672057
618276783519
973254489361
172283546079
103184552823
391778462935
084434672311
901202912392
751976415966
439938549875
803099310999
267060108704
564376073608
362169651006
473133255186
899009111461
469840957425
085064108961
567080778794
518297182743
754489059829
292936807438
748595720585
290781151227
538358428536
484033303950
762676747624
663596531911
519585115778
790063743502
704727372062
825258804673
894671356767
415374809085
501340276536
723203443818
517604453669
227929377377
496700933479
175590681814
206855547646
095321577533
517600971487
225703846124
400571173218
949423914229
862818056812
664994872682
119523998846
550481238068
924964117788
576330350762
012388060465
278175311500
101764427324
011136145692
055212530470
629725987587
185478788229
458023507127
290022314526
182847269999
678335007316
430649399511
628010631742
289978909858
998438834811
287260304859
686324375676
711263130376
113441252371
200525150826
999185796137
252964006789
211944275658
774642703083
401639853976
262470632294
572255718478
877096099940
031063428016
100923312023
843770973451
160822248056
904441067004
665972863008
815556235872
877974391899
726543874581
857555111207
235078404372
104875920129
865229349820
422944319473
614417552771
353987932618
380780032002
796357195140
899703691809
192094264191
209762012309
887321432089
741318277628
584063455960
012186814726
999247623728
211742333238
973360005477
962749010775
133560778091
146897203181
839545285264
243874325405
021528120637
556985261584
947827455353
195923441378
190616855812
854076052518
628995471296
290958559781
529315979423
862161097945
772406345862
115814684990
633942464683
283690823212
287632938663
956434891314
254987252848
613512642954
060484303336
049415998322
742845351451
940582174918
650542440321
817062655391
160733664003
583126357752
505807041590
411695959204
347450870604
095654617227
992717835699
668770135940
735297865444
973070009498
334600310148
479565427598
479784511163
097928103901
854621981312
584212515744
663273355176
739932041699
575930598519
791430899491
206241789628
144010731842
353590405374
728142417198
862905087072
453055370032
673247931657
558615985529
889524269849
980169405854
494343420356
198583985047
416055186687
612770558617
051645202049
667710707178
276184591797
211555167337
848469523229
796527760511
237128796978
166237476020
711066789432
538340582478
830427951983
525711440187
637403113357
865369683380
392349407492
081933069796
883202835605
309202156785
618613306227
554707405841
093541312790
910700035917
363797176318
463553713793
560028581675
865519409402
355018003708
558021089423
931904276081
646748152965
398676688565
090177054332
702244909471
801845312649
055497238799
046605685246
049900851961
037541820740
558043042353
601298237548
791936687835
325368102312
286515203083
713832220402
894065632581
096707315957
312916110089
930347944487
210095484600
649924506165
883133968536
026099971036
875151736367
048701528735
105327112270
961495938543
984096806035
340019600964
793236946989
707799169659
129231546094
751676847880
813303724522
833854464506
842503278904
865770376487
000594335976
610763412506
212935092491
259967154334
509186524651
861576366332
926659685289
450571822160
334788905391
996128391685
089525747210
771007471574
091836834057
069088519134
834355704912
436362492312
529848373949
165764919898
820634755734
056460375165
446097855240
574017980350
198541396638
123687004128
729901067129
166667227619
425751456059
876886288012
950473805265
225376043677
228670133452
018655854287
104386006757
254964336056
548056984079
457099038399
909515978452
443758144564
317614053772
860661009359
559565899891
759052264698
281340465667
558303637954
441720430525
388902237365
601875468271
614337049943
932220587159
060075746867
963230769304
675266024732
398460854155
650277091004
985946642303
175887776155
001860073509
297014879657
265545766810
762842111648
217776929637
610107738046
167131718927
221507872062
579032937648
746962290823
961355389534
223049939047
383682252486
908676641971
601316333898
855229702250
663579221438
163300720200
615215520263
791628171409
425320541724
564877923642
150294944047
043221280048
435365124959
541281354042
165555014264
898671701635
565866828909
784722720185
812584951776
708976776562
329184876435
087515569633
485552360793
839279440158
330629170933
006614932330
107693669238
821329510871
418614994430
163012497224
952629499083
755552565775
400056554040
537318341178
100705794213
983257420001
884809625657
745679316417
097113831658
737180120261
621517848672
103361773179
738377176767
698946903674
714041531454
744852888141
692413058177
724697740495
331425877744
219945122824
420706493761
561241480138
622559365714
101632939291
971711712140
408289049145
921275008148
407161638735
019310603666
411648909167
757112485115
880236283296
757105403249
892205143872
127865152907
203427877838
518878348768
013912964436
993323074792
297356448632
913258925413
985463604509
799932152965
722007918680
683823960876
145572669466
087709030667
078193517638
612748135411
382811830124
389723771241
928059710819
027860679917
868605579604
042542222853
275076797911
276285871745
861290172669
608077557749
220209031007
335139838944
979542464675
376972503655
685542530039
972563816600
143695087194
901475211802
246177261746
328584965610
272612311135
304679071807
589547208641
409266681367
403930477604
191159217271
902728253631
186800820819
426824714273
329427949360
632931155619
538813674233
541357787979
559848306152
030090937827
648179765665
108863030729
755595911877
846494636370
041170897578
726290856726
563397444705
306278107634
066175762868
999134206658
655071320305
897906336233
607520360264
971393419812
006615950293
928614937874
413839529640
933006264581
417677956242
964914257073
064070135321
727156807764
405180438117
900422397203
166735442389
340159450833
949333853881
008757606251
940652040165
409439821007
771100722293
301996612132
260901686069
524454054126
120660786976
711481998428
160252937247
649221990763
465909656086
706601364774
544265698949
461149995099
455650785106
725176036912
180955905129
716225303057
051840823699
876618176736
795760211721
606595311073
627090454394
480098355096
216015242488
512725082600
385558873821
793531950628
530037966942
396265724648
307780419299
660596020028
466957094426
067486192084
583727053282
289419615758
740382431325
966340049736
964270712929
235058673261
820376393669
789017857661
422326332646
873384981127
467809917391
931565002645
923290405023
551692994838
461269091462
620962288739
693752980912
636379136396
522266365124
765051000193
523563728956
349257394734
379290240386
442181091218
943211586973
793755679832
466471525823
095278005844
021872076857
527902433324
416084531069
591335757494
959800584195
115901732223
411608735539
023301797306
410043388884
727807218016
761435833286
846343984541
008219805994
190709877051
873329912080
257931871875
434431401210
196940450841
723958859716
172271684374
009629929523
906645776584
419438336961
877008159502
351555662630
457585030173
488838951898
882823804887
799644426125
528669186129
638923825199
473111118125
849877006899
919621795918
605968682520
401238814513
630433799887
704772604730
147035055763
140645468529
603729450312
802412722259
166907395394
726575797317
422065599186
516630837822
769451030440
435255957425
235656642709
524364836694
932419938300
119767046410
640235077427
179409892768
437221643377
927173951818
958708862557
126402218400
845160392284
701154402700
748667883148
292500953818
295782811681
023773025740
186187824173
981321202159
602458275359
002409621240
886877705246
586017018152
781909816206
879030391044
976637484773
852588945831
068746908629
410262603508
242550199111
591396813340
286141906369
360866759967
859565845465
260711550847
258864586504
950360885975
767037203143
254817269930
279472149012
503111668162
479067255879
453213374547
580512143560
372755529251
366801799221
423724734892
295977579956
210929867149
357383977050
170972503113
242835897675
628081571835
637180082832
491484661916
564353349055
593168157814
070710913138
987395779123
566951955480
518536224781
236718135369
551116656245
622035460633
906595597329
658672237700
297307386238
863407966208
719908402421
927385392698
033795436109
222896558496
193123977855
442983842833
209834640665
039532984957
211728994570
978777461570
923919361626
072062729221
152334316484
861434313099
900519491287
695265842509
383078424132
877891530507
366471694596
817910157830
363231722634
201933072898
817929978718
669506734490
411103076735
645225936956
408722757890
368960655942
361158756107
165407352126
624948606469
877785517242
408929847201
233726694220
737599993980
907607443835
485792497006
992623239413
845101599278
819952239255
326984581027
023380741775
244485516865
151869518043
609422543213
681861064597
475235986381
080834539621
802098899323
184968642979
395355280494
019259568974
659979929856
760061516518
375383732755
122191801693
568306180561
875372381101
739841830961
864671610000
115185056468
971967504244
954171296670
563189791692
665968156645
800320877414
341712750823
343448187411
921817928116
281603603831
505993982541
324578060684
630709990252
691622134936
309353410485
299589036302
199184736825
595962868937
635405594877
397343117558
811066689722
359568198479
845513983627
157866801841
700669639750
327751861569
956998619804
107519451766
036906155298
693724432906
973106020613
337512832181
750237690387
180667862316
842151536179
924294555884
873208756799
681448007070
549882859465
127689048656
497602934510
547963410757
000940360136
358646043816
253339014481
107851521316
269214287112
805125833048
390862505421
298853552926
025304233382
886469857432
101113247075
351908869966
917015514263
403034193947
543141541449
360872201832
774110317078
768221083709
755907011073
194655543424
645561942059
165966710984
352351650886
797112391014
409848639003
937635997863
730290017024
003062461638
115878228414
825311935421
766470589402
304122696470
409949478702
976441295493
615308849601
835362089229
739734172454
394330325057
831186627439
508691839883
398175547982
408767881970
557406169820
308681930099
318302037016
479816643880
590828595342
124076157296
474916726552
956704650834
563410332758
248574893185
177241578498
815297540885
085110114272
083323577807
149578968150
661987547139
547116486688
019593937608
870266189585
209106676316
024728406003
691540741952
062492335194
946022647330
533733784876
580947729657
670970828553
752164811161
546386406984
514707088577
145760935680
764821294385
434128393746
346135560125
748224748240
157759033605
993425032958
850102132742
540256702444
439093688115
341853034960
747862104452
894125481282
533260105783
629503365548
133319231643
053978663938
911140073559
952923545284
617513353141
956723415062
341155991079
268758470388
591170516642
827799764906
029469671138
020700566834
460976216179
181042785778
865525155345
088682300969
059955780222
310740209132
480939440367
442522140068
083154441035
800091561829
378261968019
311755476575
924665540046
713159497673
799955404416
756050186115
611378890873
772102164486
014183020646
884841336512
046373080165
280950340314
291830119373
730362323873
505914383606
694781534659
873175421788
719960845674
450265692674
540122167867
475358168981
871762745665
981071732170
030248522106
995556331580
097218028708
725787040913
773556532929
410025705409
067918657321
031785816497
147905341706
874834097259
251045474617
647323496593
496190183050
794044106149
621092173809
690441756147
925805884853
918493420356
092407219403
323225210745
230395372867
217336592219
706656534033
306228365907
286072294330
475095663034
124780750458
781096441738
064759841503
811552947256
685675963430
435792149361
810282419980
207002072577
624260212850
433104504931
966068507776
468442826423
349973241874
507243440475
038624179019
947766827890
377956450841
514962536924
026785807489
636346231895
759008713263
560574026623
899086724734
304338553909
705506160355
022048763585
402107368425
402513693565
095410638061
800557058322
834116780590
863112805648
286617550975
313635615964
068075816988
268366689260
318096656152
204740268071
447070567424
615516357375
206513858728
964960260011
815999966300
860676766216
085694303729
944974667273
259370124377
820115973481
274271924586
870248297700
496543735021
459387007629
407148882837
275549366305
085469247358
882448536879
549795576019
788484234800
647941678085
651813366816
161685384238
142979437353
959998650783
479052186118
423861792487
679483211028
102801356128
866465271160
939339757188
745849236124
783411667718
854043721372
294912121017
199065939943
025651847496
784448895177
102651862631
817877718608
857560118976
643123286636
291988531417
171536758092
150555234832
147060395963
653708906952
686829787516
623056328081
829587574370
974118108189
354405274056
740591668495
273191627745
500991820974
725729655256
030801927855
649757694472
439737777127
820730030456
511786398618
053857157131
151280688464
815137063846
866968907402
591237867665
898378466155
199515540550
575038933677
341641228983
850799198343
631866153772
912173776289
782951116665
122171190277
341615684296
537876824370
019075008581
708792884796
401497925836
536978222522
440541838027
222691959078
507673422799
083846278594
651236977347
204828763943
078065437278
478640097130
248672968347
648477471857
042663348097
932622690438
510995186882
043168764881
850882217420
517244147594
433434660622
798276820408
736224483800
375887565728
474913750243
201821608295
417386809926
971396454890
426173807042
383580400644
058936463612
926384497727
269032191145
796093334756
181668464712
155139711274
793691224929
651160291098
094311249912
328222509410
067186316577
943637665026
493170502406
839024547774
881202017236
686909254185
690843077174
566118780511
432282201041
609912468585
715378622107
921518916958
971980135839
831500542629
354543991844
216553660426
476386614844
687455883989
078495104072
693893403826
273663068841
434957277253
019456575246
038849063383
785092728688
554505535096
427240322235
923552907182
556057237218
269438984423
429879684731
616443303859
701740953839
442889216608
843277196537
867472950910
799085829099
564489795180
813215582803
294626568419
946625308606
012173916886
353434200700
231552787270
855222059048
941352091797
218592795956
328808560704
900327114079
777101740284
773112906000
541950010833
320837199356
793582403179
888383927506
051749173704
466820398468
800096108730
070838606755
139263188526
337905129447
788762703881
078782814891
786755398827
673361043613
957585749398
211920484406
852082718669
198178426959
172037581199
101225498849
510330338037
233322758195
762958250828
235425319979
476714298859
215114430777
881893253228
613225768577
874711655540
290168863166
051007287693
184632299186
851949918043
662253344795
801254032210
352988934947
291142765542
726734314312
933455498679
934101936621
710862859840
389300716290
960973745081
374974781298
994387658627
781858976574
674952376722
409029562969
076486186069
459859422146
857128294626
701531243006
944689300863
994922300610
635618935282
229287483751
322568103947
453679926978
607200558759
051478298123
266818581610
206769395981
663485545683
772505574409
351603140342
390140004389
850002364237
589724794853
492585443179
039165899436
795000731338
473986179810
497519166994
596133047796
109895258513
239606408404
401509163841
923961562086
842573918446
145882224669
635789165566
842513508234
100784923924
736465902566
657613101860
991472058748
499995088796
277913707133
727379884941
954240714974
113309893659
497469954548
666088496042
655204251313
817929927622
103910557738
202302072484
523110625771
635329779891
057388191478
857618033811
836505350790
263734450623
515787034315
598437107881
341132922238
775101693321
420276202801
948070554937
540340202918
146395115244
768363448447
492875757483
552819199275
440318177476
019856251666
343865009962
411175285914
159291263971
040832697579
301431699153
361715002517
158946626389
052858732679
726882875369
554548246706
243799791428
994967307687
309737586918
685637046065
350957207241
171623746935
936331581290
565264209240
535001429972
825716951139
563305750572
558831649672
474710658956
331539936017
574851740948
529236860138
386219155154
057645544746
445547787164
721371664700
772847125484
981244611497
372401958490
029654802092
529711827463
951077511229
336427715285
422381580052
904239014167
983493416860
183045075328
493268952064
590578268410
406687609655
950794985083
494538878532
088692167763
558585197352
505457036198
712869043015
386422391627
103742552212
950561966204
362860660264
008450910345
649299700385
709526835223
586761207631
652002352004
927662147921
922532339396
816393813939
069458149064
599330071470
697612820222
090583320088
557480678175
886322758742
629952186742
764984136122
975426553448
353878001935
954572858128
723784210383
106150811432
110366041859
177136719211
774025518740
867928463491
342853370079
622287634319
631810220659
476347127070
773755673422
656468687335
847607058221
659644358134
365932036901
460867990070
177680402847
521095455480
541653503839
081672138735
130086603912
866155112362
127793494044
844015188985
071241917334
364181724233
782342932676
610221054663
099364090370
541828720895
177296576726
433440832324
798298873596
383689070262
154980057756
409868321700
311851917241
028767075284
634239950959
834363854583
725038434634
796729717903
665899814144
822585959804
739088975282
314310952652
126333678753
701064118705
557249139197
232344882454
995976606551
221759480882
745607489323
251496332923
433997616201
733039723553
282121611671
541095146125
666134558727
147501895309
551216780692
692546794593
576976614909
694024437051
909480813147
222747309282
185149102469
808772078887
273632732760
921983080668
069520040278
752619619470
293107037780
191141113321
202378044276
344958346189
117149074974
864120617527
602895836120
243521177147
103796042116
227509496707
049680937880
026211689273
280725024480
747850698938
500624262341
330598602488
487396776276
907619301737
435234625560
570109066778
104426306600
556853411096
967297034670
390201079125
303968491380
780661744736
033634739655
224726026076
963822583279
657924629484
151620622449
152562603268
737616201558
092483152669
263780495573
216211712305
344809422243
639642814272
259011832267
008279536301
123699884586
303359477608
747671407003
160727093749
211975232970
391194124682
002205702124
191648453819
550489895395
801099729604
675665061906
361776491230
881798691028
746874718894
551308904193
353752676651
422075387735
011455751918
734653438379
816606188286
861873574356
177249062222
998777109149
879565851097
240643760654
449644793901
010605894014
536799935238
869051668342
707079404871
233242708086
853391052832
095187541189
439962094639
007632025108
674180134451
678138270353
049570746858
306550965876
419660905961
287946792959
628869668620
503286643942
099947953619
018023748401
124200040432
217133800832
483895981087
246875055086
498067751505
786421173783
298855479826
903572199174
419528106967
637888606676
227010489683
635447269181
326740487178
730498609547
952085880048
587082088272
978356132966
413451520812
089594155698
369051320491
958941713763
405738560136
924971216903
354827034814
288574998961
132212630861
704559146606
480647538320
630952694083
749491579736
521757779865
859715974685
463497507222
948782355474
701344182966
383274937793
035497874318
049021625773
764912584524
319610700659
817744388136
353514128782
178533531319
341177332240
765436593764
100356932202
106699918394
301145968276
283942519424
396433341918
152627148701
288621814997
261095681345
944491716799
990875424326
071370993467
388057123861
445130172149
645395777094
732117174375
090397080945
921266964151
941230330301
267307545293
527718730603
088532576352
912270897550
616230486298
580251056992
950853224772
736715236955
552016083120
052469378748
963026234732
679757473553
506463065420
180783847669
617084227772
662514025240
342811028673
285871474384
308333144726
515505295292
891002821993
737230286061
846825574292
467226871849
319409968670
997952899079
638238135045
878494242105
191519181472
366811061679
319474812110
918645955513
443124465590
354397452281
281860059606
687311778511
641143525115
020510990516
846211755438
659484435581
498177800166
982814510934
137139537560
378658881435
945704549064
617006808759
946528560278
173355672912
988434242601
185887266324
528305774363
575618880161
670132180871
086425231631
438095395363
377404553205
396762734336
316150654013
139337631550
258181521989
237360436245
128865662506
808888908734
524889054959
852748229591
993320504120
896833022471
567595276284
982894307150
224159518034
182919077416
703280581466
783135546213
304737955233
946505239971
177396916910
788210289183
523209056875
627126790121
284204526587
444583456473
723804016458
635969205104
328375734303
606787234110
674206532402
612663834477
316738133888
131111883656
623216368175
210896385652
236345167281
374353694496
840532962095
901622959744
412959888084
205793283054
246411858995
336396242923
772247086868
911978149490
868226013332
841771513486
265480249299
418430336202
499245903705
733215120738
345426046753
347367719266
567587380608
523847690454
721104287868
031725356301
857972649979
774552929199
453740986822
634446449818
060552725724
664576247893
108729393444
669148315858
317584593816
068248367734
012963775707
833458146521
566973181165
386335265896
900176065159
642111025247
720416094675
636568845961
787750110771
883267201722
521786866160
150589821595
083116086408
057941488474
379852430977
695826198546
502498694793
248057019825
828146332387
906631896828
962859485562
760288269287
028570495644
729756765729
997084703227
952051642803
637740660032
247259847301
371176468721
830536629687
575116780548
058171644241
461133855277
522774465433
886328903589
537720596388
137678048329
778849520955
405564604609
531072265962
198976556818
050680628457
265985124091
666713235673
400933586182
711230230696
593397764688
306444387497
849138969668
444072271215
153775921701
109257053880
044492027940
140780245796
126053132601
806878340132
450331553520
534920888987
158187088744
488029690723
451726237252
951270410408
741424298655
926260614984
355118805788
506371936902
581038196379
963119410892
814554351829
362018335363
381178142951
293594850141
315263348763
285819742972
769032137376
886721538337
058767770149
673521210548
091832243410
523801049915
470192259404
839234170258
519857558951
462266457003
724543323012
189818617503
176776548392
727516504615
391607473279
328335561677
414516762299
383361924406
305548937527
782275798436
796878426555
714785758460
779211584217
104265945218
720453978227
238657617035
724946709673
517495356493
618357673095
683009649044
827625868147
342880676564
064427010511
785767307273
052472798632
481364331753
624781867316
955541102475
858616885877
316608778493
793024990120
883572839205
089211836170
594478517352
391880224680
604426308981
979947608755
347942969025
219006337120
862961564358
739224530529
193110756576
379650364385
340273345235
012064711721
647827384038
177010926810
572783756435
598442351550
099990832345
559737517657
284954763428
054291903256
534576481529
441122606954
813940547970
977081409405
290595842084
705444012761
172850079498
863189593659
293386713619
490016690880
116152727905
126500298632
517987742164
429853447614
438051004124
474922159031
295277677910
660459672253
980688896743
850882941169
194095626351
854275715590
955301344691
027454966646
640573795606
878604867432
760912225224
569901865706
248181306827
850109860849
553813938695
293241834375
306388482982
762454414251
764316646618
011295851259
375290076189
399875181636
226688120261
134723594985
843770123714
755578428786
715698945908
179226831078
097018582858
946738611954
801069995735
105437732268
236931126577
667791116482
359447008968
270316405357
264661886179
648162091260
192320578668
264079268616
590921132746
373807148140
816259310063
535361120108
676844366108
378103830544
772618632028
475730404334
456878779949
918575180363
098977595312
461012361945
455141171728
860213911653
136580117959
724976838306
224373528971
869210749776
737746162580
253760821440
069564802844
638491163459
655176084801
529759999551
087059123852
961453468592
552757807186
671159567703
340698139348
905523469822
428195349133
960438303620
826367703936
155583478782
549311468099
695298119967
382125380074
863934376338
333040118851
613246941851
437344203627
227487423898
126709644305
028390803658
503248878260
492378947543
990097040957
571274041707
315218806869
841732161609
076368365925
444977448344
073486559845
324145970618
604866701018
245251710346
987243941179
393486358715
727651337644
887651734943
240579376903
874534639312
433281465823
177097467254
429985412808
980630789601
847466103636
333234312109
600730706331
393331990326
850984870541
320825039235
836805747283
455447476212
355367339481
770454792068
693768480941
663786536403
411295856974
841968412646
729068495624
675502532793
152519673192
967000908506
758308896246
174796036065
247530781174
888771398168
553955916523
543646198220
139473598908
580970101985
161537726839
440664690341
062234011790
862095030456
724413401827
389030135665
447960922881
857410189410
465856646166
739546830058
449049868288
568356669091
233389743831
043486899177
228567991912
232580274521
811295106157
423222452623
776509678927
328906493594
212865505499
165784136212
808539346812
736874126159
174367280298
777950571941
925244700182
981669808766
907198145196
382602774390
869084875219
210580774060
719606123736
657711369914
994893609771
911377064277
730702615398
905818686065
106444078095
944831440002
881874891794
681981444365
002283214044
290363212634
602098894084
644801192358
008033564058
087399592447
821401821468
968222197093
236786966310
939598314072
133091717235
068903180675
981614728697
717539323935
456766014975
234135478615
699625104490
565324192869
301104798124
093551855117
951704968905
283214687445
370737098250
686538795452
058428762754
607721517873
561891802290
785029494190
358126118522
582985864692
758238889685
016413609219
649432105138
220893811933
448131345229
834855973150
489454756387
578108036498
332144558952
119903165424
015364317744
398609055476
864866427612
818754626009
242061899139
681784719030
491114147052
157978673385
179597887021
237870803954
258848743238
477711317994
975756309729
711544083664
527373987368
069181262955
696911946705
909605355290
167934622708
418664663119
576000169966
444051527366
029724586789
667010869573
314872451503
164211171262
732627760582
867605531205
497038930048
912739080739
973330179505
309390881705
936988772745
495353248429
499719433465
293736106773
333655642114
345436673832
386581606747
736541530507
591423861701
248787277118
105711285770
704605679007
230672681872
057682061247
810894119175
061479247989
144812561271
043472027370
437529779176
232495385629
687394270651
841853466478
504365137143
487409954395
589590241507
316277379033
571929766814
260329539349
508985367976
382986260871
670822796807
027554469556
342264914229
175408961067
299810724248
790213416237
725245066727
729294601308
373613471233
880528714575
183391996142
187937908727
768315412796
611120188763
320072055376
358122788286
473667862983
402436200727
907478093505
199498936593
488722300144
070713503476
658308002455
240285577538
591798235082
281203500913
292597490611
137183957500
931667010530
356347829697
177802324396
146780922907
528502223139
229422182488
884513487518
619271746842
145492371207
883487397570
838895512881
821842100956
650797692929
287253487255
273001594354
959849746341
434329909502
312506789077
653952018149
225888453986
200918722631
933861831033
998606812399
120796272900
515564407673
981715893043
168860806980
469336671770
445006904394
187537979166
817899215718
999125605124
580836849238
660875098875
703032588218
437039009029
319812374998
656085175035
611449823161
985963217214
565531437598
765416417473
106387036121
585365124468
950185942094
342057516430
749226968277
352336023375
715220321694
321724083103
697582730435
421450565039
148073957548
097626843854
310422804058
069889753961
791065221862
777037584522
842980820322
587296771803
406854083832
685299260500
029409485443
623916680499
027310893730
477645804654
133477737632
921890853716
018752778807
312844413896
747526777569
869174460376
967872171856
582709979855
062187271315
036156958681
180229508190
869929287785
885716858103
622347105165
759795755768
447113170101
947304369963
107630498405
592990444219
206019194997
067043969977
356275994702
326845835714
641882865214
460237579419
061103715342
816359103539
390577227493
130327890699
261973257328
283264058211
086128786807
301584742944
403154367647
697625565865
803477777351
526758063999
018014083431
515960989375
244636052910
388428044617
750982505312
219823491767
213284667968
284939874311
916384018852
550627227942
936902314248
120410105340
250067614659
959197857582
180460132794
243752859612
157582291871
873475209139
708517187461
183389474061
483673888571
610194565222
762916702928
500940320544
401415501097
792009895760
765606175668
292064405305
167979666281
599074845597
111376994114
602187979164
427712444962
632327064575
151509198712
812821775365
603098354171
518402738010
952953859090
353296372542
222175697152
957141174933
318072021193
128610301587
886257356971
058866632738
471553703381
125527754296
817377500848
374514346605
316028657891
985191489366
563993523361
128532626165
987375758015
402035759562
060031005206
093731516917
469667016915
164155745729
736592782288
456109150055
146631429908
909070447692
803148473318
508803100775
440238658056
411340815833
605773606036
306738043463
610858404725
614894991825
842490135358
612955644437
391244053994
766540978440
881986829487
735926650629
331818613859
064505570294
600044319045
691948750504
001592787274
706575746067
158616341322
640002966321
493325821674
539214071270
923149321973
958290133346
649977979996
553086868822
784908285969
105606344284
182807857088
434621770811
480456363060
643543205423
984906984959
552911006469
048299448459
925542392546
013086500622
155595456163
413992162936
864875484029
356559568719
683146300532
125930961728
418498234089
103525026046
486639317635
649184826266
370033586776
189605037754
226377431938
760117966537
803086654165
557607755112
313083267290
648261747705
704639644616
917173990432
445070323403
758121028353
590662682357
132389656265
376736365406
864328228198
457843265459
375061658441
699361576774
254392414015
683961106851
251545482858
468866043562
191280634590
622840951523
225805417363
993495243006
813575020131
502565749430
650788818170
795238843316
981232491890
758398675976
529522160528
059426818299
966220705435
350143096078
467505393574
544309790261
380969909277
425567678480
382251941530
508886172454
381427468199
799544432796
094331874056
069288304687
646336688299
749180838582
007846214215
940212369976
457950464051
784512053343
432745396437
983146594524
812240146563
820434415969
043756612579
526230009127
413718268734
032787724226
570410962991
330773761267
540208381781
573404301825
032289252032
847515316750
140808494643
755770288319
535422590972
320979420822
696778103384
289911478478
026818754446
256639336121
594884641948
265053653325
710771187829
447704579674
511014080819
680463264713
962648797939
152418952807
769314972688
023897524896
484143217420
379135556433
347539930258
797921555427
025777547477
098522240585
870015815535
969623257021
710951421654
449557143807
341580348178
594634489999
636855639714
389226776255
682751967404
045154951966
039206602554
625003282225
540697513647
435850851669
944774319852
955797279208
565903900035
112647482327
227483536686
453454575341
598946015162
342705121763
682970022904
918658415093
257160906417
627681218958
044962820441
403068504096
232351232796
546972100993
260063747955
181402584244
219349486227
151780207337
176556781934
352159613670
408546690344
404543905385
592014084022
447427786795
195174520603
092329103662
938446401147
423468874246
787488330497
192644407105
184483728198
064173111810
855505956487
056311306934
864166093731
983865055654
058948676849
769033350011
933695291912
004636162726
440723140627
056312979075
111169940074
114876637763
124553074659
078568185341
460961358213
486544537868
949574783369
104088143649
705200813160
825094418140
481796131219
093029918158
169141602693
209838433501
911351370624
093168632042
431006002186
447093031694
394686078368
362431018914
273778820824
730909130078
498800862651
249131397948
337984795906
938396608860
022276528260
689215025256
676462814352
753385376907
052718987413
631947869690
394001137608
555714549780
998552800702
381320621253
952702898792
141084814681
287902151158
979104167183
728898971503
228133994679
168840909504
143969530441
591642263106
242006663975
330837757409
408911439539
197432743074
401145794131
874264403527
397665248133
920680369028
081641444823
193138553752
761480902810
231747323224
897896619993
042223358028
561190024824
162937755977
401460315821
403718684085
766347246879
317767983940
838771962606
015927811713
710660877975
881643838613
509352327960
687708096865
013800964904
285544861321
502046931486
518510445713
791965364077
532759474286
473184470210
786036303636
744333803905
370461426560
325201725904
736896500377
785999551194
366360112408
008575530498
074158806940
326923170832
291657750797
459954338211
436103987000
978312466397
411341755206
633640490037
014763244357
866806316256
128101796007
723653749488
352122062653
402477761099
322154520386
394901500310
835360050546
990814086991
743334813214
049493571760
529530816522
874626661724
705063277572
377486126132
029009013078
434695146933
555944533401
264421104161
361051128766
914442151362
089022867283
578700053732
530048308605
879577565414
986853251478
690557771228
801919530297
239327135076
906329645035
044632299596
002688141804
098943550111
582908391310
956850328800
142955919190
354606101550
317814169429
136007872682
200284799412
897623592895
279973838192
366882914405
360528677220
207627845310
395601429913
827671024773
332761148661
657369965503
954587139754
276696422658
160619414115
261388200416
443815809829
021949907251
264789746269
940022980066
911515366631
980998154667
257169859325
242330634318
421567501375
648503326918
817710444151
417494914199
091452013700
720583620553
887985888613
158599953266
494559227563
861538484071
150362385269
390006936604
378976748605
546589559990
178862839074
521769496733
381661339124
459320895917
944891596983
688190434653
614951312193
396618449412
639047886257
345153032702
292629430480
044258976126
875480011002
350003498981
753636677915
929449303396
657505773473
770294949855
025599049607
132338791089
187370378491
055494700304
757945362685
237504605364
169394303887
605762619941
239889144945
347626660426
516394391696
536270417432
823713245561
005389529506
583174123391
179957004194
818934091454
267787038022
933231555374
941796698499
810627342452
606715724229
115018874097
255424732509
168912396502
382797887912
063186581550
553831687699
926989495411
494266876941
893478650442
107332061029
917608087373
396684537530
820561385391
669414034551
441328315439
013179130411
543072347384
287951748463
425515023647
275746750258
039673695267
580193542584
284054873045
603782385706
748262791763
220967697172
580512139222
409771870032
725627471066
109035083132
757297456842
589987657073
695652313184
224845033466
562653384189
460130117881
675603596003
251770238793
646241495061
925877848377
583695736950
017624520797
911623236173
036547504619
738679683385
570826342758
614478049091
311903262995
773841502300
657072083607
172941860920
040714990251
820569224511
737632175561
026374154313
914205490213
845558868608
293000677938
000658110904
585415952615
690898449137
845667792958
391480286207
950955199154
909982615089
132923315826
613629756521
969321221992
131344744950
912463261301
504601198721
968545559074
147077460812
287539437990
195364355734
082829575708
616651497506
529079113830
411820260945
937814958382
823015843798
289408553292
743707624333
024970344547
646707754388
389641149155
508666932732
652921999099
051973199435
056978960858
057300979175
264015945137
282086581270
791720195535
508789767443
840306580301
353245260914
220618830333
521892034934
131009233078
434104102767
494360945763
145843096930
050985469011
630705682133
475649337115
031664942043
331068010285
786309913984
445359146376
129310360871
259930204833
294510967270
641878991066
627373810753
473033437205
500453943516
758738408269
686217786541
735248075431
033397178390
185391256979
704771705321
969617252993
866321788840
786880548110
861043496897
408620028049
677847376402
792435855141
811673836808
790223564163
464020661355
217190796114
296895600989
311042980833
047725675683
862463484538
198676504010
119295376023
550863027570
737821848295
331101622927
707718049981
897862449032
728597426239
161918437642
899151833792
078633667971
874975187198
441853963542
462048233619
585666249943
573620276549
277135147486
320132317206
573137458404
098273742316
434405799446
259807542120
406353143962
691269481474
176567774823
344683125270
537994652056
453567106770
879407401418
647141033910
142743223901
044520505911
531126021092
250582322776
752878294017
536751740620
906694818313
001190556360
755487743461
655067907371
471151925665
348748619358
994859615474
140012554414
460698314962
781287252254
865161921148
271048332075
992664317893
442663652693
729869315481
543474905697
014601445835
193548960891
244361748628
358582078601
914781696889
432344213183
663169320914
526760387424
955729790627
943189851954
285655329496
927036086226
991431876591
130250309655
371484425423
821219204838
234729676695
690942926014
914663748257
546897328944
165695537612
410610304656
586667081450
248819180162
569234336618
105452031210
765451920381
194140484724
042021196807
127991530804
681993607001
293674807844
273596708452
144500504276
352071628499
322155409328
558485122326
635606312453
832567274725
231190816954
878986355415
787330216364
049357019891
662946271061
531149678224
402093033172
173009805167
018575375612
234922069007
288477314899
695402895021
307706227999
778240480882
803776817206
644705363522
194901046089
833799803276
442219733623
336845298591
871033841283
959255479560
657646418399
845160516881
200260580752
413187843881
094708730383
500122831319
213358546097
077708461877
268046311336
395504949155
397933422972
461599901772
178868818785
449670885093
505577165884
773254738529
367547414730
061721279233
990036629096
748127680352
098354034410
366616615875
637672106616
914991992877
366547830287
242763188641
068869227393
417917120445
128848713937
001090977555
954852070141
062113217045
781202596418
598522353371
275826718940
741674933064
990185104168
991491168476
317822821961
593029170558
660220178836
648979579438
908576915505
112486435436
750066829127
572675030995
108835367624
858197390131
115694971291
100978867775
525046179074
986727042069
383035489639
156068361459
608826681006
482555696320
043125252316
068103425963
835109158883
429332180691
372940276115
086325363080
557969104278
828578134410
385450915559
524397263516
585830780243
083800802857
457942975143
430381355396
531641486580
105369188724
494827956127
863547837387
981732617478
891427800503
645785209661
624902477418
859256957273
319161158594
998653982438
637142768751
141271755035
716221417890
344378617519
821074265058
566699755969
904569358073
242790115710
226182902690
973964856851
188267262591
578577343397
838218833858
573984597189
705256319747
876916099959
804193788167
890660367097
127068065589
749595446168
061046467563
239861161025
809204066654
913796911394
211306279834
792187849420
135875624590
094221204142
652852305750
141566029761
345087513282
153635833027
736988571752
258099433214
422167016149
968219032092
930694843232
033807113588
846409001228
227702005350
705384064991
977629383010
248479766245
588658799669
719532298443
394442229622
394927906321
598522112960
395521666260
800420597659
118130919265
049275050871
230087455454
295709751843
321874848016
491034286536
214124344176
239160887220
519585943288
891669036122
879584730256
096214915536
139295118095
034225686768
700037422706
105081049015
786690949315
434411415697
886014673894
966411391862
870580660962
642431862717
942278383604
776336701241
671894616167
464279892256
246327096305
316359963479
003951848168
323897680460
117456329797
560883186940
442933270170
322663865796
860234721677
916589231604
716610060710
860885264118
677401993811
043218461818
851723425825
683012777922
785585420473
117614858302
108975993318
538768295562
250413209179
092893812359
708406636441
261911099961
061441040047
950911822716
281032263751
946988547908
918912686628
388087006416
462429993094
892332837806
515176679828
942636351123
801039101511
691148588155
374124359144
522958511399
293255239733
372448232754
657768187864
954216377496
598860380378
371306412905
651301466741
832762302091
014932265297
448016772231
439710764440
680125103259
007745844585
231700507768
697714210574
871765554557
078967692927
866677074337
596789254457
060597132884
921578191593
220883815481
649443547080
613969366025
188618450882
004027551312
443976061040
860327268715
698809371740
745318228360
531841788947
602298103865
886220547303
939005393661
945420085331
257783930254
067389152892
002965975844
422688757153
563827554068
805405709403
548043610812
486305691369
409325603430
154456394141
800605362211
297263020920
167073967929
259593103621
860575267925
335702003369
382243441891
189564842291
302429232313
351681707131
466798680000
950468391803
175287946168
097091608518
212053893117
527876078105
020697301878
563367451455
060622992007
520781925706
795653984204
825119765277
448561687536
677201333233
127708655766
349225821294
635444245892
962894176232
495305680800
359355570658
435112687173
492612682300
234537917109
549774722266
143994740746
091047750188
732344112847
327084909813
471096741021
656521789988
735320423327
516451954059
341480832416
465049670041
164253022070
360469066439
394850133501
967979882388
652287970847
108794167960
516643357744
475303609708
313368520457
465531817910
365212129443
224511475006
859487592073
264392655347
088377195066
652886277766
574781801762
598316284325
913225051195
435807629618
464623583994
175757229630
166836446774
252246654201
508203940390
988558572927
450420292571
147065818273
841692532537
305878077773
121375453620
606498910991
045591554359
900822168593
924817064479
798889681685
210210490451
630257223295
079689972669
097266978659
514494208318
818659215633
112048980469
951493719246
314534771144
322357679289
839624993427
778298171381
230816779434
991279905979
129416514542
550655253076
588027971034
752607955445
928943669077
042589722614
808451646892
059565080121
913158996607
816637475357
693781492004
125569529869
261308386983
298339292835
703949426489
355111487127
450755309314
172656784510
432781278489
044238369022
763726876494
799584641533
324926884832
002469164090
370505419209
646572997336
962408954356
436110837499
470542392068
634030292748
819772124866
538366377532
007937267334
723014051347
810635381534
873374533742
694607805640
717624719320
217298578999
564364643781
166992962820
837035461967
084732535547
729852952422
006684017267
939007473359
562756184533
126514991075
009874567632
324850540825
996426220873
106869340869
436190500412
817382893449
198481455920
309427522928
757481877071
857914477415
589315550662
421836574398
666237146702
283536978760
257096730165
896407208220
920693139006
934041941960
143954966793
559863841925
738249182607
501436470651
556701764873
913985165792
448898169528
398233003278
642383953074
804687695764
154077514903
479706727135
130340562410
833745448273
329255688849
523361367728
859371643107
245052894470
935093276209
037879353236
675669384033
676758976073
717447427822
708483763983
476029077291
719717354625
946350850601
156940548133
137073583695
253167502752
623842479172
011848511660
071598522182
148893298675
819314893053
876952230688
034923473344
682267119464
149193402797
705698367385
253664668878
501642852431
054453069761
099506213718
002127673514
291504687533
203815914055
766437103126
192074532912
669124536766
734708514731
805717069834
177418379248
280146660481
040000535184
829858098382
356129413781
657907207054
824814260490
571447160634
804131138584
310622884570
608752126427
619583609605
234848279826
583878427454
419214721475
186277846565
472045250295
460726949831
210369378721
939694240393
918627173600
427128646897
587867371964
578283200049
898647057600
313132436889
983727732760
698923532660
289164637863
425251324704
199834232810
387579133263
308727113353
172193230618
530252269151
191022395415
890293579918
057490676076
057574429872
597889023843
745762307675
244066293597
799291835276
822014994591
649590392259
420874052988
229579918638
260629879822
115070177999
853952003708
428135374345
769303094060
796966831056
182698497291
105415848041
428338657156
038786301997
785434658930
278804888332
009143316975
085505095568
790406154460
667939482632
298685960912
589037625449
261095392944
210509036133
013846029986
886219369341
556150557123
285851643292
364361093164
846619252956
010690463141
210295543674
996954285249
795039745806
259139499858
996937740374
602447832252
416930092678
011628769750
206732613109
550477223791
577576134942
927021102885
272054096879
093016303071
357326330167
529063544407
125850891520
603449498890
948052033137
972737904544
786162001702
595772238792
795774343268
811073479527
537113482904
187348488905
896130543075
731691010855
287463054999
117254642830
685450254947
372480785618
872598093884
555855587928
832925636789
967598326251
821732525868
750355607609
496308262630
775237850113
283052204526
483996560681
080959047217
508206163833
239595084443
870104714065
327935474487
799485304474
081078140481
115004426706
203300377492
567432259261
615325825162
896354091415
925294589031
945562572731
830388864909
068827912183
926935431526
597624613222
580786940072
135445853570
849284353956
581085090080
295248673708
552150875047
676313146311
225838180002
598145461464
229561491668
830452990008
391939484685
206578826773
888915127818
307362547683
232254628388
215874463289
065315324507
855542987173
896363051544
633047540281
199255229480
205607617130
186157195437
900443719759
990808348811
983487736983
622224506770
282273152476
403351165872
427654022323
790537240636
074626740763
041515545915
543856585838
972121060005
461684070818
816197987838
600368251245
991866383776
747381838029
496965469765
933566625539
964111967336
178587576763
790804650139
911679958389
274527124110
202110691094
041256152787
155286292013
229448885158
671788527191
046204414979
013016761532
395076423286
774937782793
613176951840
088727939441
731521085644
975615889512
165723482078
097093071091
176881106073
823864573159
643795718520
209665166392
667595378179
288474883464
783130793227
563634939219
007910526945
599675819491
637024005752
791335206656
412736874571
895324246008
891420351515
745676566904
174905101835
300700572990
218866627484
592829190944
559887746759
534179430576
349965714410
945109562551
565588008486
934683159506
204247658124
463155723149
017504006520
265697065021
647980199496
845109087172
735559797017
748613976339
499252647992
411763094855
444486701508
169745073173
249679289498
597161315216
716045238867
550918063721
179173724412
981439450944
922255057976
393248227705
274327831684
462751813144
415010948689
209877644860
776840472824
400268362569
568993999030
728802341353
356543733957
243677471978
914827602404
808690015231
224120712714
257859469762
917719705364
460087647123
707410283844
091493824983
027405216911
489720621856
923014678104
169295136993
170039956404
125990831533
261582594737
355388197240
861961991651
695816628280
041973427291
793617357794
304849480016
597603808850
906021479404
366884176193
253701285142
486718004049
758441657716
539400951889
829285489924
148516453498
288367713298
215750364215
204811269620
078375779331
826699742111
346603929759
755377775845
617832930217
623656058908
080856372187
405873798606
496950247076
560360996936
237115551041
984266944533
210066556592
835441213517
801864998494
605083673574
413887692714
376537330731
060157869574
353273388871
558650365297
407336243088
339041610276
574267297618
251275710784
226661032062
148158147000
066914691888
890386186780
219392629548
964893778512
377911170700
743576466203
984140857530
649932181646
089078714964
174607603784
137234282853
247034228680
212884340895
778472303649
024747081542
768073371074
699678061610
594229813802
518703862428
384186201827
124034345827
741132456915
797164598282
701623870599
134585073995
900678792544
048789397183
463316977659
917378630751
133470531561
676759140331
889939359585
745625848677
431675746138
581083400734
240604548478
124118967312
605499640803
588217677003
169291645177
929526322577
051409402866
297158784436
341905412509
829209739138
097305374404
057119713217
864799632153
015393276993
712989967405
967165099567
799889301896
446713843618
075636363247
941695423214
979246933103
262245693948
570775722434
882652462582
268070207844
080523480850
864305235223
763691925442
546025912682
212421180568
518998843626
467471885688
866201282312
709189632377
204091961341
039385568562
776541202784
623920728340
486653005985
019422952004
307889616262
590530498554
200572240751
806043981391
944757785151
412298472400
362821389180
799691211219
938751048516
311208173328
613474508379
466599592649
701756098648
000083375460
563180307792
363967003606
703359906793
218872038894
430645732238
158794083306
571050373706
967357679522
197837227427
919588089702
219235783961
472697519373
089420449672
656289067559
696910381998
927749283822
831764728423
771089709192
182338730359
198228516518
891438756465
324671834220
856997580936
930674066869
350196305984
638523487235
364027028537
374769438617
670173112196
006001211213
914594757499
146051129236
094413428059
178449868188
693865981579
333996361794
068095999573
632375509812
352341427049
327537049303
724445050919
619872396247
447371677912
545057157463
519437221955
798242775103
206923541550
138103744051
943412341478
863228689305
565420843782
209579382676
984412518362
216849347216
679731339733
312074189924
754169167778
284170227113
432268426966
483626626480
400211963848
271034929665
487770863537
387506265020
604382098162
276686831838
056778278860
889184960301
405957874702
575008962358
938252886288
010338929431
109218038192
920473015190
122122866373
063712271290
091801970079
253173725492
315373556429
860097501801
388593485826
691611400610
274474764080
206703099253
095415410335
842838852555
114991402910
997763265566
400649795883
009720775217
743875914518
912447218670
259780907195
102563869719
360098489499
877661929652
835670182314
290632782751
625008458950
799007081050
049999543674
916107407685
798123437499
445304542190
478090765136
218636886039
267466906071
747367807299
132020535909
781581999167
535106556232
369683843408
820473728702
105363582416
601679182846
244036079937
844025198303
464801768818
310660990019
744340994505
657219002218
534914332376
615527440213
336862103944
522981226524
253871942952
597517083611
217631670806
600033646957
099866786751
344588607936
659280522242
746379211636
099849818959
891840413850
558856357594
028843854807
903686773432
433095012149
048887596806
908771391853
872447341648
778840661227
069623947953
059110647731
349634580441
703701394658
138911143981
145594465557
019924360656
862986673599
240953051259
753832459336
972128234256
355134751083
373464752039
819170569051
188388096166
573794981952
264363671237
656213869040
228610651701
178323902985
394039328648
023014858793
899169287638
947657363421
834683221450
079088369049
677781638121
347726021056
024167519152
565771197680
367907570862
610269849278
713439579309
816503595662
655968888166
829738642099
770885704203
037561629417
792533320480
349293444122
835388501554
745852194647
225113206210
585424500625
835645230939
383761224390
621617914968
215413143348
720537255931
563299643272
882667845699
561035890353
640221729952
712526557086
365526795019
818837900388
268604997939
766290577025
603264373854
922597838729
875526892903
059913441698
920719735960
041214017024
949091664267
029024586543
753104763520
356923552655
395800948099
849664831218
257596319053
250622719778
071572062210
094336737165
389374776869
206978353333
233725186203
694656349434
251501711087
340660439127
506781792500
401680151599
337626170502
231476185162
215366383624
898585297272
784385688204
871769579302
002550831356
999118257208
627571184347
073120627250
304636555443
717205400664
946110673934
196602994985
014016801274
577092495524
634944842195
356124872568
109822471808
651116453432
952609848538
047699460172
273006088178
779086787727
675759279749
878263874311
478151616778
663762234306
705115689467
144498064517
471346026372
098075957178
059568407631
832693699852
892611563493
566608587313
951113381431
877325710928
022518663125
787757685687
204535900682
493462715505
611667246028
081739759374
031581504654
471572927144
330584950080
415390151135
449394304896
712949856650
791150927493
291953692874
925315620199
318462479761
582381046451
001937199379
948134848694
127022253728
799631341447
654847485140
101943819226
083976857163
367247672593
716205096961
203962249412
975517455455
310462068000
620505125731
976450841125
499126978964
841417126719
407146736008
750594874762
814227195655
981793375577
597051043372
299508336249
838225334514
830598460046
315037397176
316811650634
870160599634
365036487834
586412673814
685690242559
520763486096
791546213491
646791511925
324987198843
225372152818
054550723679
439760755417
371065855701
940385145610
822526076107
948679254416
442518388966
986054285201
923813120523
173109868261
642011332041
643658669554
781066105371
504914667303
575167188777
039661740594
146532102196
064493414461
511411422933
195623886708
431310761201
390902019022
506802986173
173917565813
995386370389
257835751290
643239288869
709345756460
687530737052
653814013170
745469603497
505440941222
626309233235
191356145430
624972595542
834089327046
048562907091
081252830801
396514513709
929496481501
762951674807
218342591429
235498508054
899232145971
722507558947
148717238033
956208078636
744502032111
141662585876
546111245857
014045128139
439317319240
518079774612
227443634043
275363815866
179762042266
095724089192
938544678563
312067225869
819289004448
150826330275
484799899169
926071891695
659310161169
477561807632
457150461577
636529849942
562674026835
808308121110
967377545468
744466084366
580629100283
599855480895
084170662653
899467731835
517187316297
767697355101
325063889493
233418959814
122027430878
769280688898
316286135462
773920845605
124596838320
693810204669
498278117939
778932273381
648668948845
704160931359
248086904153
778305533548
079516745229
159964747558
747277575187
510002945692
390095448099
942990723020
382419291859
817708760277
648848973355
361729735403
325608411098
806851375541
892948412243
166980420794
065276444669
286859068227
921593150606
140077811395
590269487355
959833525549
108702800097
627167450608
398931782647
123653432417
326855679081
384357917672
836127271359
432253019708
061548919143
375483574396
329984605342
691641461110
631012532210
996213974032
852859046358
401634955424
230516651082
587708431392
403172745573
327276101409
627656885257
461394355747
383293162635
584384591182
198950668596
965901788270
095168525087
831642136382
282418840618
635186970889
103163902842
171966972846
354964182604
215540553115
928775606557
442823156259
104756282017
422442271591
987849479961
487653178620
647080571008
348386976062
821147282394
588920493388
296165599535
026159283486
365650121435
705457693264
464551437344
427050436394
318177478420
244420156752
950382974609
171622797468
717335989160
529714579284
144553642010
322657398914
203868085305
029406704978
248150389567
146594717134
278608052792
292531040965
682910697670
684393592992
898275465512
172751143487
061017567250
070372957623
322325625942
698698741956
079726149076
299587185946
177173454902
143311840532
317977935796
155895610610
429876445809
933923706091
351667554844
568538282291
540329501161
217731817386
091793325415
636249835897
764747692574
482703262409
201503166418
660547885305
834116477738
479669469891
011033366236
674156649424
500790716363
528158351014
914226979623
571328587637
165636502246
409838951143
688890469526
319189228857
578013425768
657658800870
075104687606
675057429997
057374366749
524293548552
165337364802
332358668474
049260687824
927666907226
321357574445
614454951971
290265025135
384092795160
442887171432
928705201528
148054437451
620572142678
818885508289
044949476940
554620165519
922518819624
121271775616
046182046291
753434983052
671440172678
397508845763
259876936723
067448216942
859162845397
354817816561
459795711237
790463050024
565179220576
182206757233
146969850326
956007755704
341880382033
242278807592
939746594131
797733377642
404789705661
135984849615
567552400551
971605476301
716685863909
662112481307
836228563411
930922835707
096312974845
625732033618
223053805754
516202567751
717994174710
563556259707
671980954823
079466516803
816576363232
365638106167
154765981843
744419475743
357014016323
450702864901
106688166323
547618420929
720707851302
839753550485
670727067435
771587395787
024340926974
664844277724
295856564328
694939050356
363132250826
838918306538
964787801283
256313196481
332034100537
138316890707
968192197514
531640178774
585862912171
019684653830
292054544207
843484938742
236337329858
792559962359
862514894676
185388330878
480379374400
487105244408
995705750088
798151542990
963311302194
195676648744
540818022506
079898790359
326247574783
104376490895
125199493317
110394235521
338997242271
495717997939
469946906163
702298679814
189164170068
094449261026
319306183477
755650319666
539728873738
631995506665
708235292678
979972708552
894351338285
771290869895
597048378978
198343138665
062100207945
837533481105
575482118554
879158384370
741636273632
893479585193
493915195987
649182108010
521266780732
642793906662
112735551718
048292736756
581831991348
132657465936
370951947437
497096248200
329087809172
231930522096
125641649860
508532629532
202078368222
760929878928
340045075707
174776206529
675278740331
775373589988
142196742476
795847747121
424388364520
330689603822
797507710438
432132210903
177447976117
686466679011
725556876983
747687914656
015383943845
648668155544
270421933698
292654294726
199161269370
121407214227
298681099900
869948938021
648444847504
074943587437
483583390938
038052651274
560513440242
819018433332
002056105940
041198868574
515846531781
539175406383
602627873416
035117355001
559756185537
229498232446
506551711358
913417284511
444798996557
197435743162
037765019296
207390846630
728821917872
630935527752
280256726498
729220274636
413172666050
117720838990
557346804922
074955045388
620289183323
771883002263
183592655678
627175380739
689969609659
691089761003
695130993234
267657582085
678671015206
411028196408
859513803374
417710965656
705904349323
134629622247
446349446692
777835908096
974591937966
717177812613
209885066960
422904126527
498609068311
150768185459
283667026964
682406066198
878539275954
447146234469
787885624830
799016879572
405290409985
359227813632
621952217303
184240994013
281133108503
701384990129
395319177123
415662789014
728658317745
131098603784
768520660321
140876589626
924101656647
887869056986
303826954734
036836408662
776047980157
741037572619
294091600840
499268160553
180424711767
978945845124
699105962942
803221335297
481131306267
219420807274
951308855736
093983891540
219258522714
665647894177
784844451535
815519121500
693262502015
061316707429
929062437121
393915414434
320054932728
964888374313
715948681095
131677382406
385623966200
159559183695
634178519840
614322598824
383337021176
724869011899
135573103559
098723024319
807615562915
342272101850
328340138060
552144037720
986222125941
939531419964
306606150593
926772431110
775622103719
392250924900
583868610265
309084902493
365991292899
142874107301
265084093265
166154477252
802931521224
991759807058
405982398302
077161256944
075463487522
819208927221
566845734750
332923678475
357103287559
061873705979
316278065608
749486931346
899002494882
178993827058
210392440370
278693369721
134279967800
410996578952
534623107715
787819147245
658043262641
797405485161
620235806302
194669982879
535622570816
260912650922
509762642342
957769512271
184581187132
589219654182
597920459036
869189752379
868600955136
161256455100
828753031560
575300550808
091283213516
217853801193
629060728561
864979360096
880681931743
816978150549
980410783334
743560342622
934064511578
042216930647
120606705770
919735137864
434324923460
682382203244
155486368230
112146687771
629193134211
744248738954
935494237086
285632660875
507066804264
371090332877
074293017302
055151122116
357692453073
107864119236
857848424102
375654547173
305681220345
780450267151
816782313157
335506293305
933713630174
224635986153
456372161511
354849383201
461691679178
073468337526
158519886818
429308144837
478660841356
429187826219
919061249453
640786868299
942018334559
442147455032
240187087663
795242882322
591145973258
107703894380
631345415598
502072433005
518344657147
988071907666
934214889738
524534438294
257047866855
255654779182
660717420432
860919598597
520273930596
939861628645
469977264759
661642992156
975483756332
610573139323
562723823692
600998837048
510695270209
242264951471
990210819430
725948539588
668438358380
083975878183
929819085078
590557937887
576724916298
342144279054
457400530047
829862042709
763686408385
642283327236
281565752793
939096051694
656880767024
742940047261
217302354039
220128808314
519515835210
108056348476
463529486599
436256525580
549814889088
911804858453
093024323004
146273114910
006471638125
595842280153
279785108599
079308891296
523735559961
529383702175
784221830830
808690310757
659694416222
914646608703
754576485546
451690610808
964989167475
211313339898
366001134012
941710082799
011439863607
005476986041
602106571495
553113730625
815084205895
588270491069
343713293077
519323666098
984931179153
753075637713
931312683993
023938561802
811245228642
492273750311
912378620054
681323944404
988185687819
407867869713
149284489014
211642034832
980923937677
965549312236
038937138128
191603260071
973253338255
521454326178
423931490030
561019913789
588022979789
175353124301
041559106257
037530067094
361321108299
188465154601
005940354079
478543390233
042724496907
850645552402
907463301709
721967871712
925846329622
947081261200
584537325067
930049974926
524957288573
276635740866
292383765225
784354233257
100069375191
701905302638
086282075683
721712170442
756411971509
092195066456
881117727170
289242844469
190919564712
871574270671
687527508158
670225008748
464167914014
992596279116
064192255199
979972895619
467501144854
048224995729
684980316200
108722829082
183198330584
830368026869
924843772797
736546379152
157962445619
665791108340
270459564421
788877719054
195807677022
413164133655
594566361008
924826646174
218114942973
491787771038
643593791866
975184466069
589428226295
712544170937
604091079999
586520812374
763393901544
973976925575
128857056036
003897602486
516705645907
949280042790
218954645035
430949359626
983306258927
041152239919
721941028745
218359456413
423921235407
118642288394
025892905106
517828894175
344192996178
737355832689
580570821127
750861913360
863196553059
974633821767
628548184039
089202946316
574429665821
510822654020
004759293254
937353346420
852877445452
100420494139
122606569604
785422027111
433299764316
704827644541
984209284567
368320121852
365706863307
785708952138
154537870275
371235147429
686556589435
122988313900
699751245662
771949243550
255236876466
344794184484
021846979031
713437409687
734303591254
169173460854
558353800367
938784024767
838408730441
398831930371
786511288749
692206710670
793374689391
652528901697
215663549795
619701704614
246998432871
788145209522
631549865949
878404069863
065176933188
930250418265
974194580708
363453026099
666008032520
380194274647
480989876628
343786939010
324559725438
664039545358
310542960364
085559368809
894959804443
476906618429
646935929416
703806119061
065834621066
612576885005
929498413712
610973823043
770401046340
501635554506
978256664205
733422642452
098633385500
243450148789
121229505342
730505512630
636037437422
594772147544
809678139352
231211647798
368399072935
660817772468
894993907956
685946980144
096635095005
623076412932
069911952816
691801771197
359205420965
168997196757
879756227186
780192567758
536390024953
906291999433
898055604895
410604367959
163134472720
713993919688
579712473500
449256535934
592179251281
355157689813
737987319678
379101506465
727273029337
248191270803
269450953425
589905903955
495458186180
648111047947
171074085913
572271048618
470417574402
342072071601
710761721542
144592186234
671375435014
598058170617
941063146122
983150632241
144687411150
462444261946
565113201299
738030478216
728666693923
171933734277
218469323293
153091999537
080838400409
233681241245
789960490211
471283507370
694906817954
978772347682
210272176588
069302353955
781019804193
923619571556
987912189078
374058654453
194513198815
476804549781
105951897128
789647372202
544770865237
628706163272
432768566761
378867563758
694645200679
697982174444
455492693701
546545366212
233243844077
331441800979
846406403366
063571963203
291306150758
395988394326
949646033065
005299251206
354937796689
692718546209
616822245309
223886242985
937007490214
381504282742
729370166337
820809459522
723720845125
468933568379
925041085811
154045885751
078756591473
587786497607
757787006118
473965629588
276037112996
339348489293
800351795942
878993515406
554221575349
564707398131
958097380822
037474840204
224388549941
243461389718
931151295376
842260145075
870647475582
435519975447
570708683499
496459407499
471639537441
018190986634
808336681733
239102625416
700057937751
270154406345
856300031205
979093994801
688966449617
117046445281
601285858469
991351316478
510867675987
956966543635
259784701365
515977016974
535201803688
699933131917
646786659441
624061859944
977053677540
896140289795
603338765321
508022303665
519395030560
504730129797
475322525343
309118299297
524668658684
912799776639
882917047239
686971699465
534502725643
965704839369
825191846606
485834013164
915358825891
686317698314
985489500745
598121883305
207401927777
282108656570
736627906852
829000864216
538844848139
159775435334
159675135309
470566787684
831726007726
005225166111
485645340791
292277534058
931673525351
469336145946
522092133223
568071053445
090383862619
140194328252
749713330727
980179745689
121672800223
521729464196
964604695700
897122685996
839389997572
353220860167
840174250008
199796076104
207922819725
503373941760
114275919493
727283141120
631507158628
915940846029
238013450267
947701370756
931795533282
434686999811
153129219463
563697705803
444669983025
345038521603
277564623404
756251484797
481323732984
588719513861
663688943556
394444613343
874343575696
040501312681
908441815727
398588557692
753784796849
536172171992
102701299293
465110979824
858827063837
624101186033
918570529568
264233022385
121385241131
944370878330
117501466615
358020394938
442002924432
029763263329
266174043175
631415171484
031214965904
205188456137
029994972851
165512406342
871811061219
818990865613
951972044104
207158570203
876552005529
361414981506
617886291962
849289262955
844797646300
101402092414
917483550655
592691536704
247909049461
767504158687
914921569124
540993882918
413681235873
687289169494
745697742406
686715352589
823006105172
805910421661
111849968846
859173194393
019268493285
316108572116
649743890750
611326206184
281072731084
901564113302
271705359236
288071583354
794003148135
340321307435
829344335217
900603279063
717606713240
158964673019
228032150928
226223559777
925583247496
216268044285
381831102591
206192886996
168737753927
751201068447
373951145191
727366849182
557438791749
610258965999
818316278775
126566274725
721721960474
536819536484
779379508229
307911214417
776743539267
703935598248
829044595935
625617182745
377348649106
179932682827
385473713472
385629669300
773269867598
516454685275
577362494758
434147101002
174789474923
855552262379
065530254888
842974134774
669756149109
656256918984
701599723982
498136560893
445013956424
021775188384
080931038985
752523000593
328345206364
100181968717
399236752436
340633829250
922696828906
152453544838
926141487389
301355271420
534106756449
592128150756
099758595416
116677882451
913538118502
377664772989
514793126004
616158949040
958139180422
733963244563
047343531006
259586037019
971943277015
171719139473
620592760887
380470568271
092204550844
742014620910
724445385497
943748800224
849953189804
937146481877
100599811597
778308712807
992722563809
747149847375
567379165385
081572990383
971854293669
287364979636
166479349599
043139788373
297205857308
967544508639
857712967348
398999077424
787771388057
259031940356
262078262117
770639966570
394441808420
040282383250
155508751331
111463277692
244532987843
075351688228
943244308076
644962353210
051898370912
755406277069
651829214140
832145033987
299569353714
381948843910
765827084717
016802178245
612924367818
273304651775
437793745410
051169025675
261513609332
598787645586
905331688948
877682726375
535820082074
201325196903
443834233649
739989896852
902134367388
854915558468
080181676216
067728308072
642885187385
185511280182
753672527412
175452248783
461422068663
764394612983
552208374348
709631091293
461222231173
809846414461
200931011964
652052936468
995185109143
632155803723
980423803592
503007371961
954290921936
591600245874
181986111559
779969980883
809521331589
195516376808
073882789270
955219310685
911557331321
246957510296
211093582582
024808627655
414036656794
770143825185
616099836262
194767963372
111528322258
223986875877
147059282732
295319873889
440626219160
860513886700
639467759386
816840561950
171351202808
780743817457
360836752646
416710724975
668971766355
209734638865
094924214574
178244881713
404657367209
657394328333
058754929178
369127355714
010011943222
421336468239
933107512234
907546062151
672029933655
306681485922
642349194291
979148205291
093066705103
284179523449
939382049444
340783480640
225030634935
335983666555
693402785869
478847849916
691282817067
706982533944
175306255770
201245873135
912721442332
396921594408
603930466264
800659593723
832792298571
714119623658
958946460376
607721358936
602385456334
371075759735
748680254209
921422020262
315358649981
681410959101
961103867181
361333465502
747060869138
305938020881
800019122784
324770737346
058214421510
485488077400
420386344238
355455470942
393150395508
933768510693
461953879116
717713032783
702120109672
424808688217
332804131566
157794101528
376834383222
720836912502
941326894397
139895876344
560213678371
285760080336
875279352337
095832176217
266407089965
046935903257
084490012405
041676521578
255474021529
996382091178
774405613290
049826740488
827653973402
698885052247
754232309949
905958057736
379270927411
285325498564
600587153478
032461699635
325589447109
618730487459
990873793711
545101108580
084508066741
677588345853
499786805413
958062082292
248475726986
247784805717
819565565312
097738708197
130464499474
899763124720
807873021065
209083905476
708674417906
716353700516
530105446818
639383924332
356188956479
925188618071
880952826713
532397338840
878659403378
143842061365
649819619397
880710604176
310562787926
904873243298
381825966819
319520638348
294213831886
958400024944
644819878523
443145137002
298351151144
737130205519
170283193531
378765951926
773199107596
905476043907
917722081594
039156333165
626821102445
307274112703
387779365630
897296742259
786981449751
294108933213
496140906408
923611654103
482256106367
487850383276
158044142452
848330703108
955584201897
522308973385
130523659050
635844571113
624919805811
371026000352
356831151813
747863411568
377324459858
243340823210
458817461650
311566754520
955667291757
701467264098
050628809621
010611572286
611707566235
138624437436
583660011109
028159754590
874082861222
650643781702
533028666572
659342956576
804651744877
279410172089
425833118171
805815877394
294516656780
376121447998
285707104166
118720695602
993265743879
165236954483
226656934144
086619522594
478540742086
641995739088
690091626607
279740265068
177649577626
953081761146
686338957757
641343581989
436799943248
601134274130
842852683120
559817940647
899321216648
812073846659
122274134172
335036315498
425314682876
264583851009
799308991785
734025669893
749473876634
704761056309
809171500998
916221440489
790572005542
860211616110
977780561811
027055362029
861484980886
642043760508
121269661351
066085513451
505086894128
520482448924
661653417117
825181895306
571871220864
001065539862
788191176969
962516726601
654920797545
907887157046
484383816194
200359084416
125226027005
323395249319
782549793428
992490253738
264354594572
954016782217
151846220405
940364869890
413479513460
102485514482
806899274198
270529491184
836478836612
628772491818
046698316736
653358328933
135933141591
579927485613
247136125144
134790970678
244396796341
245253472935
144753466595
132952415614
505766779586
755402354204
085025164695
839342194392
576202021844
967758762820
600117391102
290979466489
419536656433
063170802463
970468065914
601973421253
255290811055
039837352607
956876886142
936521124571
027226713131
097959369767
874335051741
539590702766
967982592375
150130533704
007433781006
308840376400
503879182167
446673754344
513892350315
173843920038
402193653403
770068541595
243080439086
401088326012
304347092152
432573259209
230327425339
859379934403
453060778325
064356905114
848866054664
543373807110
746935163487
481596291569
880866884933
571704811319
016419230118
222612486545
960630147339
136909527248
360337222982
987749781291
227325853278
393093606428
800223424845
507829057034
700643733574
839926702085
194401188577
411259488727
193868777998
126240463979
866927705845
631755982072
420309967439
056657765537
282937152768
959086712958
519870905735
462045507785
322844080221
019408855803
080621206835
435751624188
129879416410
766989210754
524389189453
794115050066
544691600793
442466274286
567843404160
342195954495
055968547163
556928319477
707356456665
954537009694
198389515005
094871956849
979201766574
661550009286
861412399202
885308881558
566513568261
141700664955
181116596160
871522937492
185888258241
072262141083
422876708865
827763917221
335299400420
854177875636
981232571361
497411911498
890478101416
091917063417
114621618813
423636904537
869920885485
137889181051
791051459600
945394554469
340514754112
244522259425
323608275576
958712655457
484920050149
387217046240
780691417554
809088534491
664495079638
128026305383
890281215707
943454877577
468037262866
405460263288
972059997375
599405313694
624842612600
389384210661
324250300508
903515202327
863040188008
167839347112
914924964632
076159253042
203093061438
684986985880
722913893352
441087644848
971524584521
793779260794
740983818118
010636583834
556978208919
223047817016
528452535062
783927434699
013919553567
250824260173
395421356990
055637554675
871362367979
261617938590
326899308310
850628464885
980256762047
565473959768
127262630086
513318597242
669277168340
762160238750
393925760271
650769618051
778922904982
768792254374
652722818573
866715129335
231858102524
867797030687
419312808356
292370264231
422306571261
388614246728
798129824885
852060586780
587013133102
901946663470
720582127894
313754625691
117919926414
524776959448
072273535263
420469574324
003723757726
095248315196
003564812455
715274460877
617056620249
422790961314
260456313296
875760495548
854382472261
894306462724
847641404397
136293163938
316834344098
170251550986
407924124159
702514589244
382547471747
170375375955
081100360951
623706554142
933508619031
569743306384
584581553922
349671887391
582571117815
493538883143
284588412345
237886634555
599639102054
345409666443
114797294816
588264740750
371484343456
614533110126
205104718940
882988546926
977469193385
981893654660
233956057424
311417128625
145290395899
570405769242
859931650091
984636541391
251514090352
882313523257
885619831394
475868998710
305784484275
969457989475
617270120822
549152802072
506548914554
475010932488
253828329815
935403697723
808875379101
793942860327
219847930428
486296156773
168230204777
267995982504
285636948738
708028790341
380026808289
144338061222
487764749983
452795846982
281299733307
867827202471
767109669226
240868100040
086522805200
057413656174
631106294579
017993253421
806756367581
291143153193
886651375929
517791001674
999702864012
709270831470
949192104606
813500985346
721797079831
592401186612
358644969791
109714423891
007972245781
361303720981
179321217614
694279297241
520303884106
465148047335
780539849464
785962848447
944043556214
761355628028
355776913377
837919800740
204021214418
043292699274
279312333443
999956108772
158401891197
638817801332
434731065487
587327276158
369438022235
546228557204
568065185440
841683957072
950515237799
811132867342
164164838995
959022663473
507547441848
768803368262
181896701724
827522431724
599191294424
261370828499
447814160119
952410763692
855510731538
957036103240
117335360599
082998897862
581617795458
379549668898
137841762931
390521383518
060463492447
393155380282
469650634300
852394915376
627604790134
618119646022
451433798985
079911948931
124472720636
131880421768
899220198864
549894195149
246722288489
406952843111
912366817620
955086620671
546963057010
923206976344
248731047505
062597380029
952950653619
053911334212
965986726299
895035355010
723660754568
337278372518
533985258861
235527074376
954182882782
929263777618
488985551127
826876867251
997350045557
373746577643
751110081054
662458206153
465930392501
899881692584
793447552294
637076947944
123529428594
577336773724
349849158989
200156664316
305746305637
517393753343
865830853299
177131042300
027063433989
128203042454
010478360134
065132767870
512316635659
162507228084
222135912384
419144243823
529774462521
233185510514
999478547072
480299153138
658448755064
414621201321
585745419575
957680015358
252496625737
135181650992
575329326905
969093411699
925140109240
368109928465
030269767967
476844047246
334617888810
105844749091
625808208979
854008791317
489380037352
331497305608
559160746525
023919435390
639224151543
866482923341
393801308807
126549842237
937665709479
585315162558
552435079766
494894334326
399293385262
133201076567
418462475066
705974391428
535230363673
754610705343
135250173260
702142164102
027108693032
444019115552
910384740019
054113050750
594337690091
904472395642
496342045039
332782566151
773225863513
168152436538
223173443645
352999525991
643767512796
239711269248
728512599208
944089572859
055932651260
252334866772
866852044035
800412917935
789447794541
263416407001
695657435798
820295570489
678129177200
244247923638
562059257687
314963787349
678060117052
569531451012
332099322050
458074248055
524788122042
205138065878
953970316353
246695908524
021140319297
199501119741
330109769928
525548677826
528203170821
068830897198
867872300814
717275925389
152046485376
400954686397
148708758243
655215814349
587990971040
336012053590
545998617758
862449269507
357341905910
166832478297
293543227675
282565555121
237623320016
584987194094
007182028993
958759871450
814066618391
733687312859
617064856414
975360136614
228599631602
148929958255
866327271564
452706624862
852102033393
032335880060
975093742776
495434022658
886364254555
450954494036
544855523018
397698203872
341207390345
292132609820
656164375701
366029626707
894812808915
644562447078
623623319839
047946170412
988735360748
311101606751
737880536122
134139339326
663394322418
015972052374
116728383565
757694498817
533484170095
486408517960
781849036752
506086577944
698421457442
542875281930
275948729588
794280229983
459791359065
853448723702
882426809127
805805291121
767875237730
534967339043
588880624378
712686825499
629467533327
822713873038
869112235659
775104936620
605027172600
714359270206
222683167657
176161265996
398609155931
088727837948
821363553331
888743085307
566363011975
121237374121
547102849920
664546370117
836804093114
904608900109
770460601770
427368874239
824591814448
365761052722
486507131123
326953381094
708827367604
606630755157
670354465967
010355667554
759474411632
648015389550
376634623387
853516974247
616445095836
834107147876
735642828930
161154403465
262494991484
562317204774
557182520794
056832455685
891243611715
955503394209
450962312319
737925097310
163264544875
114776612689
866106727822
055604664081
542028114638
630907804505
117647973518
816503874297
911413835867
057959175122
941232152672
076608818673
702956032976
913575259785
764842684137
890756436957
764063806080
829139932907
763627041373
776868939469
657673849393
624549347107
476681603242
731057281108
720986851376
765262149589
623535065560
340176040000
299001252367
375876324102
209591053162
946417637496
951658557801
999366919024
427430416092
915076052173
296603642764
972874539639
131472530106
219689941451
958440170132
450768814642
076731728117
563471387655
605430806227
265323658266
555071553920
369231614938
706388333344
451550487964
846620250449
157110356889
542394369868
485493256971
695121201767
103844733114
251990308857
479045622263
191363831808
264340232590
803174197261
735766944136
309864052804
109239469963
606431201221
527577407430
475913967330
532341462481
776918261385
393161991177
350715496279
165215415188
086348307041
003596653378
212686215582
654084009429
889759075581
344657810896
233404683384
530078371023
709905256066
186156460617
054277020851
760207482319
021659853474
915551985952
959520846284
740539920678
472014285528
772935568816
922884185088
545138444653
712264325710
143095935420
993061524553
793373049001
709586299532
997485967071
064794866785
338288949638
357081143710
969909982677
360987917555
972045402328
135227730035
382340959674
877141645018
054566777333
405748564164
782955102180
275647070664
133919255883
801766058863
672359850150
412592883903
577608997084
802628164435
653016245395
000287372633
831373736945
211198813472
611544495447
182284044789
332162823468
585026368541
813056241369
600392019831
881981512845
523627470493
762912004042
306706446745
983850039628
378000743071
706817037356
681904219072
471628180480
139958620160
712325803554
487790865307
107039829690
636736071700
699908460308
420317299673
204558587738
567437163437
652022406955
587742912712
476838739833
180383699377
771156072656
559681342348
587649247411
345658082112
685847811479
731897409341
173202265355
816024788878
390475630160
146841013890
738865492448
213066714792
416753059210
909610068097
044380172454
886083254884
399252509078
294923174807
791344287520
843963782127
523201959195
381340103089
451161432703
578371628721
990304093544
429718250547
739527001441
055747728501
308459633509
881215545167
312464837547
259513758368
750936067100
651311056785
269542463144
107044535411
713834089661
245433920460
661380560328
045553898767
575696668247
358536412377
689068370718
378230194745
878880663683
518053671899
247679322279
300538829027
124500352794
655836503203
162300097999
395879397669
557659273596
897017610270
406275217097
417425464421
968839834781
867522288250
927757934443
042973494805
156232363228
880237637155
204392458754
528238326485
834866453687
572007942207
414590899282
590993325000
692582687927
242986098003
572133208108
063086473787
502459023138
976986892524
770846183814
321518879216
485138842263
301382941462
647677356594
972145747554
327846580844
867894684789
552517437803
270373402439
634579255955
676296846275
452309023717
314985247227
247263998997
406136516585
537259816938
661270440255
531180023452
518856457520
281149864105
732527710128
149836783726
734571509722
706640279985
760701868543
529129905309
703040476532
452353100820
712905920309
472334634268
730814415626
681431821269
754982831346
967304262517
158663213878
867585126715
722886676471
700191546856
863302427250
380103380677
959892852440
186453394415
549380146007
323198568112
816332718076
504998118183
824024638228
995753639269
483983392101
667649583358
513848616115
536432163336
157634915638
847064116260
148170888856
610451678649
332992423815
422396327833
059646034458
235546939596
671019013517
330618466133
260984434692
237146024035
982848052925
120958447932
856237591240
032322715609
806881770481
048296330632
929498244464
555455668435
590120011911
739122061716
629397024633
211689839641
850736875853
472523495287
709892774575
749111853684
523019075978
740564248732
018349155026
178425952375
815682279459
106633799876
735194574331
326711049734
808026184985
075982721497
935404888904
762484529450
228350880680
932860497997
090791394909
847988761599
294189968940
719378917348
280114186268
015298353483
717671388308
960761877096
951205498488
352285320774
728578074453
595615002904
250630544209
964226105631
240080657989
685617485027
669244057395
945243515126
913096728364
030481760322
328944272129
119265868353
833140101090
813134810625
832233455669
830656741689
780111232351
223458525321
387331825824
991096878326
246567674283
457226042797
669640915060
511426677090
936818067089
085007248855
837106987304
157694952392
028634877109
378330543349
048001718100
282969868045
793228774277
532673456914
549243179224
142287291365
676791601351
999455236906
141642635393
978209241379
122851499558
297639031750
756987874331
026597475497
541676504063
005208684475
555360901049
482059406503
748679833417
920130958903
938343684074
729793054371
034716995478
043933814393
686823020046
858551639940
863985004829
349878392530
828182092971
464321188161
910524162871
206737482290
742164289245
246231710535
028535413051
767573148813
196919421921
388994818253
795740643802
921385626063
294678899011
367643089550
983246510842
290454085209
564031180636
264475097634
944259769739
788129267623
719599626693
520965087904
478328342312
707661652403
775255397161
494813404777
483115511975
314489336368
530721906794
073144713695
238057530721
184444895859
005859014511
028853792502
944743168704
164126657541
264356076397
149674154969
983735827679
973228396030
419598512695
729341816888
233913226843
608401871955
064316158692
761949453868
039226997692
859503488372
290041343633
885796646707
664867998166
460173035301
655563102648
323634666477
670324654218
009548277278
347372582336
200590667773
179446761906
897246975756
504566611115
250013138499
671184409392
092043427991
659350744093
741081754382
689492933149
905095903292
457495081371
457803104443
581792384567
146214669519
231592066888
479334278423
102382946890
929894839584
842556172070
847253528623
505724650596
202373024400
731225822633
229672745982
560797749115
901296947426
897249084787
231755347366
120300231721
168803293363
016092607380
218318989049
712674797024
421213484004
180806081043
453625305811
291343665637
090969027513
580487048995
695488842191
396767732800
635480695473
073265240034
629457715316
270838612343
079868927141
229942560217
955947718086
564362159421
641242676999
924218189442
782961422204
046492392991
910694446752
444826634792
699146212483
112067704156
692625940633
227916313566
150781619076
038696929887
561581133230
452482313996
357563999964
366503044993
289700108916
747718619003
321066493448
655603554828
501756898863
333557565260
896111839293
718516943775
099929690649
029075735853
208668897751
825761373437
342003537451
468661582200
898716005026
117658056197
115213619773
396019672979
729564372634
407281194626
364209025592
886421377575
363833202502
171701154721
043914087748
664340473621
600397228302
788259736149
349325461139
749370146969
731236868856
538326634183
098606400416
569547920262
334751077646
980467156854
358308787398
416598052767
842530263831
857834614604
863300172126
780054498547
488952384655
478576907983
011414750766
203501940868
361974589230
362972657214
429500454109
229268652610
570375360059
070782474925
582632468913
036338414185
231056230409
481418106926
513043996209
339712068329
516309668501
397103572017
436043102304
099370385317
255330998378
447184807800
131659956146
922802362595
027488005676
721352430897
635879053035
913046184686
381644548706
121667626254
446258921928
554997302039
409896455131
710366981623
084033472916
586804986655
633446343326
937120416264
943936421834
296648614389
726891191629
502408121352
380382770522
813240192148
968433941636
552326244420
959528532356
960820440803
045771422859
148128441748
792939608658
538358551810
416343168089
475296853519
323288481717
766795822808
133594846556
608579074696
588884302151
419313814528
143653010311
636773918854
957715652720
984040715222
561499244823
391656306199
565261745520
740926217426
677454063183
594252541382
805140883441
956745073006
750929371200
313169083876
360063506155
418664856184
680564208556
509157019734
100709479973
444086350653
799461096240
634961526138
835962806933
608340419729
293526057849
865698980421
228237449946
626220517100
581301622814
882579262022
712301437223
582204463631
747305655451
550630029348
259309259576
352043404833
599612011325
863049804905
910482298713
331718020552
009415042782
463442414303
333410301053
391268625969
749624160049
101643860516
300314939431
964483894214
694144523227
571387962619
129227822569
272056941833
012784511284
780433846596
801060592193
077557547944
156820110165
116242247948
199198602146
899422962102
235843593406
001489853737
512627177719
449125988764
257937439505
313474118238
774562437466
874447588777
278102207963
854432378992
896011576526
458573875665
494495424146
340825716057
900407762335
977418659750
829664723444
436937976327
841623298034
125937903406
513347951175
007410376873
665200087220
922782516612
850389286741
640632755688
884280847016
680157143964
104466147515
818367637303
973671872444
173198122009
879648245645
838799656137
093371311922
744261831471
970114123428
957807445651
826279755718
064231447761
998124087767
482313513440
477530981996
960218796411
849049376927
529513536595
068473959589
178921730163
999404813094
798721439090
952516087071
477514443206
423020136678
189154234869
547422999143
489104792982
384528024169
822784403552
954682875415
105048642260
364791362335
985546635921
985778902276
574998773604
378932293973
068585367431
702266845406
722918534781
315185734459
261275457950
022506474692
939297180510
133599237189
639468414686
488730905363
368647015455
128616874267
242606291942
905515090242
986924888193
349270789727
686054606499
605635547825
728810168069
943567472949
665748007289
890139633363
736507811021
866856562536
313202847282
599331254857
237560541354
095727225728
573123685616
634256073474
698730564840
200431688716
190713365310
065505292173
550984088671
534046352320
788014918250
923892664442
697391105579
707250088998
511245110741
707792994006
040367250454
196657632475
153543212230
327218464343
739465345159
363307685555
589800172646
273071003871
908447943830
576848593756
762215378983
407344624638
463841781369
814644120212
093669100596
354476599774
602854655209
910890335807
800709958171
290297557223
198379838321
942067456775
574937355461
829405494581
361420245947
573024312729
398049520676
509878612822
676820167360
856520799502
338454102392
995966473094
882136801447
469581746878
465893594548
378894023014
658459820900
610450745672
130509289225
869422974822
361118878400
301204313794
961731727256
027946464769
494430330340
575286443613
440548959725
461820281548
631594408626
848771085435
360934406890
952641123227
918956401480
707570032074
547616160010
068236874041
337423467468
975112000036
906225884236
489025738558
027439487512
975326008269
606656399512
423250222529
509809717016
411161785180
257839548845
287041003356
162505221144
621490093288
971339886294
434383098160
858928880860
576532317121
936997383627
330212374808
590232546779
105609956222
244738929152
055238039840
054945104578
839302089753
420199965203
271172849220
508267674907
260332996216
440433892474
728039532117
191347055936
107924651650
095548401830
068262568964
890432520936
619236119203
599571180610
149689060056
721051306626
753386758340
917834951134
442848805878
330987450216
262897154063
168378772621
367498182826
776086808944
002696259653
477396469895
908200821857
601375153266
521190132191
957433155915
786961159422
744326705891
754385818439
236659652720
546806038891
589270744305
670650236687
676779263340
996118909140
526161191845
393295269945
094466907111
303383482420
116471113604
016872298052
036961871949
788672361556
501405613820
307792952518
105354910711
395766233273
765451692288
828942678957
691940462295
111069010029
375080118233
465562831327
074216768929
311387886359
190866412000
231938112046
232272223558
036594653233
185045033063
576850042029
730384865114
007121610337
364726276207
087949158098
813345498583
790581788074
181631149797
763968771413
460693113398
710139004768
393968326730
557758919266
692181229013
700068890672
718598148170
368958937456
553265449907
097479760265
009712239444
278298714737
981275623736
270146118256
467206765255
173536110031
790851928528
724335512783
090015384763
965449277221
606160273859
972589431482
469084835125
837910909045
574093140830
998064328177
212940933816
318430949695
029119357802
712449778249
277094759705
394343436531
500638179151
321503011832
227502351472
165289030259
195508205038
236772031958
921744949970
394334442406
388894463007
861413955547
539811920791
735238334221
891620364438
912625521591
647381764052
748242996308
349679497273
075771138388
579691434054
953248376428
600944428990
483572235342
485257570802
657728318873
408517850319
819437322306
596008741786
667109037979
003890917981
943617716098
421883977683
265618572733
920651099778
855881983243
786867953778
576115861978
962776444485
304009819311
584957110674
469354530342
286093394047
477497954068
104725067156
956102136246
584518635049
493721736063
237264899397
158594025014
256611155550
330520027802
684573725391
596575854719
141759104072
729445928528
227080308634
304147465854
149545471138
083277804181
935149973781
057929150923
342730451292
898155808550
846783989232
962071813130
720136968792
653817435240
158771340543
950993186911
752703322402
571245495785
097997420502
085526294796
946960083360
809884118219
460106985988
504270314295
189107294923
158785299699
414661029076
656769834544
567214980852
352142692437
124719201650
124303490284
281089623828
875730750303
398399732561
967674648201
332070261338
652152361436
521508581068
165191815884
337179618580
949429963751
030186493091
457858639851
213777816312
936420808265
398957076245
373570397721
802551462881
918211259091
976389522862
238605059004
965740923586
893887707587
538754809371
640971110248
099852111765
608287576663
750216143087
910384138545
987605492518
707763447701
251721861923
547133187897
472094281888
292557720260
116859225387
773277174023
083229981519
050268745327
561886050387
912711918116
629806489608
818463422060
919266638393
239510639463
283971661840
122108396706
820967709169
542163884852
940382577455
460283300472
244205690973
116082392481
062420525384
308450518001
274413490376
984314750775
125475504068
867983542603
676120615550
049904232139
649401860952
956494135625
949033982510
564715008727
447611588098
836716983432
244163910837
621216949855
057222565155
326289050329
951497960571
670077957070
092242213984
775541468568
860458923400
884302852199
652197473693
927216549534
242163855035
899809834742
789935688100
441197289323
212618786749
068432321871
140312868954
312945570057
663092545444
807026566010
496828108936
041564850488
850518814366
773614978598
540118883747
688972498444
910955793487
528932373668
991729170308
188483571038
517059684233
990415025087
376400610155
904747497856
448214538241
319402925534
069133336199
273015983908
019583720597
660145930228
618601744191
576463604711
792274116376
323576990862
146245933923
618587819026
267068557151
288860533931
609381838618
090378205890
028313948064
188926486576
676026000618
549417900699
388346701264
540904441413
421795796856
683849511431
401421421669
225064518227
670735074667
163600680477
023511833202
419296787166
289062052251
902189218549
433043320324
862532158843
606609394720
350609560845
901169060115
277151447283
709141862232
293082055413
852499307385
833334650903
561425909629
108959801676
420238762492
865062252436
345587293469
440559665929
586446838111
842987993642
514887212059
265164091575
768839771534
042192610624
608026091333
143569414747
641512514114
313917703898
586774008140
123348147785
775169320834
784494585796
212713469942
622304573287
863253713391
571144375833
440464711442
675739007087
935619942579
779860058091
988538351164
013848449811
015141194653
651520296895
978900533533
947789608337
592244772238
184336167156
667569833307
044830899728
524313977478
671254980145
684437231786
752116002226
384697399950
349937938502
621790835703
239290435373
203996094114
206074175885
621493214453
507849217986
690155814721
086244427922
030964022907
745443229965
303244024029
907675446353
429590095617
643494530899
028732175285
027853826836
712104515864
047921951124
496761954742
417013334528
329209646667
558188362390
388458165234
405536894825
995980185691
643487485971
326302697598
420467587967
894751087247
675291178882
352871662556
786925044846
449838350153
993251731319
182565231772
580173286445
545503926405
266564752429
319024134179
604080643162
622735130049
483320525970
409326734979
194870909559
451004221883
474315053481
205421783145
179773228145
989739890606
103230967190
769160791697
451281996469
910677406383
555550338692
324911352100
688348371918
568519081605
232516868829
431273936855
533917591964
101025879221
857945126295
908885101318
141768508254
065536165036
384529932907
605885279232
117412374036
620767441803
340952937541
333954789568
729793674353
033657195665
430534972396
577958590996
954374717949
908861961862
250729183914
648763067011
813904829525
158524890525
920157854027
536093190410
468189760075
568745745456
524379815352
665232275330
485019342024
589024512374
858736234131
570406144258
812788275713
370339034185
948449346554
150381050039
513806357271
974346848358
482047347805
500958055100
889928508392
717491652654
470666367893
154782785421
943356755111
400945191973
943852578727
364180604376
422034176640
467095912506
629658773747
097130204009
392880991223
120170798730
847311370614
957983046958
576359387606
093501664989
905915771015
048078791555
026253262412
640091233033
389598244528
166861893295
750794255633
172083086057
332304600908
070111815258
934910943431
436865611436
965611448713
895121398086
996268626937
241208662366
082602666701
242104652576
696974723502
545431997942
575777737324
007142539181
288215659626
251700578413
699063344058
031156846615
726392620494
085458940500
349348205431
247358176294
094645426506
760981472137
230219183896
302753145949
925425402536
601311258227
787168079154
000499110927
361454158620
237902314091
366042367293
764076925477
535170852476
663002930527
745624723874
080955390393
339718067433
755126493740
591911955847
722386650826
317605842029
170148510116
647659500979
024956862165
724556838687
784409118853
761320600297
178216877592
314631864176
645529182560
174170534141
083506847662
077364558413
914996438098
346496568536
470415506025
980080947111
825078745798
038252509133
449177687168
376174149826
696733573921
736292642189
571483345186
669844115028
978992754687
695636011398
331459718025
489959449415
432117878606
282133913309
783705630207
600600546943
434648128436
483552000157
368114679374
593315303199
622185121964
335726850647
872690296291
057008602592
266113971193
917358941564
375650278997
448354396622
825014421846
615398742217
175724508421
532474339834
778454548611
373413427775
362985765389
625052149335
559617475631
960859062245
429271340065
810154959337
672547041281
603735876003
621337586395
757309194351
318944095246
242402075063
654230764129
294603405232
561776599126
057713651768
615107100384
927482589778
370758985624
470120370565
175544300905
540650578210
893147485399
217194411760
536695694166
790935314598
697595173472
074427013492
015981360179
709449132452
297306252737
254944146618
721770576789
532229346184
123496505401
071676189967
409493254666
661264094873
535073671474
175574023999
271551077615
889547087750
621210660240
578625107219
163951981580
717011461391
870673659986
633417492332
240385419134
637415703107
283455994349
624997697420
109829889103
947703352147
740503235845
039405884533
069453610837
211543997558
131062163102
515680591405
232109319572
726065083676
646974168508
808048108912
398950624081
486906579304
249577463459
940658644012
784943631874
463913221744
139183471982
526139906753
382286204901
983861549871
147771972773
948788992522
170502865660
535711466217
151288055001
859279738891
944450685763
511999866976
434151442022
533169937371
981187392788
786886784061
089836067469
310099128372
962299236596
720507760005
308207382345
294468446466
621657659320
553103630952
260115829582
609063769955
990105068675
803680951545
825205107962
056277676517
532234688599
681776624331
895944565704
709973338479
925298120997
311468608940
938684180448
946758509533
126762480962
332524671539
866774025328
886556958860
094878054458
982950856313
864712939916
240605525197
107782669772
498782503371
679677386845
425323752917
157349065293
157738286999
708318000254
088976852580
137048969509
136527575923
816816345715
212557371633
931316489679
667977127843
857102245049
202117167539
365767702432
421492653559
432734890264
025263549343
913488163781
742565279741
814123543198
612005006288
512208189683
874682255643
177337619034
409465711435
194229023763
369315823362
525594167154
415725749100
810917982717
609283359082
225024468384
911311690832
833632744857
695261502285
377834926499
864759928804
030790018646
237715103985
973133383641
796720958014
010813312644
502223881335
301872864077
099593972167
047007233598
735808954128
612735493375
784148970230
213553223335
748463177007
100552896080
276779353767
625326962250
291203923424
107458664187
964940142723
412594407780
076882280317
879966067893
634917245840
041193223888
869834856484
113401338158
245308902784
493966608939
773632874060
029330995921
859321623837
490551033267
674514867269
514326294598
796499070197
641357845649
402513584011
198492560727
438655712397
597834651271
455466132431
681121621045
751113318875
262434397073
360397782997
456200973659
677461278164
910594902529
623593264087
307507127929
096348141035
688778029634
853142292881
778419287809
531378810020
427519113766
414034642920
789346222812
983261819719
641123832100
898047374098
129710041531
752917812229
990267186488
594181163784
021496123762
993363804710
547102210319
256248321972
833829770062
304421887089
749243635379
163044502771
960580841458
777195066342
287923897235
072226275781
574837185965
685549767485
743103506145
790382507621
325795180662
504348480472
725283413213
753325272208
189543839963
252674055430
929430613701
850982623405
633798955597
630877422672
401109424066
933125854983
723317978262
415096184325
322222316208
120331738485
059779243264
509825958921
653432165427
472932993188
523782256803
189803567587
257356864892
714887924304
836554781687
448089023809
377385452940
039867266859
492000547391
169187271799
948596044029
533333240991
042640603931
974081645068
374562228002
362354273785
853561765846
763255803603
228877555910
815828953600
043389613895
508133683735
845635333450
561835085552
362386369938
921731359688
416751858750
674545091268
866361557039
065081385534
570592781329
103244815076
531272614070
381937539750
743172106719
716832056108
229820024848
083096805696
000709548985
604769185730
056464146250
899159531939
487620521057
938976473399
985486249876
066981681195
502613672449
079080393487
938688575255
913401614409
635029086483
103821615176
578773618391
910471520132
048448670025
526717510423
489431804736
075826595797
922891658286
748347686515
350372185781
059997665734
441601805650
416730324238
059182660948
626669388028
940005759909
560216738979
333123720399
496638624275
347674160797
327852250158
425957184530
568198920263
996037308230
535731919360
341769077184
074804342285
659952187643
102845471487
960346846135
193081119689
959181976452
256215767468
370773077491
094494974049
656794257322
281058822257
910747401708
624631027019
019247355161
368630766135
694286715845
443388451738
434384569367
788625181246
954209903006
967529980441
370406062259
120402595807
592586336671
293323883501
884952347546
210332765494
443384079803
062244736941
703356920668
312550182531
889502816614
499238397164
182809696953
776072191215
365090035456
405141803666
499419320337
006306186337
243747395304
227301392517
526965876337
873091679990
491205639246
296564178876
725417476140
136473223362
987542928770
913997648605
450741688111
169923616455
231484066941
104287267564
283987937560
778802537245
816196075763
202228031418
810075184054
502635673711
033763064433
284767688115
560724928699
593869275706
317481804488
410931252622
100347522965
694669087396
457474852680
165021248368
863285926192
980395748340
492935989259
966426334385
060539953100
743319871040
929260525075
447235940624
759547037602
402810168922
127309875739
980631103163
504457606551
966522059901
268476431332
738884895971
421250624953
678300851308
681319376642
675359521737
662959994069
769697946373
860324878343
199009221100
972358795740
368485557276
793595097392
069787610299
430767746175
760132444382
436049309839
153224966188
691227780370
255376130390
913042481582
059365271517
939438272263
790076886458
116833738481
655996181674
466670285908
386800610668
278532856338
399403808041
067064965733
319821142762
231332306680
246369966544
605415555600
875335636342
172798702800
088457196577
558282727552
171834109864
432940894263
658512298764
648968921673
630439345315
312103721155
260465270136
150430300609
134938843228
637736404426
332906204467
092716602589
130583725695
194948467686
557439021567
938924320616
838622390726
427309937220
832358243668
542075421013
747846874213
905255078313
725705678821
148787357732
418760394261
247351220509
101031385020
279268050359
399141267068
633475850146
247536891564
841117671310
974609175404
159369232999
255581603558
088591480211
134313375516
769117226586
732568025466
549111822137
411385245862
450105989582
757141981332
816202449750
167374644340
575594389886
638909568772
868036445027
786847080205
319787709519
628816290842
355027847442
579188603664
782957545370
196946505695
207727798340
413922251549
011817597391
569156672816
517216738956
093117791462
924704985439
408888431101
179807427527
008761386393
807993350860
396405383475
412578187540
843657733465
887775004234
494546212962
791165203124
227442961573
144841573984
269195355233
805382941409
149405278757
745309162319
574481676449
945944557438
062491744198
788134804338
749373019068
360528116479
353518048154
464710119040
581040240268
983616762871
573109391005
718218074842
143296241853
793183769243
342614386224
291755348931
382115407173
572317506556
315150467004
399747849813
170010474528
868872958813
137366299771
534967361928
090393697628
876497691141
064627053154
874081625570
329392273621
222591136865
297981694361
068072992669
914112718143
910503433119
028095318477
165215163712
739275666741
058674649035
948215983578
144134912671
634467895139
100234257050
239909207125
026109036475
977954977416
053854184020
381654987845
810019539917
664570183304
432984989848
044947918036
253354983172
416548730741
812340038813
951794658238
439856839942
925364198273
115967473131
953676729924
581570288485
458610900536
687241900917
299128907032
351340621099
127492515608
463908837004
137727507116
929437776557
379457618839
303011031316
928079810186
835708959041
482187289068
901488143649
245187006497
183502089487
648041722200
870603972901
791380627240
978783048681
448245403124
888765954150
793292094835
516729997898
557509416829
036452396274
342220180964
805727118565
729007861769
154406486530
479516987575
845317183535
445973018228
290427369650
244042280927
492785329316
472361856123
348015648785
858822008615
120578215120
605693169764
460872145125
780696951453
813236889349
198868121917
864025254598
056072072153
461171727703
035789300196
898474378308
399456842003
369010740868
277905077791
777999934358
875383139337
201843328357
798753251205
584101963391
826650340526
405140151481
119347774533
304248797433
141125511767
953619292286
211402163825
224450984870
855680345615
855679068744
006642858604
774213844960
941810840981
301449440434
642841798324
418453088783
070247226226
439915231451
389237312553
731646850755
648917364082
711679450087
075596868125
638431855086
013291258996
758425005881
151509911465
421114323538
159438480164
492174971114
443851347190
870146345552
814753579052
479620818446
640637020667
931203514602
103035962063
145096630531
414840630641
219624491837
778086529440
841720643766
457888486002
005427444778
721060873041
012564985686
573915110139
479395691329
945925383777
095021070241
291955504586
253401059396
094407377101
556902900835
939796982526
085509949345
248999987102
846006240823
938973692443
972221569660
955902858406
736781414580
849949636515
249301227514
629906312369
558089308359
224367157546
682660673925
526841678293
656880068577
067170872228
413453209443
734640226918
658320683445
918144849761
726315353934
905356873998
888096710977
716053503627
313768147719
963478829494
606112361188
041982120863
922297976871
389948934229
381119477943
552995777332
640783270280
687012093450
725902142685
661576907916
283454032465
224642295357
786852365920
071546635269
056670773341
988068098651
686044456397
823893218424
132939246513
007821912421
082478713718
462440043809
073212522847
316834260823
867315757376
708272409182
959129854215
597408280699
979177649853
376795224288
070550850052
729225228830
584456342821
275236555305
076822620394
071754447040
897153635015
604256332361
331342622174
277707601241
718870643055
885107336732
569759179118
754826179253
004628528747
619082729913
558780746364
959277186373
375455912910
470627144512
693412565596
452289816526
644260693537
474278176418
951894720608
932431404888
396915226553
186602755894
050104004954
537803994396
408022613371
805671088633
816758157339
520060623796
769118640088
332379918803
796980115492
064106687420
001124558055
193079313692
641059391681
654005388563
959980544782
563139842529
284000152119
682223525245
746441181463
551753358013
996763139835
942973731423
631714723909
373828550874
496270335206
545383371206
519886491044
375247477677
311960383334
880528947608
607017330270
033835182533
309366356297
381629717945
974240427882
172525657119
431878767086
293698587397
248941222162
196457238965
523483000671
612829111187
416895411851
581647825644
048845938426
858968056029
309307916578
874412333740
110048236321
229064749910
098128180408
688457048165
941745238396
438276370334
891866179400
896114502289
112658260921
529367061014
616511288608
679103568397
842668764295
379601775222
351181046765
443941293174
147785697681
058576295334
039994767988
519474983931
092379121036
141424811765
455002203060
087629843117
844140224874
142227038622
859216042725
295468119906
276502244988
498569974933
245223578135
536497236843
489046515876
961933040713
821689023900
416111404753
165879936632
006522516247
494893765946
568488670932
666433441091
627137907010
183366183048
308737024104
462653507837
253800429760
500892836487
963546461950
594210138181
270141134649
323168528529
646244607901
172139010736
935007848832
619563962262
565628435837
029564564486
582676016800
667072233595
397143140244
062250732702
260459231533
782790269169
124907901300
977705489711
521762433239
462023056999
403853636530
520337897311
773603552359
714474349772
204460755849
535185892319
289554271308
954806362596
920537441038
166190942455
645532475737
811677628969
693726940986
794756765409
538752186295
722145221727
059305928495
022740676420
252189202688
310275155555
315481586840
425891660448
942769237778
147821855626
509285352262
967838939459
602026980446
510635047560
484658319890
772942825147
479410018260
503248686577
345261127063
453894086223
911719378708
443270910195
523836023228
620853209332
214415630560
023038204369
493002700469
879166405075
111230939061
568286247383
082694891322
256354630268
209461960286
024210068918
703231479953
550698810422
115115660245
341992959476
206663994970
650741242667
782970432702
920724801015
429286916882
292233990749
522580177542
393834503751
366580544244
280026178440
168733870897
035345733075
244427744950
503925977578
357629897212
466599081238
220964150699
142584693233
923146534754
734676551136
146152563714
533630150808
432387451412
812348723717
010847279166
860159096817
938114395806
235198537349
052404972875
228922014450
314031297451
326692064649
791774943942
538549501448
527299398885
337979355418
637064533350
026141553022
792100920526
309453241544
310274414590
470311314211
134843422842
765598760518
529199192188
927329750689
856891469771
047749049141
575529283430
154459347861
237988472809
435415732978
647874375365
315195283360
101866141883
050237101380
794886433120
120540590954
327435096429
924362330747
509567207629
075346931622
127880931921
646092608986
668520248227
787125164002
088415384268
968563883351
351962569914
176274497597
332550797024
688948002187
426584412086
589001373569
737020873661
527125031762
462110886561
938411420915
553888823862
246245692505
060382526094
153202050255
838531954194
823052483506
788203820350
069449232439
965111964106
753979068913
829770495442
218563011201
260512249010
649279516376
259306369636
151788797224
624271411523
754565661216
693668093183
953237812570
727742346552
424592914961
636068813400
095331649256
670176682605
776010073321
627313826949
895626463627
415701333568
697163084399
397972177852
658384953475
007526147670
437656051950
499305449334
324189000245
802069691880
719685024490
026442864521
586844394226
159618380128
392986494581
325874454516
631407010006
993603131083
937564775541
145094580152
394166599045
325263734639
577963138207
052643474955
152054865935
413706102793
300319625173
151076105449
500895852135
022336298495
587766692544
606240522172
099684062367
795441826977
798869368479
962475192694
512538867520
253098738223
645487853183
753412961447
274061424766
956774860752
974241993819
494694063779
516314126150
895052294515
265725670748
561968647924
426410467590
027049283896
913597399145
398136520619
450460789491
186975888051
752254563200
422547593599
475269067569
041949121557
724148200572
588305908498
834061285383
701392593807
348364918637
690474411434
538626058499
975209542012
511968498570
979114009178
676016928741
235896633623
731637207130
162072317942
800323873705
892385401947
554340360823
262720187620
743027018536
143570551908
243134927845
460441214865
516502648004
258878755592
437665884721
330632116066
012703909051
307917092899
749395919903
694278372358
704116175853
718357092035
875274766930
010973248731
416981947665
128253916548
682411750958
572732090732
400946846046
250235115548
354016908125
557807046529
989359731425
996468155578
576455232341
002367913355
037016053330
543391125330
929712786887
514141665066
566537165685
054235415726
816572335597
715854882741
101590560354
222886348041
449071903251
065093330983
829971464715
238969275372
759160877649
601249959939
598740282453
850577331054
401755530432
478358293851
234083577681
437349622689
537052917306
156570459056
961238167620
836038460150
782554208980
674331239648
111066754473
537802164870
394541664690
224704323180
550580950559
117520768396
768629474001
791021880894
301299186040
186002131936
500264041706
190681055663
280269100088
403136715128
556879556514
038034045890
603891025248
571041913805
433618774942
002191689527
087584259286
954564801615
560776926989
083326453108
634505107855
929899038827
857661901838
651132388581
723490078404
849323862133
070776853649
314242185856
942883766257
414814119710
718538648925
327519514132
108272176361
500840180333
362465813059
784937842846
282816552623
661637817812
614148247738
185222552546
407009184949
520625135496
773933813951
627413271332
252698997100
659260224157
700843720486
859382812273
310155139549
948882423020
743431377785
501160459762
845182693808
774446137148
952179603154
997660516406
956844681104
330162562830
448389781644
274559860806
160898554337
792376161355
417578213599
124218529968
005826710778
228037607836
465471361648
429568173362
777323559348
811059486440
060214204926
745723670346
586221398488
003960294856
537029317456
793710448214
628415900780
170796261622
482339241378
440856781872
223348984800
340804695677
977498213751
918593269470
224283238309
852302228306
038326940489
424747664852
825906753464
271066577320
542689192246
356410237614
264248809542
471945139599
550869168233
379213433583
896764381686
348882060190
008913577584
537721595023
238322982384
673230525470
760109226074
214159254535
117146005520
747515340646
038819864106
065196428249
579602579294
487648340539
661204274612
321991173085
658860343649
150584254890
309841320461
101865885115
044358193486
741319545442
011823378600
579747466009
272291322070
600723332609
140840925588
182871213569
284002633096
245235596876
585202523258
470068924881
429099913142
174730365601
820436607188
219053023715
884401464052
139427162305
291816622335
175285316920
504228975337
885864913737
092225537905
028494264581
311599265384
589268663989
606288029212
651252505890
779253562107
306037678769
801709411905
513092710682
557006790833
927188138369
267850702452
696367881461
554416122602
188540471962
884297386441
088275356599
790932251248
465102757592
796777329728
450044312164
876531234196
286766583837
375526360588
622816305194
290475073211
868191831195
184859931797
466260799176
990221850799
489677619219
359489312102
214758527021
396673267964
257444629003
053597188653
572859722824
297659406748
268874681673
300344464351
649053823807
996938223212
846722299525
674431900232
377751926952
774003071386
318914024240
759789289810
074149652900
494699887353
226156384917
660746054511
654731840085
070242389659
251760204901
671257405026
805963615847
094024371916
997982018295
178906959900
453454648206
414679504123
435416881145
886651527820
517348363719
610714399631
490819079939
522110958517
670226464597
257054153222
363835899453
773734458096
666971740513
851876297129
154902729618
626317236016
870153961980
990247681123
374041956235
633799072314
399581764584
497612599853
432934199110
856736128624
195876611516
473731398371
506641022799
470062001510
056661829873
154562169639
536332867389
256336416745
257382150426
727973633047
898930704933
085803044410
919004854007
864405158144
233692312227
411663734204
699143676413
753849434489
514515130587
541176225270
215339870954
227769073603
998489243078
975773688267
319308846509
904695071229
464519281467
278004259512
165406149322
444646563326
509384670932
777652386774
596036337416
256962514249
529783227028
618247461934
895480970576
273552655492
405014051112
656833767651
148785749959
479386666772
421208015729
227709222868
265441297172
047009593429
513791333798
082311644072
408663577982
344037964159
245852122548
646691480193
492377484532
121491589452
988809144398
758237670343
119270229273
894777236406
063467499386
999880958982
136824401784
552810513023
413837812739
282827375108
924611362896
644675264335
937170515884
166662600454
939661156358
679227191536
936747944962
703333060283
171028989886
415135912117
441476850260
410716066384
223655637814
633723269655
438718337098
624675498203
643703602594
723289181042
765139467570
367832793485
360162142417
017607415892
451374239641
066540319835
071238163308
342198865112
455629442226
583391081741
333254956554
805890102889
616751009570
422850370781
114722045073
065985966399
576226369379
812938130566
519621324649
738808821591
630525544113
576779408784
153451172503
100094583718
079838032876
215722056955
305863310906
226277603376
121155287466
405852425165
464705457401
006057265237
278761378770
039782066069
613833094733
032263406821
255349203982
682811500207
800607740272
623917314336
273443528292
015374620186
831603770276
974787331114
056343862308
713296919413
709617437350
519788330854
372627799996
593322913700
928743407733
835090123110
363121453235
968195482835
958491171992
544774334687
217228856469
224344245777
137777123524
623839649355
273495359313
483441788144
857688750185
979570771480
249052321044
091466537502
559481527299
619716399899
064322315325
199892429744
656262493560
712998570036
219925105593
142741301598
419117180452
682810339669
715961145786
874221055347
442049899413
129122684828
001615210088
496126753549
465991722538
917457585284
813063474669
340370390019
967552895124
299880006497
843683959110
735853975292
255256464399
193154573003
266139335727
708401609396
429284664676
541647790358
083831900987
141026718460
281311264955
168812948227
986216560445
731732896876
718954061137
423094558986
430931194903
301872175780
660746596181
019262366751
001289948359
680199985316
835825919729
462668638650
483254082023
199544174371
904125880334
863855464320
226045680924
395606468632
929973115632
031317187335
454186198070
503361051950
317167619102
162216837584
585811687011
623746012026
181040677205
583762322863
018532379121
009909115035
456314699041
638094670726
151045118156
171121864753
274758256225
641710878256
768036454618
004542021627
941823141174
525284467526
042187562919
496534134129
569416886123
995930300771
984005237156
125146921618
536177831993
612926026588
844758460887
217011057157
917883127690
477038211197
302468499982
381727815191
539631169219
751036680916
443797127306
217057666579
337357733942
658933950725
405750406849
513954431229
432488365706
859174212192
255420874984
640751015901
226083313889
208253451626
359553337897
916919120346
044548376549
903743479621
740892185199
092022109501
306054193552
233278278611
155321254986
018968866078
550706994344
575703893083
422622308286
051838344259
687923492095
907357583804
498219599833
221264972183
170975152104
183222766186
592912535417
542657381112
945947370151
562422009224
547944495862
517052724631
962024395738
177524790925
094701977317
927723750093
169575047372
373179203785
961731379795
269359632408
640967754922
509248307671
983602134470
087376814774
884022667201
564419144135
333046261327
117776819012
364019319627
590558899058
438324061394
464930149013
067836232930
333249691313
678859102415
973126441837
818853988197
546150810918
410824765794
288981496346
809214709197
999032160299
559995784704
847986101104
507898951118
124798211180
046843615142
207117126027
703845265232
504560799533
869011098118
638596542261
236000458178
079741181766
241179938985
145174904162
824925526380
199746336900
885521639988
645752726395
998431807811
645565644361
746994323088
312875520259
970274460778
712220563525
097757584943
455722678040
921593031317
936594659416
800010672698
312298271087
359538116593
459027774519
723222968335
234515829048
215456908033
777759854688
094292379032
219529670059
950483351092
518338798257
849597284194
012153018558
578496069233
726620544157
773846886032
468496836179
999936013680
389257601775
390005735544
025299112792
215669830909
890927843653
397992733063
769189523175
057083058982
935391350354
554290124494
146337401453
135117764096
006398055584
909790871808
351855216767
769027468926
787655698144
526910383452
331305593190
860675264550
623412579779
455118688639
381367608758
523232154769
015318211911
600568952207
749838476768
761377232692
321615130152
030814971734
722305833801
469071101200
537058703107
655220038377
346818072547
890248268078
907879269267
413530162230
812389008933
889128017226
832968139105
165019912521
118773744681
662939929579
567373406664
943577103903
932225962984
293680663493
368702544625
748996563001
633344472503
093214983288
282632140789
231337587901
579260030974
148827312622
526561214842
855531028213
106079392930
703250320418
855412355929
368453829415
444129879257
514868911689
955183062484
595488861129
219734887580
507784767505
996584187873
654183712104
728763406849
274818555048
125261115600
184833905487
720437243606
684597390106
922961932038
301675745545
628514840068
217174341131
334574595028
970132790303
431712007713
749207884705
248307876586
132642286914
964178590067
263250399183
920488510970
032539849986
944206914701
185561573255
668990714473
379370867425
595849774314
930239957630
258711650253
141706680287
043219978134
409595270458
899850248354
099661054714
116104079464
771619088754
404680583099
574907173921
222138354920
916100577551
224976198397
605838195201
030824466981
200790094117
164867033612
740752804121
513106113668
141838263939
644557585542
855746492724
811202273111
789455529161
922213073059
370689914281
046185926184
174701638983
212300115501
684694376729
036721554552
064816235653
330407660905
092281053830
412233047425
256987620375
201799564409
393769419355
683245130853
692336977916
185671704622
092001221735
573446086430
924487822082
543834288870
913449827993
800654518357
153242349924
099645657255
328358796910
256892776400
515077527520
942902925141
374239441995
561590263060
774517369800
033590398540
383274227603
367486429431
985553443135
268560523968
036486958223
888145624155
041736397953
367975076540
140798514038
852663125094
103665154867
051549496067
765613911233
716540679257
504006544540
321847183916
658857941466
391805095630
225142137804
416844491396
491342004445
587923538377
439342662036
204672677685
355817757884
457821977786
406902426034
376461925015
446585925834
482281135855
338970207493
884963665632
775884534932
534943175979
612232692964
987137733435
498239079278
262798160086
573258843759
516218345017
922074641016
865998416293
513439618917
235200725173
781352081487
005283712235
316943637962
710676373230
789229713568
446729947024
872089413539
947546471761
632897682967
838469342851
172473747937
750091158268
992628485004
049773776978
215402940735
905958246536
391552564784
327539503740
896445624579
923761645836
850735934360
802830125613
239376933186
465029892839
986897508923
662030364125
648491380709
941460797705
711196801219
002560389209
141016078661
628121760414
783644694670
686781396707
912974239972
985068848011
750592633599
180444957335
881041809666
168433807824
680716089665
625210914719
483493193760
472623520988
584872190921
381879290318
630508023579
370351706110
018726776359
935731675356
405164071430
980346625850
687532292894
152004738246
099676378525
658801616740
977388769867
454677482321
758599046925
671969704325
166297986149
843415065458
522543647422
072921554895
782922028158
673107223244
651685307363
028345505771
200748676562
742024329134
189654314418
543606224675
766884312182
564391594511
285068890177
070219865133
461732547419
746691258164
729380700807
607793036668
028336648406
154050306871
170129705756
432364637850
109044368170
511973789012
116494925463
370377603477
982297447456
466361478529
885997740456
694937372206
537214905746
317405918005
019238610779
384362198600
821062836028
337890815196
235678776458
013462061974
251901275920
788245414399
426356263211
926676105279
545194805271
885424942090
024231210716
104209098302
151533014259
198633911659
014185075957
021259482977
592848807814
517704603682
715702381644
073455126364
323555447980
725609645589
625394446771
617817607049
430993125198
134174344684
451936892398
342990884882
808997816059
462733648327
222882416945
441606885842
874166614390
204998914800
162399568368
844704383298
665308632260
736405703681
947297379006
353717652886
879128771741
890489132807
188548915824
502405223914
990544609140
867671073512
811234790393
676381103667
584717927404
353565377227
678052486328
741343891337
910755821989
871605107464
131917705712
673247041815
022394067055
168863554189
720460423348
656817453839
040960701406
150279369119
487970568453
428078895517
178667543321
042420867257
550052986906
758676848736
958920196167
381941709863
607398523097
827643293530
133374253124
412480440639
163230778887
900092885356
000535108140
505380692255
124803034558
625433833426
287091849277
774903033794
467857677490
531144345062
863096437221
765238691603
943269243426
014704301880
794640328488
362883063513
611171561486
426732690444
847503247856
963475631286
705064981416
490586444704
173632565668
323867822758
421313441960
710436861179
615115340426
324297492683
020257179181
831684145380
897771993613
997827651961
844551836205
673427529603
091745599640
657627259258
508946239635
053825878700
776116440972
109069695845
224750288793
584132090745
211334538756
582179068062
249686200589
774072749559
412139973196
638828277970
007140056124
247018756945
323903511034
691190763090
015948361293
906103384321
801028965893
329060590797
364570278736
864911078688
621626195636
654775616864
012682781266
373634491493
889975717274
341084369279
418070460341
976770645172
340051638715
395749910800
762004335225
652255375577
156288083207
409209133197
076305135119
415177419327
964790995701
672936785416
287251744554
831870749275
776729496553
877006092298
868912606029
884259114797
025060192306
907339242879
015607622857
564555778208
208087492455
651943983691
581509207513
833606924999
728677785327
880715946994
927242593364
984314682965
362472773417
664249400797
199888275357
055055086044
742327065368
909076218798
646244537944
087825231894
995587434055
930487350598
632607032599
481277311899
363960563101
689064280727
065818780865
706857291780
718596736357
559760744920
221895790152
864013466475
529780497592
356178844749
575199455461
841022123465
164583581041
146938590133
617863988179
232437251252
846957850791
751689038691
984463784003
827826954502
186548173679
803294494063
462162642579
166951535533
667794410937
051665764584
333982890834
599680095702
342834594927
356968299335
924445492513
206420681534
630690888476
406977669146
560877541116
836740559799
466730685483
282409884832
769224712910
640447557112
468153610322
135242284922
668448547652
387800673209
808608912202
959492698510
308945193119
621190013627
461573352989
702848399907
101299374523
932929358431
203401240726
339050955912
789893579067
815259359230
390667084386
995612376020
785701361787
114814357744
295486584912
412026286599
387152177514
457874703510
949887120469
349588883324
283936502435
670531566072
519301150775
661890652475
104164525618
344709563205
743984259270
755434836593
896832530374
931443421298
641466964915
895287914760
701216315575
615633154072
433789682284
375117666363
845481176036
646100482838
163020271419
788045559608
255115772357
286470962441
830223750380
267591359042
785409183685
710500847504
743934173103
007805116358
981028004329
701180885035
634300964382
407736088810
650072563055
178336765467
092643310584
330515429961
686192559344
779258246634
802739422107
015627437409
689688586242
052080852826
234609088493
040336237292
489321831783
391204814029
362756459995
360327900462
572800005152
324096835542
857460426213
252574678485
515443832182
540353043150
615768258730
483566487327
200234705445
133561724368
309602472134
860314561751
928900965323
126386554864
711622938266
099335320936
671971851826
875471111720
837826549392
528518424629
459735660155
979629819547
369421351731
665405756330
793686101705
816986028390
867243709185
437449383458
626845602809
811454615798
583414287708
869143353261
590101884860
559488012087
724851710327
202888628936
519871880769
044091758063
188967871108
126767027780
468320206262
701695871608
301940195937
252865149206
678281728326
234999452258
378086985020
008938532069
420071899447
721127423566
988849084471
853228745314
605396046215
861537171040
404593058279
993894445563
021894085865
055874210479
775265256849
611639714804
699892225678
182030816031
600879512484
715490012025
936293654775
247398241103
566473265350
350245737017
536952973139
992733410809
085035083730
693313256302
137279692518
725482937632
246940980100
236038916873
707777864818
403430161570
097614608981
198755260564
511784553276
517809157223
940073519903
660264662127
957028767089
849973493621
734428852281
561974088670
618102407468
037156756222
469951204656
792528570375
702780604690
816181869755
953739855050
715287331489
725289732145
507811606914
354934888176
591931199256
811137974260
019348941583
518843976381
761522736893
732435530884
604284010878
750880992279
946386111484
303285895509
297975775419
845313096792
538911952637
747896822472
414580546111
145103001238
767254409679
955910651554
529215510914
518591373351
744184412776
098121280406
154892084077
525619123199
367163619701
162950783635
363743715775
014256237254
520614951537
164216916450
693434351881
379389174411
297352011607
513029565064
643275256997
290351479099
073798583985
887288509637
978124028015
682677291481
709811666393
283239142923
743291347928
385770364945
314279027811
464743409700
417994509396
707944709476
426253253296
737649821617
197340438310
640763286597
743639074743
039916302284
695600996326
544568840455
129754514848
663963176447
460383487577
824001468396
154975471943
135028346641
877176618719
671790520290
483666193418
336702216120
470099172573
890712829200
460386739971
421776117666
081051190515
718854665201
200008868475
888100472583
222337767717
818284844438
325059184586
664706163882
950957324256
287017806492
367536489163
712854636353
754013945282
820027682218
608960593967
062062762566
750626876261
501992882699
784489418935
518727067378
666455901073
737675515191
865866213231
610589189606
342068868493
325573283744
953506127727
809823625523
059878095936
362722892541
810904492115
035015101902
378332089344
805295478452
350962522316
947817160762
327551369803
046048229412
572115051249
414365823938
667661415430
068989793283
349872393184
277038613323
047015102153
253678800572
032206589259
177532014971
226014478773
196227624971
768900133323
015834318197
336504293230
238279739298
625841710489
141237152983
222681628758
846596308372
746330350443
335319954446
857205787095
683228115727
604392622132
043578768975
588208010907
941672850044
293869353923
303347019159
845162916576
966287470566
562689450647
229099503472
217582597697
818700597241
940707158907
266649810245
601147172412
016858786873
818706147110
317357330085
397954378486
436798995495
170729580977
700622833428
652288987272
794657607611
702725485948
210126978172
373306058833
920513633362
089679719994
291979328573
381443525850
324270899784
497588098162
235674986561
448116604714
641052846471
610498570771
413104526045
388256559835
183415980784
170606614353
871084422275
891497525966
772206589409
626058954596
473664635625
976060732210
400869995761
855227133867
970055330320
285223701804
590145663605
426305496424
863898248050
755313827646
708648159834
200611745382
394866921088
790529477157
561294814966
417488448574
001243329393
088060898817
816857777020
110814971920
510678504947
726269661966
321740405764
081364973915
346788590912
408474638757
636893846470
945003953686
314031894213
162954346960
446222755263
480218834726
925196189415
958166903842
465175507385
042661943760
941523757023
689455256979
263708608027
683671545504
450415868388
339749581159
645519776905
239227329478
355371752807
926499463495
017958298430
308062255858
934016267314
538682115751
708431369642
466575500367
507969033780
331469535119
679208990074
995068641967
559950940039
496783800726
344507584387
767241637205
939611028342
704004660628
451870405314
170287212339
923556936300
510452492894
345137597822
256764085632
530451768652
456395411214
592838782862
432984830252
726554602465
665820896679
831197457693
825711132401
954469806754
675472968781
585511682109
910664467863
289770514246
079969373852
610225348442
278241795486
516627229353
768016920196
664746577663
291377188180
146238971165
726272684765
046656025845
260119195526
140135336972
143354763201
754918840301
870951679932
203535971048
403061982799
599745553947
393986670852
258809257256
208098404234
397758305046
245771513978
723123817919
041373364140
975403821665
481835232718
222197023383
051782654354
404862541743
589471841621
234733357337
165273404521
542126194783
839609394106
477626497581
998064550725
038980674415
366743872528
314712239813
284839449460
260421749095
641188681179
642977796440
187435367562
065582632844
354585405240
400199360834
869219762853
384421089713
990078187511
046615226038
334657210938
475284993935
280996096801
192788313776
592296538478
449329431399
419448217557
151241594147
953670267255
327768236803
470364167954
792340622105
456311653646
007630866363
446656202997
967631317832
304007665119
971873007975
969559476422
792386459078
967392020648
331435654343
862470367385
968476701643
097328577142
604473093654
145867706773
594581451718
684288894856
616950900865
250023848950
915963910897
767541531449
089874203495
327003922293
677523961773
506624540258
257584762898
520702623257
791930371753
834039898788
011715953945
649399975979
694488566826
318529827435
348766214953
730311435965
350172252571
450479683633
957540849851
680845378308
337575787825
660383008015
917195317561
233824447837
446048608798
755284616732
076610914992
945073990452
650698431664
740569960896
046618520706
427497632777
935062246072
379607264858
351102887212
213267216910
324554868344
585360102831
812296316493
090702353053
874868030483
648255311456
356067923037
120233720535
986325662273
904773312591
042860472668
851025764856
964771411404
247751085957
737153693455
492349918871
280559574420
835064153818
482360140415
308844402231
419143258326
621219901705
910297109284
977305673883
702043809941
406606955374
139373453806
880936121879
249196311850
120644194148
717311807547
497544039116
428973620337
769286562723
481041990859
166068766829
978244637182
033255840945
987739530902
647259050988
136796199680
734622297702
351512045464
832070875015
783689020363
046934756669
516640251971
481539253731
291977731656
978701314489
048020779670
807352584900
597834257779
614887940736
244460909076
200209555678
231778136426
358526743288
399159039718
157021060798
169379183161
445225958447
628779121280
222856679532
875491366548
915810912482
496141574793
907046403551
013403718130
306973340512
874780087314
299292116600
584676507660
032701970345
157963374319
266739993895
597083070189
207605024064
643749662016
912980428613
353975567812
698666177101
559558813335
623903422530
197751065053
097445014861
285938963142
254197766801
754884232600
042762374890
394394719309
244863108796
846892048653
275233831409
007724729267
719249561915
696813187602
459027442443
976670506000
648200353808
240356911668
818274520732
023639341733
537510769157
188337843125
486542134151
369647162845
178182459658
341702981965
347660255911
932834932091
092175883741
425055473481
508715457486
568784375765
536959883790
273425895121
827629917183
581132525474
869644685760
155842949016
245741139311
586447860198
021482227007
487142583741
361117604896
832627078751
351234354487
819890974508
976626439608
258958084351
125470505849
756084736913
480311911805
659811809838
908590732936
469652062249
525388553771
648282914605
439123825079
128750924252
108810345893
943919261383
453674854446
663574504354
897790546852
623017468876
429636823855
020434630585
869584778431
373789619522
140176185019
256813863364
444118118704
822790241469
349001875115
251128423838
854620669781
916120519378
601626361053
271164741187
182186280008
830807319759
565298835743
135276384408
462124212465
082104190867
046315863795
361420554493
138173336735
863169924150
974164420122
349559833074
975581805375
971420366358
014464087844
044775423384
212529564737
576604045801
554861299654
365635550242
366098255308
253848404645
783847910104
070692278301
869099230938
545780801809
305123046579
783463536833
956084824592
812271663528
127548425637
975444963026
999965877504
100078167939
613385893228
444865409855
086481864300
225986490956
658190733323
500682118657
094634180467
510223078087
728721360687
902754481510
413675424594
076149280433
706645496431
975667364713
952757266344
008805229944
019235733217
163500144759
448151053492
889886243729
199525931107
203908188440
091741026965
196593583615
566460854708
998457793168
749794130254
544463104522
006019869429
569256899408
160424341402
437153764335
376484326885
252743689330
320692919893
821555247931
746888303516
200927200593
003805376876
971074808424
499891145296
691578290421
689881898728
286185675386
817920220565
684880804773
137811345786
145725681072
555086233845
678429539007
037516969362
703576168541
480666764607
306607566436
178040209657
949894028616
983623029534
011581512343
872914367442
758055554690
582693702886
384244928565
090049888474
961551571856
634857002927
555309189701
646000914900
576836368251
923595796905
568450290910
468584502112
625846371986
183762658944
085805869820
824584091288
222342207090
361230773921
593820273636
887253168659
374628151670
129989003418
361890499652
946120232538
244973936590
959567742288
413182470563
082026387760
327923299693
291349196351
724268825005
668481858696
248416116918
187091969870
296470833693
362107056764
690083063322
540720093360
763732807065
847710530722
558510361804
573477929822
993584418604
276674982269
628828468037
533504032601
314112231584
129645014570
057408076418
532077057308
475135324821
373480821878
802629994843
525328602219
740325385823
118078650718
079812965124
170867478676
197262111653
375811238294
463594866890
100748559839
291547440595
834856949386
937275178375
048071366865
922984500587
086377454570
848371850509
043370298313
058714188889
065244080425
932609838143
824334950046
884304314328
708830384167
458060839289
835507867557
074839136124
437710457395
819610003466
175877103287
955432902230
486740912146
690615121085
714358243756
748190993770
199245654577
954970445111
958596630325
168405526543
593552484646
576460587725
595699682038
384123050809
216980368481
029481906666
873327000998
784186051532
804893506866
626991735276
699130095775
040636407200
061432043357
968334960464
315317009413
483667916888
613539106267
534964994850
983185304579
029192046131
789336210549
096564136634
284766095023
463173594779
816897512398
158065064613
809094727484
057693074672
148870883150
635988259439
252064481379
121286793261
517063966295
451874062157
232134055793
026873509783
483585860822
069050979990
109726498096
387853760558
544221141438
513059487577
955829016051
000258194210
732417388963
027893020149
084014273454
541895627859
026045542121
908946042865
354938185357
655485436778
552109548064
537492222208
785802839669
586477929784
023179042477
564670262511
125323071424
945520474456
541358360578
959395223870
121945909230
634430431314
314895821814
556196704393
748929722593
592723144185
850773697391
761370949882
693916805403
805837599890
864608275102
628976564916
904046271694
972324138919
337578939190
887720193796
567154280379
643026258750
146546482848
401324772871
995861607543
920475684628
137923479317
319499874093
930814627733
575499885472
390417036795
200513852940
361501712298
873229825600
172733080722
645772157812
515900102138
281578208427
188818573940
553264241876
641962192000
231938635223
951216759302
364893706498
001226408157
806940830776
175888376947
986113690986
920015210842
226147115409
412274743954
493837003006
448984040495
674815190592
343363924664
074280425484
004264278479
466033660064
357800008429
688816388829
299417950177
846265792251
953416054217
280027104562
373722677095
984666287604
367108413650
390223948919
440936900449
871550774252
372181912179
968660063817
290609440666
305863488737
646865774431
732954548281
693594123967
943208330819
914685407500
616739475921
391711058752
015329648573
805572076409
144879511889
476320492081
869356970626
926306811454
555472987954
710672242306
443095698849
918550434929
058386318335
826629985949
445625089415
995333870213
874404642011
911167828938
909476533446
045380929736
698968335848
106198222680
879828665581
618761365288
543221656458
370595570482
024957663222
280669811965
207980339421
634596824218
643906302818
845083391111
244840970249
538757761078
437761774020
965280436486
275156756657
992163235273
356783368973
011489080538
791204903114
519269928300
513278538318
278608396868
445526053387
601003045001
076594555480
547058664237
900305361687
257372681278
299627990297
243503637987
058983950648
741385898083
442501747927
571841309557
021048535229
687462976719
252134400565
865861541019
153231325765
292867423102
109102507581
748399529344
219479925865
012910776193
385608973249
294188229627
568782472401
063001925220
292552731451
107853655825
028973681968
986266612329
492081392943
558001231265
467258443245
821532969075
863101130302
038169547471
406948434693
045430043316
571985647997
934847005970
526349417170
880125806564
385633193702
836082115216
974772114512
490931920896
649209057807
791345981424
391182006364
149541674416
056556895118
519018719391
360368061638
646826568809
756924600726
915060144142
747411290148
306230384297
261828016887
336765332431
039147807638
766173836034
995952459801
666845561465
197616525458
620041801388
946002035784
324518339487
322215234120
441837558885
252354083545
019524684568
092380970782
992393455513
980506703489
413667199590
831643024533
918998293803
054314585245
365765553518
891390893465
670947360758
624917370505
306050610140
044022460107
476533192890
791969413327
331562929837
249212234697
950209022283
124778879895
025300340962
349927219109
259769601813
622997131918
584880252433
420685718035
883458610944
638972083514
045310888888
128659149025
110458535560
941551368839
776162118816
365105002852
226489405630
900376890603
771295463141
317089970552
999270503221
290296396140
935119618166
525793365172
977617037684
792149676286
043410834881
170424083348
786211637993
377290023608
880136721163
913294603689
771757509309
157289290493
423632858994
309141627323
808970001914
955752218321
751128570922
580102562451
680655232141
477239693299
923722207814
316575377702
190654758225
534948437665
184481809457
910173943741
885082603749
476931663636
122691633446
862198459356
282866677248
010451428101
231703301854
285869195446
828233233782
440985480606
320152039981
781368014862
464149829719
424612133385
208202533721
097793590175
812383346154
102870305191
066582441054
362805099767
721175850756
551406055889
295406466892
064094865223
831097547271
292316343081
966811727282
903402708382
240401175222
327770612125
067965432882
423327787591
297911207068
018598875706
275578378635
184809631495
269362060506
152948795748
666441669325
368123060151
864432825645
179750999532
803595343847
420398947810
230401390332
200482554929
216582842909
453392556818
813624512162
545204034490
693711465584
052730197037
893611674075
106118284422
563530058068
990650184077
897788746749
478786557451
192054898815
610109814265
886551820616
462059086214
974864125672
755030464544
967812016958
304746913105
266890998997
995146793420
543241434510
712711633845
951039215934
474314254654
116303402024
888991986637
808792931985
054217541713
596499835217
296308491190
098201856494
341880783830
586700491621
509958120697
748644044300
175396674712
837771171627
164640636332
612026172463
951214337309
510967565953
344269738854
879605499204
573070566487
989494957833
499253112019
093285931385
690056784582
694848386077
047447567920
740875208468
190760339919
346828669488
372130559128
333185466063
598778769105
277098800655
911567676864
526483106728
531984850799
451655917268
637351504932
067239927573
820304488850
186057312980
580489659492
192701795367
609289824668
897379729038
227823729079
492653315178
517830187708
498897963576
824397716327
664518243273
649759876192
446450790534
013046170804
830188305823
032269524316
871524326229
592139083324
325824228602
612148247951
601653141727
525196915120
362179407829
095021003152
291453572699
261700811561
665756123773
881729771643
665260444318
785977443432
744130772229
933946431815
035523367521
927269445807
860240825365
122482938064
420755030993
678005619863
812703528529
684309533491
624304656860
737995429133
522959060870
349729661066
121515421783
883191424519
153972059173
867713436992
358681092118
534830556997
046869213188
537486124687
801769314746
214661156433
100399547579
123104352791
731984972553
648777581855
512109059909
094501770641
264450882565
554992873371
952791299198
672065838282
764912911012
912139003035
491334120732
904297868567
961982451671
556427051220
076826197281
814617689834
825181283312
399050398555
109094620100
649889587407
447335513910
178236340149
169148617961
950377331217
517149703463
248029344076
091716066044
148951209947
226900207602
976387904038
809436411973
885587672635
236848022033
131893951216
131927556286
149769201522
810542481437
907596207777
995038523652
562819496903
485276990698
783809138128
513849945805
152564617506
077084247082
903435480846
963729561697
856795045433
863239917706
334045637054
856859866837
109397154799
933325747087
834293079177
250963111272
855253950204
719519770354
909880803396
154691755606
907389705946
810392101008
314818508469
819258478905
622727621538
358684999102
121157647084
152582407157
570139779187
079251029224
038645917909
071721373951
027582715171
200474861664
417768600673
901939855835
528886603841
628733767726
980025541501
438374231166
801986731670
225882498993
450902966343
572086261409
226922864352
579732726976
654992863449
313486282279
981398950407
165346874585
499644947844
153613575269
115989981340
187010141550
709432214203
509279437918
315613727170
588962995211
824646780058
410034512161
590071597461
540730660393
447901166722
181704409412
109724316579
537735412772
245629047403
898395456792
436583205298
074518551981
114763758357
698219511390
399163466917
230008940750
520787663146
974168221216
458485226108
960938840885
980564227525
180590101872
926841709679
414724267958
939999073466
629322205799
469475104979
659333900755
064690824031
367625362601
600497093915
234113927488
553174543756
554515527261
873218988895
170961893102
946480682600
412795288515
049389644670
135263294097
408539496592
517275762686
155306167633
694077736835
805123559331
723842262531
525541517237
556171664600
501736883224
764414329609
347831577642
419796853377
324243368097
124929891577
266876594897
911088872807
436096690699
080456445427
006697903949
586596806491
694605453660
036830935763
416993203269
117944853207
570845766115
537048651795
814842191450
806645398283
378251423233
862052465749
006298085144
837971412564
841982842768
518978683569
000864147736
299128944872
295346379315
993563305903
527044966348
001138807686
522042072486
221301150190
784091945837
376620732795
992110101205
425051207512
004731432564
898527582469
027869209629
676275935171
242611510490
423691987587
266467334957
760140742083
088163868157
266821914847
383218152799
574996070333
924516780682
657199474615
420151247272
342810584052
381984905208
655135155866
628948207588
706302276859
850841362311
497769278727
257206325007
626926338268
628969424676
405981233939
746956878943
008344687838
874545591540
042539725496
141887383591
793089037635
757742446421
545541606356
302852615543
781417295343
174846759626
390693185774
513988525255
884374875783
037988307675
648018553989
142346698658
902603988846
784249701512
213440220357
244725971669
282769465274
521670209587
235949234062
293709446237
722727416161
785689298205
855461838984
355119230866
538099275769
472369997700
951210116123
045502396179
002494132561
523411273793
436433533650
217762870182
862951507650
795546750693
010740094159
875767773479
305004670129
607525720504
037617608807
257748011575
521327725929
957816656625
212408676210
423801047229
014204248681
342466609536
311701349666
901838982744
640301505284
615672730421
472156559896
423511978471
872627343590
753224668187
510320504319
663347698666
841043114586
605359417513
187061747761
546687779732
895540075516
977297035112
986325297097
175710477034
495502833947
884834261733
165186108070
223979445098
066939213906
332903573935
080983071884
148174499318
559482026942
772060386512
674566138948
107818687463
057754967629
092962210232
572844631802
869060660700
128613521049
676273831220
308100525150
562714475965
285368568344
555109570659
809182123248
897617184027
379920450772
408550673088
631487406495
994822523012
263539336681
580064709717
912634973490
199159112797
542434959303
343271506537
168853779494
098413194431
869857373387
502872227915
819704991070
166377354218
432439556303
026262618839
509452112965
850998085034
841075237188
197136970651
988171568456
522019885808
480676958012
173049718339
980478129253
396590278208
931844165706
544178926922
623568921054
908733179880
182845603131
596354301943
849703784408
406506102512
454441418136
615336187584
428788937022
096293463581
964492831576
897079130326
955063918245
548859408093
270905946650
728342501224
375204378283
914139736098
334176228242
493066959955
683645051135
253608547090
252185717105
824409514847
169617079108
082445509667
017650505701
445413713931
309459014354
859424985088
860633736125
793993673064
799886368577
602614843641
576410700205
535011182253
995863444574
887523024588
117104585760
173855308953
392922709383
482462707773
808805462245
838404018664
648190792793
002546738003
244596001179
059400894554
964159671546
033180594943
457527512824
625051345414
583606633129
802174785458
808671936548
439693027511
966608286250
577049254663
024698166995
449603241805
504342841414
884775731264
243971001734
041287039926
980857399043
979408494590
451903056467
890859638457
370236159397
963649404503
954236115894
722846947055
614504785245
152006803809
499094498752
468123917909
368190142520
535236968186
859975590428
295187621281
035107641717
821634261993
076740331161
122741543825
923538321979
900470455001
159415372544
298584848597
146100261481
852476188713
041152212957
779586523731
204757775038
326497880944
408906704138
588651019000
838475748833
952027586016
069072238173
058326631854
417064165816
993954079428
980698308867
270873210046
062146969258
731653274988
099528001128
795628278682
372499957099
316421788032
876184189179
539560294540
964910059180
687803022545
292329509120
547102879852
726265624890
584765455229
841136953031
167463888428
907806477890
693604079977
983487427268
404280008565
578734288405
604192625600
272064267684
782841380892
962972816043
256070046923
375667733021
389348912238
255640327781
489032112464
539152338581
100049453621
282413971341
896618335339
517051964123
596194999142
009026631853
081664996118
342202017739
280190889167
309868772077
355103712774
471127993837
531780116172
083556976618
610572281276
895842317319
729697559812
791911020932
009959670749
855830242528
454894784577
405430671611
360426647086
334827750701
201935662128
131423670320
037935142381
333875578779
792966593961
681059020996
687751966554
422206411360
414378306125
578515527645
268079500056
251462674926
134331824123
726781937732
376774966102
423392878522
272576517813
995157056536
300253250051
163828015685
907954093867
366739541746
198897553165
432603642669
781439119772
795506936456
189311590937
766823472073
273118645197
173275843023
336216988283
697380109491
314723449255
865174877897
408425503767
638668308126
352606766312
882128139300
042577203936
166127420663
314693909326
501301320884
924080804985
361290607536
136988794039
441490404661
500931023422
123708223006
363758519944
765188552938
708165309468
537325057619
120033600030
585538422970
713412597057
199593031655
711240446400
409310221242
246149133583
425654669329
907342757514
696556486733
898506331022
725828429996
714300310867
857251026066
737403256333
339571913196
332691766224
146745773465
818853769316
965915768065
805067743624
999436412717
528821077072
127311534421
013379784024
626404250414
794564425672
547407905274
843569659277
435643046954
184811953672
482319636261
253887421774
615671426795
396333550560
207328018372
928200811671
346283206851
941615219405
218318559775
291815880008
498233794829
606628090610
959979578990
801235933415
558220385015
587184311023
134703110095
541181265619
918431813580
032373785886
206808872719
718072185144
393304855240
379605647025
676192593777
955199609748
453831720202
397102609442
703690465209
620688204717
613236747143
626649092588
014975567217
998753877944
154196375544
823611223265
795205064443
820851064765
383886645374
345622375383
702865419651
699819074125
438455756654
642740921016
128588652820
429744811835
355679810669
962083309854
712965708537
225746479204
396885361783
688416026674
683458698575
557679483704
851763838520
630192019718
126469067881
566494105296
478111842474
773401991412
193456301606
686953051517
107826496898
375763546315
154435673294
273778546706
387586368596
111691856624
345933035355
813422280403
148213898017
082755305909
422291732677
890886609830
012410972614
451260049958
836543293481
306437802409
947047450327
814489902109
532590964211
028601791012
705219617130
269723316312
685718403915
203617132471
111174450062
178336952893
985882846664
706066308366
128352565299
046198205323
853449070343
870587075536
982495641464
890470178858
579519419172
419106745365
707323423510
444626957263
860834275170
143988536796
531750004567
048270529318
525486014326
555672192847
776223542249
203640936882
622701178117
750644410297
139863603833
682162681251
487011617954
568148324345
991412464150
535102479311
758881927295
338290314408
914312757132
231734103005
893345037423
628971210797
368767649552
962487036892
067988858329
854635919277
754635554537
483635894415
082604032255
763223700458
415197602512
697426128802
006840417903
604561810294
821072434175
487876430035
021412811508
837002576229
557085749168
888293528988
669226410872
096281029085
057420598879
211015161731
279566512574
048229173852
339120547551
570790730393
034289940987
971969571965
795163104434
331504057280
835877093085
545139425871
945637575906
946932392617
411099729713
205107055203
852554979524
706159151243
044806561766
985791689384
107442761714
296831573569
718004279120
856425170422
588434693166
938850742951
674804532859
067443804344
220969612813
682514658453
780700896774
275965202167
408618079311
960565887965
492852524886
551639135632
165848829942
666973981298
943817557305
915261367839
321117260605
049520508458
433441689878
347447366177
826008487987
450822990512
905045990441
202829926481
436860304174
635387973935
075122371063
344314468749
487194182436
528387163195
016417853470
430150396151
750120848118
855090792167
741020239227
399250255005
806511460972
599825369411
513078183136
682282890618
986338682150
602494672596
137375197937
228879430177
471613452707
820761248304
808528396632
229192464149
828957877293
432341477836
734506286058
780209789609
325606563706
428304419696
351414103775
298057905531
120028714413
596209273228
028586828064
479082307641
505812316259
121327957706
316851889720
976396796573
863199513618
449599169413
038851406446
525814895255
317220607524
265816611698
466362153335
682901452298
129590449397
284311153526
726676232994
340474532730
991854855542
961599544329
661520288999
629303108201
715632855836
558610381217
120602578081
375970375796
102391419353
657912764071
835054636038
340076014283
419289945259
711887614149
459395426256
243403314296
008949498175
492361124629
706638551707
381605460997
619095326786
375158529677
858424572048
945870907948
495009509266
387698301218
821698753330
665930330453
561455027079
232934032941
791408356997
023745145192
070989233632
942642726074
593888094149
902168000402
884410621548
571880150655
418951379343
101327493936
293089391420
227533310799
624638263374
250887867898
921461217532
857242824873
724352752035
140618583667
407957052086
374021554161
493556367517
252993211338
485917915197
605214456877
737098884133
082312598468
780188760651
150947341813
521307829113
268964672815
692007146022
317455845344
336338981819
391680036290
381887207878
206463415164
216313135206
006937462731
277827725737
871478009725
271601745861
169531132558
269388678107
917747170023
660369639588
235448648266
167078112843
539900525584
601181380378
446213515296
434933762582
461113972024
464659051497
261126792537
260416298407
103121209739
361779912591
800628883531
131158581452
189751835979
197588696397
244385920783
001181290363
452811689896
726939245125
900824167274
944995558114
821481759819
576750064448
585679069930
477588015407
079491246965
163068043817
069846572667
651958368992
513003934773
521077865272
577140721905
817204174415
779743662659
627827189476
353938593811
970596130966
251498831598
981475069086
486927661852
944076605387
187420819691
755986251129
750230590163
668442641345
813034473088
959173966377
048766689174
139484941051
210055479710
540675544953
004375681250
907666224819
036616172853
297304714291
470355188421
789620809446
312435960140
379329303941
757673493133
860574086211
688869398527
975802338022
025155396553
310823288209
475255731456
368428550320
777783715059
122043498602
378517080075
027895383036
717175787196
279548000357
123646429451
166971341749
368428676273
326112785508
990888170484
777491322320
411574742985
675011626950
649966400286
470429243367
089021223513
315596669462
156702812590
527603798209
248709925270
468865785173
752809249211
965115981038
341338133123
337134452573
526730871720
381003998947
988641907564
641781314951
419266001024
371372894037
784593112765
829416390041
693929307028
606460517363
934415609795
103089783360
296551921264
223050748544
691656727053
487872074946
961827828780
140674278932
587392171009
444668173363
758207548331
823392360513
580079362880
232586148158
598056554764
250017626475
526395025603
918640113266
401128835337
539466134766
135045550833
262377150299
435329635668
549312910556
293781429989
580540671817
813452018870
253666301320
815487731744
279821105076
352331151941
964732277529
291835152246
983597349010
121075310757
903617394541
280930741524
811926243325
869783856607
567840356315
513191934771
327454942016
131081981879
882077978374
319653718645
090655046877
210851667329
357546197585
257457432449
915708020661
144198576544
249229891745
149814450939
047785527442
867313618093
763746060118
946058635514
180968312915
035935611854
874957177934
886658313612
157375430464
152520480761
990439329129
819756714821
580958320774
772842176431
837623619011
027881940314
014237558900
429996195767
511169654421
279736048411
807427324082
349152040788
086395368049
303508831136
951372081028
795653835146
973762535985
201529637031
040501902779
812463717754
716313004390
506169430985
661963893796
499725034634
548271579651
469416841552
134359321177
567329635853
870373170947
898794188018
401108631600
245184493502
304472031951
177672369590
783589850769
170879106799
110840208996
114546234710
451555414164
798374550775
534492545093
996478345663
661722845829
003522622690
788742417894
640438418882
626247703154
401653131137
265344876159
598965279103
704566735669
129807027053
168505622310
172790957786
893466023205
012453997312
909859355112
777217744385
849186163233
044725966812
888525931151
274322228512
049175227229
313043270866
452414394012
517500983363
968525140192
527120081241
417134713526
284375408596
886041660692
595441213612
755750189137
706431321224
553925897182
414655142773
336887876944
175071462500
074918029207
248139587647
852401057214
579297407397
369164866123
449437062765
061009794694
874389122177
725239571823
177044715436
155534095821
835450530604
942753974694
585618278405
770038020123
721396522733
058765864549
776548790221
120544216884
472937730845
460236170389
935788608768
149562168859
741101442286
060266057837
402438170455
543514705659
795562438823
930119236925
544683058956
503470104165
003925174412
506878694767
610333448731
528776748123
656620985420
088268223254
597748177540
929249885310
164378242401
166029412775
821524281548
959930214700
441632251294
787585520455
220587669732
371370246458
649908297075
059270278188
820620121190
195425085096
239960836809
599800795347
311374548734
246113599723
941658665788
461431634076
405484762132
507878930512
670936693358
962245278202
766727149161
216626190259
912392762453
043227671991
219227090645
683156021036
140490719283
284125759726
261585176660
327120234626
581962981218
339509821001
323791376779
829265266169
198069198301
618776921424
266001904091
934513579944
809835765133
968563943320
004164196476
694190005203
266264556030
340222782191
585238549567
937469146200
093960252292
884582031714
470344222886
986451436167
907303488842
383599787910
030261361370
729965809225
471618074337
264375998717
657953016995
362944823449
541614011371
238162047735
496273070727
978560089987
244346806793
064534975927
198573534696
750308033011
784380238386
500865658077
285018521136
177864448462
664095936697
091054026972
509801523786
990074126747
764804784275
022127631213
005983008645
235455104208
971553511583
938952335277
296837359605
387032937714
746779004842
890348222483
645341495194
753511339922
898404373560
968178319113
610298990046
540384886068
639296320616
251253741940
229356611323
698730747936
872307591586
417307852073
160667094352
844745233707
446979281534
957953047659
946694252197
030336675140
224083650466
552495924353
871686651539
482426784503
747075049585
085072494363
307601987024
096959672945
456797874336
491555597521
425953895091
619584574790
584036197956
467659821217
841343729647
857438241221
808739157598
137965680281
419673817874
639212675725
256295169465
862871418236
967392406851
736629660854
463207032710
772503777602
843524123172
248260406332
663108386833
605945428028
275610739317
890471082121
057240436222
842299233233
022006877383
259727315083
376471389158
424711813406
828959532545
424048529440
439225821472
075726205265
467508753268
797246005891
587760287055
888967499028
185491537722
213311718994
986518291916
851316519061
973262175189
158093327016
157729684429
839544861969
205758719309
484415293976
843530811138
902798327174
997385301297
129369635441
303540330195
630084692425
535422352983
243865086037
986546767445
709018352509
932237054694
588027591208
178505011656
171739234030
088156624605
954194129735
796142922841
820666766395
255564850941
925381888719
253600909357
599908330656
417524156845
317208616041
483626226098
948109180729
864449388427
940968145168
677419584750
720500709717
117949057006
598254724681
194574247325
506694069474
633574372963
528011480705
090213618005
883881615216
847698833782
711413901447
736325200164
274970342681
350618062362
833865510603
486490074730
595677640234
919629017853
457599905271
971871452334
253568068730
843426650014
124702656875
885006134259
320455063403
127874410718
335529662877
111245553831
188079197544
013877050799
619643343225
994447672081
124693167267
027181991295
037741212106
178693766523
316109849240
978377436969
957670709499
257375738192
345636990928
645719370710
897904795629
650459860091
417757954148
910072952782
706527913035
439071209413
459791890591
512428982046
230512795453
546535718864
071210081135
288793361355
192973155386
966779694271
195184968896
489082411302
379503541942
468746688017
706374692640
927215402682
294390243459
345712094692
540420669542
504042080895
995165149740
635348669465
335815481335
267291094819
912004272108
927664370049
310372175212
062742587776
897763407229
901072384923
438737727481
875204169432
028213761291
276651589268
599282802723
881804974402
476479439176
083385678348
418016461861
900916787188
886725059936
744737007839
712399063940
447190214706
219089419030
983163908321
350791380011
878103432877
753013265451
019421117912
918608700395
165771464575
686204082187
489301365674
835219885132
497823409601
079601032963
697123904922
711436338178
662050452127
558325946015
971877787305
141698361669
289972995423
369227551542
242525037383
694926874206
195345539402
861230197729
041113795143
726411256115
374595831346
441924050562
164583933559
267593082122
349569248557
895023354917
326703674572
448894943104
475919210052
201268794910
379214922530
148772270764
930857826175
196910416442
697955077428
705587605134
834792260442
950403140478
347254374912
049421358406
939863142461
820539993180
173465373768
828966882059
925143397903
942199756310
177842047064
398422749254
879668905795
528771663031
950173324269
283849307342
007076714531
511159902530
099916218431
082918385740
240991058013
068220498118
835428408139
208331784291
280954815623
832819858138
095764801180
289576139642
050583215729
687828864136
610689410391
193546962881
827710621624
762145730550
463263348833
843792025453
995834418972
096206255836
910584253329
951070396923
867508120856
036867917378
968247586903
446599042654
390039215062
406866889074
639966702745
017529322293
161162341868
278420630478
552424052165
465926313238
473067153682
813655958561
815239065111
258429284201
162298540411
373927475235
077307156797
656997715784
203564546716
602290788675
602576298888
471870371942
344631260116
948487182429
188134183491
695158399549
548993785902
413173351586
165569584381
489345670823
351540115932
232518399570
170641003204
096708019244
669770578798
065075030340
445495975970
994965621789
023409223828
680329834032
476488920699
180409678905
062712342778
451103225131
103132943071
366515112215
152749640282
825358250491
894543741010
276386250842
915632490381
709986769152
848119408334
867811284935
843396839303
236214954937
913648860303
930185032399
000548167552
494034856149
517247385546
785827627498
052039440703
266631640566
155937224241
496271852011
702055890743
356315289072
307378328258
644800074356
947194597190
470927822053
456517961379
666463001269
166798078965
960597775060
115907736001
794614399422
557201752223
045541467994
186802356284
185313261326
750401419971
123635379570
548914378935
314500519629
435440710297
166814415732
661725477844
120817769227
226404197248
830769396567
090010771543
323960921599
459417197515
083924987556
084678860765
717612345151
984352372088
859798587496
642983927895
404876915546
623273338440
309440788015
727126893033
230878685124
963455706781
010108437481
838771717211
256233085524
759795849174
165204582392
125996185391
820373113802
809147172820
034744735366
524388938769
183151824591
517322802375
616158534183
697400323910
343142549363
226856575987
432238024067
292619403889
331311755731
914111269391
226082261500
589334309523
389651439145
753934100637
041218413157
390896114184
469736492474
615252238813
016270889672
195727297326
024068081774
860234929595
275165889089
779725517885
042133861952
047712290469
426690122154
990669089695
151684878679
459640272941
943940414676
202906642741
211506659062
041899413671
529029327932
259278701024
267182414354
242639859438
028119201477
672791511065
540164556857
146169110012
355801231875
352777241546
855933345497
108120944167
327742314945
774201132516
118283906851
351831388317
267855814770
173824773300
156729259477
717672537088
303500109819
494242367299
195072006023
380624457348
115462601791
716899019391
449319195961
972729189911
426774767384
618082346520
508694682427
895620176156
760476540351
781619725427
718758943493
654300814142
292115354693
079338124069
076537626017
430610677273
216214115179
745324057933
439021129360
815898608901
887494783771
390491192132
043131722167
464489452001
808920932337
800443508180
649751550561
366661984649
650234020136
778411909083
659240201872
440073664658
885346791303
128232140262
510788943810
406925901759
790332066418
986478907499
233536133815
970941211737
620839816563
433651419651
469691260943
335632275680
993558614650
376689052761
485727398734
342647270671
391858489095
752167795073
899364356923
925000410273
746964791089
333455446597
402909391093
559027537507
570391128818
871059859441
287545746736
477110459940
921057290740
621717116005
247323387869
565787951724
320253578913
223055863667
635893661637
456204102630
464193457989
238712239703
848955219756
594885594157
613578268792
881625259856
130485999580
691122569117
997277224319
074349318265
183957360951
405683597505
437467193852
951267416409
229181369191
318591292611
307775576624
560869187766
030745813134
131128408999
692073640721
117159506507
365545676712
012574324168
938935206062
380439454945
317001786026
153804568935
310377200748
862109949682
305638315284
163758328151
958766524530
859367660010
226265232490
856708905104
232446301177
110117761830
682190333921
028853039659
671020340834
300658678888
645252283144
857370653451
352645805995
947411212121
143729732525
075831944648
995737545781
249826031405
069459329638
049439437562
852680741718
304021182581
099429637729
015986445737
730095899698
756632336730
981869324152
786815892207
806805344570
988442196353
867987695104
861797461686
450061886930
231045533552
535075323093
399480919940
132851581845
172288832381
515933929427
613623549151
650537193713
294315910059
563084268174
508945886422
943634428341
687495149942
579805802361
638972841294
090932503613
201319091012
400217734555
888553823275
116799953595
602513966243
724200881254
542441300790
414058660050
470491333035
137642705146
959923111235
301414137547
131595386981
001689016764
001436389441
491639794088
179399911467
613410015664
884416442460
841068140791
632795263540
784790100696
398721437480
405378019918
307221215136
803904822380
982339669757
834312831079
085686203883
782984532510
689347486768
864859909790
439175211869
466676795417
394157683227
626314358425
893955877719
775196622338
180030106351
719239483747
222851170681
288468584871
983588554659
379561164577
148769778275
454340798773
153780335883
529892184805
833695334651
504906627617
736934526406
426615877919
158504492944
816263814103
701877462306
664523268472
292187003667
003765252878
931533354149
411799245042
052891812464
018125501731
266190701722
496357224439
290452625407
458157510094
888994304475
392363134062
862275330460
529952425234
047957870475
973096552017
862577897295
681202799666
580817661580
609921430184
061243081420
459146502932
223686112664
457033463594
323116861301
644882413351
115800888774
968311419064
632446973521
002686884450
900952743790
844245445472
865943579857
449568308494
923034768547
086927620632
104811369077
504690926121
573523136623
711900179435
288720603108
270379439636
114840435623
521156026958
218238131631
830052664879
606232617528
173126731907
797059487890
391368308713
190774800684
526714466636
391228735249
333513882049
247947052054
901114685612
237333292617
129880456190
912404519822
907996434365
767548080316
756816770782
165017195851
756142721140
295687351404
163624048150
704298430250
722656705170
553457376370
581975567613
196865480312
489133240611
897772374640
974716481591
283912703455
652199960422
711099876510
405664229440
055081442053
272097578974
291141487505
152601607970
981906102658
481228645997
824275866888
147699663457
765297756498
499580019932
542227021609
267467415914
470573916955
484827476376
084831344962
538978116024
550851880328
225791439040
163320193180
254016689319
882987964689
433013824756
664487096873
054492726742
660666570450
999068050302
488086442834
840261876974
256290782103
034121742024
626582100638
468546681181
173245690758
746561964732
309647532160
981166793815
184636591946
204349808888
439950793933
517290004765
956757112771
700469989133
733689229929
237175917385
310087947998
677591550230
306718117232
568254120492
568338928559
645258149811
194351752386
465309963776
371186945591
028622085959
943264324326
029065056772
632375472485
708166009910
132420669586
629132928777
319771703897
224755419250
468105350825
879450124305
832084908239
666303614832
742411673793
759360937045
450750164428
261407511576
927552949914
840794274362
193380118291
482259215315
676510966521
853003175668
153386661708
582963724011
489256568860
990971612939
684006228453
157802207550
600043549444
146219547755
044891996955
353373559419
298078571247
376751636885
061750096248
896237330066
619060006362
326805330047
604340686042
228072833204
811378670362
793277187288
789368537950
113537961318
639653631349
549108249894
338080756306
336639082397
309369287134
486171279761
985989727767
721806832772
376339351758
064731261836
096274130883
356837645545
220501976717
955627332664
140378802528
106151952570
437600671395
124558115940
196184172275
723568630972
196758037626
345078045930
089034011561
389814167796
138142915639
172709661740
246759655821
523479246846
671186037677
854789780577
310731113722
366951681745
673673753136
641048658853
130831633388
269191023273
745324114021
071932600564
380112646154
760288724728
099284095000
236223817297
238862559120
788886321421
270764776012
196033137998
591024169804
857646072159
669763356021
760739465911
202655791269
939317686774
250546508365
660803316112
203709812996
623188626956
376587199760
772572433051
573775408072
432384680373
509112625282
844099919828
849689263690
142373313631
480942246743
737103322842
404627340979
485731105317
752319804866
451684477413
827842375031
224797388292
284650059536
688064120725
832879532030
013000549038
112888674748
231112514176
249761691458
607624116776
717674757234
794125558426
572448031294
862371690112
631577932980
414127143338
916566271746
052480875153
767064714325
975877464866
635155052495
578941951631
930828938937
747250409408
843172669460
871888121861
355641893069
928692189481
797316239106
848788633429
250353517456
371331291710
489758117058
515409053768
575217011251
641798846296
242474148524
901564730110
314933827059
373755911552
341256965265
118754321352
810778513474
900700394000
842883700094
851131604224
076104981177
152180862209
538815593187
915454113469
174345557478
266777544976
965435990290
902619822240
756453722037
441469720644
201857357416
563251241997
884715809709
837262926154
209539192695
710754971035
597246278440
498669187987
572594745614
777956940524
014503676833
562829197231
871101414349
985568873418
768325395279
136228852634
268426799538
438330540936
912451842778
158980772085
081225657741
796107099477
967570085630
111446112872
127873094663
632601784766
747864284323
103411488862
354274766701
662495156462
337723430718
058218681327
365484578128
299648122629
011316041994
839776628815
294828897026
653415612800
667065854703
542015255216
927106388268
992676191076
719270582445
786936703858
420027226996
306150346017
051591362172
880559036523
298106717087
985178775566
664237750661
350870501700
600004900442
458538770620
560721236616
690381820799
947304164382
469294684245
390195332114
593830557560
698656822380
002097923355
704114052185
848884572206
567594188983
227468269462
915102101142
037434360539
836260872025
458719811340
782638136089
183731486342
665414962729
005530933547
482487706661
434315872704
278892796418
340168407036
613663210445
536065154535
554937061719
983704623419
112327988185
618373045469
927789446181
764286814948
998156412580
839767251873
603778923443
543613882399
175380878557
266824803982
728579220404
336317472068
691950529116
256935916073
924994465899
884024842925
524608780429
076232955261
032579900697
289048229586
906940057301
183538907693
227142303321
692594291559
655877072534
072955182816
429339323034
708374733377
004845284699
408501584349
830917868591
162615222762
021784835228
553576827090
758587958627
883489916586
492747005087
082752589274
858782076754
333799110361
504395254111
222546566747
174812419608
164948544353
903912941389
752077053548
658224122497
149682860577
198999128911
100538919795
203061628415
579540113640
566578869751
215273667943
314247639838
478402253748
217895988188
474447496685
019778789461
805869776440
030242463117
034539125306
796382311376
751146778767
700095940600
680724287326
909162869959
755478514564
057448661635
462821981219
472829655773
689729271464
078001229557
648504843461
712805872513
093011846198
762582526738
855587451587
907794239765
565267193223
368626373022
616380366948
773281313765
592286920538
582580940302
681957276435
083598138307
316421183304
503368280901
503767744923
687258986058
929172336753
579717426091
820792709525
428034421855
794563494751
776917670764
709352140170
804812645007
564632961168
198179608902
599646440772
116734242951
092342328788
805816937435
066524227031
856921375416
621947750282
014543489209
056610371593
584161032210
224583080676
748782033991
138191496801
741589132700
453334930003
790617568405
768895382173
562221891499
907773354285
003490674369
880125828966
576275917870
329189993756
356002688403
612987724452
181336750916
542188369762
941344757467
385796046191
655977858786
474485440697
691765014175
729392674717
461419144776
301022395289
066447241839
600552112444
786862280684
804426480799
276890090772
234652834069
935969127155
983398148483
347841631370
234053281856
891841009140
572266366605
525814489015
281057066500
790061480080
131973493765
493828177061
775805956617
252448202715
955987444760
282159238059
705583405377
298000478623
827689657355
405877871057
668344227823
013783045457
547760868558
299425698767
467863634205
119400492096
026102337968
055482706817
512917691389
848144904214
147283140496
673864091120
206906688245
581795684856
745350507161
054561278929
605526759934
507832511563
964588800735
644271928683
211966926334
558365005870
778413938660
119335526538
218315681297
699603826598
226685848180
315667374336
627989342318
246749691713
210493392091
669072230911
617767218615
750095942523
142174547003
978184621536
471308226503
562346016462
751060834391
373037940431
657689078941
363883915061
747371424777
602698422896
664899439533
877389845214
457145033029
356349799648
274916759755
931899997372
336700893077
630589592842
874571366033
183502822002
850866637041
607577115595
202993409829
997989123844
665177299599
185972414105
501768259126
686201009713
352172764521
424787555113
804243556579
683863693487
888488622177
396291759862
168513209513
751577049946
841122255689
933356405647
352141048142
606781287553
314302172882
423818257394
160926517370
388657147175
378131119462
759981337071
767742988422
324710892240
628224531429
189459035641
488739134505
532976031141
318165002161
256308808442
453869885880
759340416540
435182288146
764386616832
871276123394
023107694970
442360761732
988691643005
722940729493
952436010708
838271801047
745058408071
883207638577
073309852007
707582248046
048556079795
004197771834
020744126400
929854932592
991721399313
459121580122
006253257453
452185934341
540034918691
210667965544
735315536275
552984171208
781254871782
059801438638
791502365105
392327952328
788392430282
962328299674
024102202529
774953391659
429466686122
117706470215
931568659656
128564375693
723057472442
610969706534
637996541446
087358833371
708105718569
329967480939
108571161404
669610542218
017489628331
355533579272
765925434029
148738220909
156492528145
631228266842
208463864010
919193211361
251029567749
907908314465
205346515418
173027394883
773945810630
355067321834
988847770813
085173713418
057411744162
941963782493
352674496812
362172857253
825983069095
593534815336
961486941953
670809031258
835591111899
900641380685
457963802483
617005204533
817288749017
627210020761
640980273274
876980685911
637642295467
944818248240
012121662915
717318842690
988333298480
183957167893
220596260253
892434213435
159564181216
937128419493
722613943049
713221832371
135656259877
757923974141
408442386942
078221645703
628677199056
213909440652
515848020826
365184146712
211115122714
683018926344
891703440651
138892293681
231976907804
774746916141
547631246591
996931878673
256942715695
132803154849
516836129284
308490914064
377668771287
500176042600
329032357741
692720793259
709616087097
951949629457
526289698650
999348031233
129208964495
299180830692
154359020070
484684785451
997437212099
175065746320
181289931972
746915089454
178562092508
530342254580
502667424819
528258280348
723750266719
191776302529
399896807108
658206143361
649249032264
586314133239
780008669492
899586682824
935846168715
624074633784
122138435913
863395486542
293480116025
281009730695
498750887585
827774448504
424522002474
473580414795
195279735221
115411022702
410025355376
801915722748
397870952585
033660796098
728803257696
144069844545
054104735063
041179301054
592417856504
852782138798
864682726835
359800750543
699899406617
143892433833
767052039463
654919810149
793375004874
592040792615
434086138105
564305347162
569098508012
189919554729
485086623291
056909197175
137726453521
813727955637
006028375850
417696543987
915950403121
186484921599
876938188105
338873399046
988734464608
983872453388
609145136937
636580141892
546461282359
977779486606
982161083070
604584186652
376333981463
638343847091
308455658127
970657848110
290723578662
733285504045
900309588336
655181303791
545900194758
789035596393
951603694539
327817305657
771396805157
506467037541
433772557429
181358152532
712292065372
987205922383
228813314338
589630237260
183669423979
111352365589
210773746375
160571466062
824177667172
028245537171
932185544790
723269631552
297656702162
059859061140
650673577590
363521641268
739840343021
308268540488
878931561736
818438780842
847370189793
606052112389
149524349078
850492787032
582899930201
024577025061
845308688382
894053790672
899262311427
815640370654
156545482916
913982538142
530490716101
962611302960
718792148462
286193505990
947073833357
241862071549
912133775656
298998994421
224335305509
761266898791
423908419368
355379316433
982147019564
662286281492
885668196070
758031209727
290471357690
804667874411
266732463602
422467382146
373102617883
558853382278
789940070050
578461872168
863841448102
934391860306
031269504639
267179007469
850378034754
658859066624
171243616539
926911592278
104073125299
762005370336
478977477052
922744677849
689775273462
152815228636
235444186920
610657016525
889107465207
474648538639
576968128004
512658272808
835980590766
864755727499
029352089704
131059271129
880204023559
510352309232
394331777312
544895936103
161231069628
002551900977
481549134014
424571154201
990467172357
267479727867
359110021808
173695908905
385867998490
292848264679
248104657574
157292764106
819864120458
173667131467
926090365587
147036151310
378068549803
972778866414
716530730979
840353585165
827270946111
844281074916
455159310244
715420318377
287718645284
891775965936
454039859603
845165686474
947278313732
605819528761
183377962558
625757360531
094772102276
920500994796
244172082839
354649537491
563315704630
170379380186
248948434869
321340798695
818209590795
256653400570
139198355224
666313388777
452876388566
532632314165
068562008602
522520129271
575261592967
163961172088
508663563225
889998584602
305396793576
580549075890
684075128589
081784033289
160956535608
084753995757
931894048714
771863137830
354671281890
315509789070
083621985252
199449178471
112040676392
974084271394
442820254908
312735662346
846233763872
534143178844
512895011681
671959827779
274746515722
963231909372
045695113887
322310298837
954707620308
945225959943
854955501902
467180742895
877219914089
662563368656
033247161676
716820276037
765551375366
023153767854
042801226240
739174538349
282144270326
530349655423
478908278976
162267890363
025237096535
462939148827
377431835562
062859574741
858808622528
520259725166
699971687228
357467387435
967825599544
663255986592
111087913102
083776006062
823825670708
564164524777
554467656267
200259408650
211009795879
442430475504
736308328197
461734240827
665018867800
922935102623
621820808806
772836135295
052376504685
889364271081
663632778905
241356397883
936092368431
918354796015
827516461466
514788689290
384257582438
516598027438
075532726155
338846584536
325327876764
754594384599
723055184168
114989635335
847838872034
210146529274
392102339221
141331259819
783179602903
577427776513
794357343472
892358020133
004319222917
239283777567
123502583367
076285374545
291890816050
226505426155
501552218714
774625938245
986891611479
543933991038
823645959882
679149008971
001232663445
545681154347
726509457810
209645160218
695405167646
287407191688
988323001686
967340063205
925173501263
364678648474
138468846592
676793113488
931588533313
807264820236
479649002392
484788956563
614878147874
670666409315
952661930719
714196187342
569635023720
476491311003
110481888773
136153626397
652257924651
661734221470
314630641019
015283222713
583989851740
835443003605
866416126830
627585338623
632436591607
059433757551
519093424869
907528987010
069085942742
460992006210
310418850414
673905298794
377793256150
809711852996
810371516596
959588268955
764492092634
325880776719
897708378476
220089105904
168806540753
612381996667
510129739757
399155622618
930785028142
035825136530
124988092201
400149433510
470796410860
208047366983
582776869455
047138473568
187991854721
650745069367
586459238749
684874649064
012645823927
597927086434
459988367722
183549440755
295058556640
064721195639
731229549886
827388404139
375555962476
365633116254
208401809445
170295751539
498293365906
521769372721
170401739592
183905332697
729483764862
982523581055
534749992673
289278068881
581339603936
859422207047
850617575364
762018900704
318652012598
772662065026
710495092782
461991856032
789642433234
450039006513
038807102629
672127204424
888103929422
725277746009
901445409949
189317227830
543551092575
794306876519
534666801504
409201580605
469934730682
152788486694
576642954634
489120509988
678946675097
657715026758
043558695736
431534506224
587293765039
257330590364
772423417783
488812306733
911072010109
949254075169
789738054228
221842188103
009783302294
743090930786
172058219512
009823290367
443271386686
808885234279
169326697956
720454217756
049243285156
752860372716
924465544594
764172219297
686644404972
139579328920
533314937732
696883657283
278719083919
145087229070
141619912859
906331907726
826540252156
356448141780
056291692661
401401741845
975345186476
704205584936
231866971998
661647315461
049939037406
683231725245
169528274001
144529150843
495137443357
731461066283
315179422926
013486791266
707260088846
509708967616
474453394536
580136290433
499387037420
027941601630
007833532724
957170916019
236488328854
308418287007
203691110179
673553747287
602492990203
440456810160
442444498135
710067667049
225034917569
509655079326
464513494739
627517168085
434930113193
309225302919
313136005087
412370861749
129177561856
736363597578
968039565869
696772637961
548037831980
129023522540
096302775330
969495953284
120582585475
651511015761
894648642862
333266924715
199414350616
142319341637
963480303904
953438401253
528884033346
362405544142
980183016206
177020680515
472423847981
413977692436
472924456499
338013130772
695582681440
733742227633
035546410724
184204950840
474340605902
510537834194
110973010379
625506867335
695549473415
964752712417
683054697307
372613358793
089876254016
158732053424
242241380113
120006144655
276566105475
665840755024
491416681073
368872533794
855537303949
608935339451
714920959884
798416259318
621437235208
605214740638
149770448252
085145745866
497990176931
039417251022
984272399980
593647589140
653751313737
447802954155
503481775599
627542997651
129331548018
769559241989
854543256796
607713644876
487969359204
638999366056
814099863254
826529914594
586610307594
416673246532
317655117254
351552479235
463735672632
092632879142
154689240555
306688378270
968739271547
095303901090
815010882852
824074509631
616148515682
528272306059
158747850066
502442748547
568091129456
529420575341
819137762691
039083609906
863471508825
497064403279
839795251922
491112911764
764612344038
307633519907
386686387954
100845265279
584142971685
327968139438
331898304260
376866967240
585363393755
146013847637
225919918666
653693038117
430023022580
092164694143
674116950288
769745159758
062431808686
418577413259
987205881862
918831040575
023178630480
108187994728
389522489165
522851435571
774306948644
171135989975
847346200340
813359073596
367746754970
138209795950
289489096525
894480496235
704617148072
933373808956
678704504477
803981354445
570310185700
261511142902
107379565286
903877105743
368710983948
728782708249
949214098905
416237969738
293270250032
593916778315
378238226318
460005617142
186392662151
758836083898
449215374784
516569033961
657162606731
444433635945
568130619067
827101197216
038579984120
098933301987
136931269980
419264907362
609992721568
114908262836
819623424246
441745469618
283090121575
828995180830
228043254777
962424991178
136796890253
378523241050
578287087609
085156066796
658568555763
805015271375
778658424910
650955904055
308372169366
984250096357
580217671880
878081202382
612381039281
242823923694
542538525496
136204091698
014600209201
408153804467
211732758397
384357691734
104281450709
976481391611
055819612048
661889052452
354945101251
335893186769
862706013675
561509689254
860994438210
361599405647
151400479488
581282148354
466347896473
534389978819
734255342675
965431735914
237304139356
662348029231
275630788001
836902258938
826444726720
945083953622
790159026366
447023747190
282691674852
630624058145
954723590531
192354819968
594082017058
886129332122
647276066893
782536000095
064069814905
716148649649
897537661728
045235009687
021196414915
714220464556
843396744046
983751470472
088960293684
291900380710
095375487463
319447255855
354688310013
622338067283
467954065015
145675424380
354419205777
197279331622
026709322614
002594632488
851518506933
359005005312
918513708443
458138556863
919150284422
120121368891
562298473690
395747628529
481183393272
062407162980
487114423945
523529191799
666131726807
835869098629
768339636815
616602991524
256142732959
403390330823
329740073277
462426323712
217929593013
543505013321
726772041245
604893176957
539155922130
596129310770
785024548262
639610950221
473502158075
372337093874
861232437153
514076248822
987484716658
444018687928
469985351605
610997435867
465705961047
998043369389
715395611471
256077096460
519636166602
845202339312
581067467396
101657237912
987168079962
333105693389
008059479628
990131232902
851172395037
967699220215
648662793127
173538273821
613541644829
426448539561
845640861436
490562382791
535437612042
645201978019
971943296631
850773736013
872757759766
906860338099
379036757658
517843474885
159263294583
529357064854
650561329431
105152642285
501467375757
943608140982
937101126528
172002976128
991049262505
520572545552
919364887833
864636819105
006338040084
466015764260
220532635268
375425753860
238257181926
630871134729
894337118534
415948729396
189785633056
354055697508
967276005088
242631627658
717448993498
339238262734
223545938387
637931400972
966951416143
311733874415
926583463305
494590900319
509719704981
444628143143
814884676347
240379666065
841778738241
556963051108
965456905870
554040882714
051855121260
913223934244
075173589267
061036033843
853871978851
154908615779
000738256914
447261377195
552055282971
378043558647
653822054409
465675812346
398049276881
263950832048
828975497280
449409707827
204514028414
403924701435
004613314332
207521769772
624640553687
178665366624
552922791447
601132789730
917487654022
914917925367
470139936454
876638235055
604422033721
004458593467
098499705183
563337809234
277418626248
389740650688
800028846999
842777364893
979780449913
393528073543
170449501892
294390596701
013841345589
365717111550
130690679128
020075900274
243148453199
050141194772
659945153855
659102745812
704465874610
694420221543
993377084088
662326402112
530510121962
369106393248
532452027730
465486439891
670769477718
587300642558
354043537330
206758072536
103108220832
852545405621
845620930899
113422140717
634015819700
051602010884
425111140683
600699105208
693713240362
756469080708
216628227551
111455888057
254021015464
339428215314
246000602221
958097005733
133273589133
491264382683
777015480899
340931105572
249801563181
351335091698
450895893860
436308548589
095211619269
593916700155
729730919258
674659751497
729874771541
996517582379
059732194264
387038518441
890289258970
937006264343
425649735438
087059532439
922666658580
901319185565
497484617642
904224319070
196560189001
355482923629
723209692185
772257680740
291442449688
465053845890
938807209566
853815249344
094411936547
578462947134
592116398150
669052602789
954962155116
080938340079
661874283799
721251503109
919636563626
262447147982
337805467473
565869586264
448918797295
140165716849
138930970252
845827383649
815621504175
851876993837
057354949510
459442319881
721106498368
642224065605
381845697418
795912728883
479700081859
805681373173
370933738664
741956925029
155625372154
084638992141
176940000437
012308333903
930132258475
893276980641
633615726174
566744467103
009763463904
615055642582
994746292053
415544868106
093077770897
517535040566
426659382430
491675091517
493493426070
984635770958
235918179720
154478748967
813785447440
528725835335
251550517067
039234051655
867664342149
605444623478
908114818734
714260453886
043855212988
600179977535
028166814154
786706838298
125969885738
290404188294
871759104693
147490867062
997313125538
838134751579
691229800041
966609990791
474443395861
562968072457
317264727166
801099398634
948068970944
879644570849
764464197780
085387615565
712660119295
318636370249
247750682406
644124211615
966513875645
830413639719
757174875399
838789789480
244396072705
020501694164
470202228961
659269993718
037359172545
244987964462
286864009190
270465044004
125763609824
544266287003
793543792693
393005298293
645922166570
096976214651
048958003041
071496498606
376307505734
131214531150
999113618186
214366747845
361085643804
442951242838
184292482039
648981249365
747585611436
288460296006
605554682062
984020831856
959257909027
936054807308
978044803146
466172651920
859660902820
104292718667
672405953647
800931708156
683356814523
905663658104
700443713432
365671229969
572836312611
639024997132
524668779319
544486241525
695148024539
738096249609
750273074213
374016586561
954276750763
559871703901
332157278620
835810929482
097166721886
259677779364
733892924613
312063885916
136202069671
986917571416
175130970168
671147813410
359509456597
011763794670
490408421978
692929829045
040557266786
510207528805
513856299283
707633028832
887589831051
013313346275
017513197946
634762751771
793906939131
284587279469
307723630678
890215261590
506394575836
875360966245
094277149014
765293894030
085215955639
086244888709
212085964973
277791455518
775624097325
534869670258
253641776176
091876005736
525103015620
803397602305
268000734230
203023357080
193991988303
099231803382
000461593345
589476557322
049498950882
120600664305
973927181586
346660568102
205307072557
240818339900
851254736814
313930518635
132784156331
707784622064
562666693447
063167091147
154336502147
777462281332
180803260472
988476581649
398262659972
660846341156
049762571160
952526502583
516819674084
558445667441
827361723409
668126409936
256777944085
354728516381
241830740862
386088555604
253707246057
966717081028
579185825087
406733361110
974400223694
646182252945
036480766263
496435955777
958743112368
409908785563
889821180418
680261964422
013835998873
730895027616
079447192692
104955175248
755268107650
246922954883
521941988239
713062147824
028820919453
790711964873
686816568389
387037166317
211515931388
113158529730
849820436222
144401036774
797603930454
653368838826
978366227017
205709052346
200229055651
459292167167
888790704434
107773241436
259304423848
104342235542
111253967577
813574895630
888374840447
441846705111
363943904520
050368203768
524056080510
371785441761
097367989875
374162189330
244012284161
919676741379
944453538102
779119389341
219268210911
511990632263
241141437162
748565982604
619586774212
552901560055
309161557914
061392449683
239691062195
250101677474
782189476993
044956403215
535005484693
498460225226
828858669736
690336374499
440494246795
844692598573
153845660644
515935207797
964325356965
817492895460
117760983316
761446874207
848464820396
674753929794
699283824580
996454894191
440327829785
646151740054
836995084318
806382997978
479118537900
096432912181
991848688135
770471545326
293511779608
251456326258
824669804507
176802351031
990315809480
963652773964
199181723096
952924606547
635258357742
155057464851
607990213222
536045542075
289399662029
046666802234
538510905653
870819969065
010963269151
903717676947
160463027581
281436006543
124478877366
527758776871
169723182551
692649974380
581423372670
725797968004
808037093637
392730804248
548577888447
219312911512
183129863852
415805703096
349499930428
797197002216
448214972930
164903372394
601525428228
769176554982
685406215513
081755376156
104196861649
866386144748
507134295010
134410699764
965993118249
696377346619
218741615091
480144140256
363327129716
452769809338
762892883771
002539012716
473603429469
392834895576
976297662085
518361518841
192744299709
566659901199
873445621888
239476565897
797990943771
856468735770
525577335504
849694338735
713180266630
451796829730
884187612385
006331708004
883123266476
190740593102
990913602324
877781222447
617178006017
026750818924
071941318347
919476524134
972939340263
133061520771
927319042932
760494101928
648965716644
859650366032
457634707761
360540349930
283487096979
938724314720
852871837045
269582163052
147888110196
280718828748
157144630875
976397125318
025613824750
398056118773
274751633787
813627340201
408437462233
545729967687
539472622469
666107006737
276022695422
343190380453
917789027429
123901660957
659817936095
112547602071
820215756618
499832269027
203954686883
195937109684
426586854499
234172427150
553516000314
074713485507
713741239871
808094658152
818113977335
687111484225
814685837151
948760270596
018877412127
666194312633
867163736262
548190059995
396581974215
750505735674
905903202238
232473227807
358014640853
270494230438
499728749619
759695030020
153351825977
072568059984
715290538869
643223661200
278762592080
559825640024
209774668062
923509360100
743181899183
848209313619
433832965254
841219833888
028275246371
580469417247
419831777787
044720227361
057597293064
522294261724
651950072539
653091821543
844389627945
759535805090
608579227902
527525399290
640501609922
004618411590
613007327601
876073353687
440899954971
730254614232
409743806693
107619041004
151070284688
053606916840
924377582098
569372448505
972989116904
588795737087
310749619881
855320066546
407276129302
370961295055
145612221310
634622285730
176044881850
625050131566
342182822854
937542272497
680050679561
258318910815
627995505603
550151890581
602183755250
246444154031
564309901228
789934008080
203628265687
145447288905
402385439519
513014317251
956430742514
508403374610
772974486109
584364680134
200705001815
044023724467
447757341177
613196892061
773217178680
405410368368
454701934739
094761694987
369137282243
910528316362
815390341939
109596877594
626112886870
632615397821
962479487846
379944456200
257760099886
677198905295
806966192416
638259758310
071098125939
560466119505
445727010508
965097870574
009547828532
047886289569
899515888623
795653536990
958844298023
630877729983
749044796382
090638483970
954095170118
166687324837
572577558920
869791555169
407026990486
326081723862
576930704082
004820187419
670350586184
944631665983
668269602691
680595792164
379272375820
937954130079
381669429134
255546067055
026775237622
212881870060
727099435917
166609641868
550809772418
861592814018
797312881011
497534085412
570377168228
461224824745
838798649600
771673996052
019812552592
957656572787
024848782313
871173059317
709764758640
118048878359
072464568594
778741381201
076347748581
806404454916
903760190928
512181825288
043182044559
896078507045
749370209745
446990804987
233321562130
678697303508
763579160679
811996604456
188893210944
176134164362
316366599533
694750908519
292976536806
915462296539
217395440193
542436697537
123002723181
620533419943
034526287973
720027384914
446174300624
588685794267
454589626146
279794364200
003184833552
741274074188
758884591652
661358324699
498049224211
862187829734
643392549932
690087106911
138823918180
843145403549
056220462044
889578386417
569754904170
207636683635
414308386133
130710563918
404878730306
903447595403
490947362421
323759430378
432641472195
603456445429
917645991510
624250893079
994794235513
013765688346
132963082565
553617627946
431368244803
721890020599
731170128931
084796101298
815396185678
633385309298
947701022597
629328773697
455420054924
991879176804
628908968700
663159153218
696760901928
559647324726
243654363030
170899433657
776886695503
291022968342
726237461950
324333465631
055812910874
903572824136
181259236739
142086172954
176107148902
079539620373
551537470566
223335137143
387414194541
837355812871
383044331700
804432630293
632367249930
343551674176
132195871422
437907327309
907931712393
625360948941
444448967238
783513262616
050003157460
421215043215
120321432522
068484952761
758949231591
916086780800
369500853049
416826160001
197352642641
650616874081
783508471288
268278139666
295146737919
303402767533
900804585272
229617584364
406679628455
161563560134
736776757571
713231618581
977316065298
991120985623
076824482429
004059334191
559656341788
871106374672
138976014345
846213738803
552500820190
157147831951
290377617673
345064941461
053583195309
961801617241
409705464244
155589674001
203293215105
673781233012
130626733344
485831586187
165440788080
084200534747
030962089531
832334790257
904289796141
437129256942
525232302820
106066743280
001730571062
346504244942
072444855914
807842056694
841105078597
470068040992
484429053687
146439370093
217913044332
602229225945
261748199723
973821744847
064470636964
041764839461
585185887174
677907416699
113961477765
391506657581
318268643527
383288571604
890252982735
189597973746
538893009292
865304086145
837863658075
338656674344
485317758021
260491934674
069872226988
985952577147
177147346751
281397704875
452231577804
527957118216
483486250608
536874500846
335032398279
746412963423
190394983742
233963914129
328033501645
786420441375
314359557445
063835505069
007968387214
014826997594
980501711328
865458283056
071057125806
080140201410
367128573740
022966891969
113140683037
363831936991
099805370663
800275999380
958224780013
980860870221
434346584190
974614637689
193749050504
378412677196
693836980036
724462005679
352044815298
409197758837
379504082622
701250304384
006334010139
439474926383
116362871273
482058656272
647450397455
140137369747
761937050341
000313634923
606792712762
394808297198
966019223488
509924608135
174517754588
350204238781
765831480115
220163000285
233885158599
760371862896
952034559185
632478407811
825393315622
886350322182
790561303816
125174983253
981697373767
677677072033
481426806280
235572750569
968545883708
097868109928
696520997750
038646722131
755370466227
769391027635
900982764198
980126854997
546742949312
170569516527
510535209121
755534797366
074303545489
530141849090
399764574916
639280842548
023214188556
738720712015
948751194146
050323181734
534442060333
908366249248
567585869847
225250057123
292882706486
042404499664
330151572468
758415643096
258290086000
182706586582
950140813085
939669605018
398123174658
201248523551
671130851909
670465709676
593813851236
662728059279
473587275077
909188588973
863198400626
826475875164
143168769279
288674079948
660875579944
526939828926
602782483100
748145701175
596274710717
180236652563
050854860977
998011934080
054504741495
325867813544
525989005749
120670062083
709564243598
644306018101
719829959643
611887861184
098415240984
030777549833
958901499327
470128083395
418148387483
797269424975
523944578582
709854017938
311943487215
607357932571
460610916922
768982354981
833964759552
970809931793
445253197210
009237554793
761218632561
222258164993
040281371696
960246680444
434004416303
834166920564
815841700347
224148810102
197557707912
443535885088
545480553004
539836701555
517985225482
896110441628
473750879995
145508456485
858320642291
179053446697
641365367172
968646858375
896286450412
450889638643
866377838243
615032960491
522542848290
836354185400
189990089001
213731187712
958911700738
249831385075
577500634227
514132207200
744231360765
965413256233
700835918460
387798889213
005681572471
037352877970
234747558733
390839682516
380295096886
843089127265
607640392307
443407884561
325909892862
432090850342
358296967615
717242351795
001566078902
703281850238
807621208499
836843903596
329483605611
147371278428
076288583342
379627053940
503034250409
177462696490
384941898156
272839904564
658322592226
762906961254
054003459453
263421499340
409057647995
636687055566
228502601975
055801983542
254089049698
490421511334
395564015839
304706082604
726968313193
476118194505
559001076658
116092566209
000615700988
070238240315
301979065911
118861960398
894879894212
267444869506
333715679774
634401318935
667056249265
386392219501
643181006495
172541694278
738450580181
964755231883
646843118433
711658515377
275486271110
059517332832
682592043014
199209139246
093867289968
914798880849
945753799206
091834753478
212557959979
543997312311
644214646422
214021226947
960135400138
820481323827
427350712737
007289328800
454459795072
228421467365
267008876551
402618305805
221818053078
675230684338
925345544503
315081322216
501944830200
470390388658
242254466467
517871758897
781424056833
229741932020
542647331940
228005403399
656890767763
145625729575
833897690545
698764839557
917536582563
613021135544
218195626738
792100287985
416693381818
915249103205
607830202864
840610587080
901114377935
091885598693
466732832831
044977708002
376801931325
505535566158
055959385437
356461038342
200895070549
956515307511
643603520274
437462531883
470139864398
210981631315
392149296738
496555488734
658667412420
624280026028
791620339283
875789711627
179354917022
294712396274
000495112481
240776830593
431394587633
671007718000
500642764859
878395357050
996319311487
423252423692
213505285406
559633786503
418593455104
072750653403
158553803501
571814339256
612041702959
922147369366
878793661705
184719866690
602774911893
568439525396
154583147765
130955057419
328369058031
978591982283
298385503011
339948578167
741300340886
475443859578
588521491911
217903496435
327443207006
203763354417
861856307750
991487417051
271807669799
740356283529
713442402086
346417939786
160562557394
633201181686
018980409569
063326796641
477972288258
085600767898
191311803891
257384197095
585702291961
223632132767
182005670853
052435845189
848918719325
276476382295
040070351795
393764003684
735690095367
765664922621
078065095244
562452361195
091750560289
404176294973
724859096164
138359229118
879806418622
782593250283
654184656845
797465870596
275388963623
044522382122
958944599519
401417915547
671768848600
780056629602
013390049728
963187155092
974051493060
038377521828
807038437234
888937467966
639990491271
835301173097
485322717044
653128081694
306125348101
935909106996
553301150809
930656076125
386359811711
303718481460
844713452451
513991986518
778648260480
795918663625
120910102766
116899622919
449689738144
177299395750
744492010074
181411931832
660593492222
177158197341
808428162170
516102307609
304068575456
148306239962
163554183804
451397718408
267137106119
582362671333
353839911046
584285840559
591682532310
132198119445
454419761690
991515571284
555382437688
292659511339
162447537594
057968861418
483239619146
454665274452
941436418189
167897828328
907752500492
307817002712
411958719237
001314436545
985870327115
697951819660
058522592113
647543617962
542148084721
157017930385
286025093599
283406337296
659271176922
105480023415
271916102619
131174599019
169591933031
284879903294
196101518697
640421133762
778728002042
500556008432
583417026934
521991257128
508584032455
862545039530
599706614241
979337875149
472314973930
839141322313
951435199224
763361286392
411121917275
828466011180
930999768040
932246373616
859271932077
711537868708
732143802299
399482465506
939455549954
205528298320
221993956440
350839775505
289907695439
080456963962
269091005146
226762564736
987456779950
453667067225
948998000938
964079946686
636900301125
575466614787
744955142644
037394473612
742127500127
030125481652
465934602914
230934649691
120554831691
805189581011
688411037106
504290904927
975650889575
153242868236
476501913673
093540543175
013433757272
693123498729
050069524615
630766074553
455492538284
449884333772
380832203504
069059538634
797039411394
212998054964
052989074800
375438613405
938517340821
056308493429
786779494359
166487193460
696256341943
421628485809
994316484259
326622122596
110196843377
023344381377
845264011985
062027860980
476478922820
118798434548
998639343499
802909521051
436746591695
522371001840
953946845932
833806049233
242102261864
145136142369
726735230453
936895892954
133634143287
207860275410
824346817891
897744841471
270387846679
459822895321
897570186858
858787842264
186041451184
600440628360
111591544562
038192573587
459475802578
309293161899
010866799324
679734318645
034568653246
784390786798
149237847675
632231126944
514828774758
188473278986
165364662580
338500761938
952297058642
961467008001
946493751676
160881893699
071485182778
265366264124
570104587379
390438698379
971433830050
718061856269
444046529139
625235652769
954534050337
952673533739
424872788420
739232098185
292982272526
782728004910
820098962123
596158121642
810772617784
660317752084
548640680598
472771613618
863592098984
384881012530
200091820418
986640143332
294689037232
936403113281
605872464666
707457651410
622986814517
064606747401
004920329856
258938470405
182979335541
813910213113
119284152550
581977795601
776988962094
313134964886
772102286738
167010236891
377116323381
000864878705
365046271104
396343998210
779398642613
151221750574
266543004409
508150366934
736084095916
471605850993
832879428595
681550520534
968451300458
496571044618
484616057331
244749078851
824342546437
029628629245
078758156609
924245617787
328903668467
203743053029
343748783454
573479125491
402752095174
203602003264
223365367086
121342283039
626153262307
238352208693
448458175288
117796494431
337677787016
142276013105
209171212275
903546344088
872161046522
484457187101
853567566224
308955184083
093526366388
850190102731
919466993450
206893921197
173625285589
238346672470
900779539595
319778446656
878766195100
895628323333
563603940008
183492604502
780907248222
948066773262
110728545628
007558335635
527245540550
236647569281
569872197057
280792147833
010353012867
772473612895
427363627050
925393821567
474141766872
500108542946
470248385631
324735865564
654070718719
729266513804
562726633412
139881652720
891818399928
458052233120
623476132859
075113311150
060979475672
086461848994
612202916586
389819797671
892742411124
376908684746
880205543355
805617819085
541380992630
082525766182
422453705957
322674895243
988836384453
039589190880
667274865161
146149755090
724837852494
218385136913
965960764977
845010653783
462674986571
411147877357
864354375870
484742854785
019904554559
079808632469
256121230326
911109391285
961126367367
493526436732
017981174049
832493813973
750862873732
897217398639
531228026908
635004279801
545101323114
795828732249
665321831196
602309544181
143215084970
150144412303
537756942469
172773534189
230925312599
990924979298
225344014856
636799313182
706164629652
226944094001
961794445357
910045540290
893715954032
780557909311
430210308810
309268626400
487632806608
776567577488
264400277943
902327384712
679410668075
328228968577
480304888302
429190546773
280001491186
325932426846
669270970543
243325356260
177212791665
679207209013
359279958562
488402179489
664608223263
699146067609
413810902876
407246022134
491785441914
026583203059
804817257836
722308810319
052980042588
109755851972
327587683181
947107947756
310421859673
298732793276
185969880358
670427919718
084376871811
235505217273
210163986191
727128581855
477756636597
902895459582
895890193086
261015244351
024228020718
113451474361
906241915097
270312464929
929112698968
974215697832
105108940182
923651206053
075322812002
707523785000
307904178039
492152354337
792360342070
808157720803
896597129900
252394985639
906512973828
596460220441
552285285758
040962304837
205317457974
947886405924
237785189652
198734478203
380411761265
371134335124
785968904957
762376518648
746077366387
829701215418
161649330500
500336089434
176575623856
993035116184
582859437141
398202400530
803358645008
209010344597
540143941945
431537473477
523447107021
885944071226
648139679933
647320822413
214750162698
300809253126
980853654835
520521861896
785323329176
965262247828
407604687734
003943586258
570003119256
749095552572
508540836296
714047665392
058073243998
507460922415
618821119610
422816737075
206940259191
779130652993
587801003662
537191366367
382009856421
011803022238
327974698610
847778619216
156234005894
515253131954
502765547307
188662047168
568785936461
813439670014
556421105711
054291751233
489560970963
666904233750
581568874442
362537961707
219882175130
507951755068
324928105593
320558269595
442182991681
640808800946
520067976634
322364327632
369902221837
628524134383
898403300630
228078896178
129522735779
077069657159
562850483949
926810104372
600848396749
934998462693
208876180381
071800563660
155833955585
482008695774
210894465796
128444717314
823048087754
143064635171
998603014984
739155176212
793715759410
402997342544
225165237652
401219201249
743808701256
520268618473
869171115290
432041515092
626760221042
139487033170
628379210735
915751313400
366671741432
269702427943
923258789995
974122534382
385366619389
649025138728
993054639264
000992596609
338266128561
835209440207
995765732320
973257463199
487592047037
158387503940
997618640488
614124703575
416571079906
330641086237
316167796490
496032560451
438116756726
914331273733
031378683048
106978440107
995586049540
815224164786
095936763534
953081328173
884998891214
432547900102
239253327726
815638189454
635836964302
106604083212
071333192286
499092397259
962056855402
323621489586
093106370853
427081040110
306567183487
644376333137
072013595638
425131837978
878630560588
945518470882
431173775228
946841869339
318844069043
763122572655
154954750492
408558089636
174011133002
288621802806
808515857400
131594151714
261732041048
709370964560
583065350747
278521423842
546279546948
405854891583
052134537766
087943701108
163215749237
233014448656
093966656666
217906369931
054552171294
102865142890
164053633223
547133258359
829620851178
364699099787
983818048968
769085119348
755281367575
280768206203
521058705562
394924131678
783686546624
797912929351
696951643072
393974760288
114105934907
960156203496
424746191034
119862112670
107441465605
678580834612
852712841498
532290568494
417960709626
619730711274
651572016455
918577861442
722469034131
747138110651
543708897973
444733071296
759348414646
477217013783
105772322954
645153052898
754214992994
654646633157
636501772230
656722649567
867479984996
086806416605
844992945762
363384587105
892350994085
509890743104
734064894316
338934792290
178541165081
994243964483
267997660283
704172575257
214230902188
921952162602
966353668421
031649481451
580507288933
033253278077
045305523187
426696422767
974389909195
911948138292
748410096389
564550693588
293901480642
920675769349
146503119687
144750656498
297678480938
492536329287
592567711923
481762019990
964701285047
027057695857
985217218277
244932103827
340695748899
320289862294
510921637736
483541945623
302867960556
406493534174
981811671189
619396598365
799441728212
633377080962
654440767079
628765999094
632248828263
047897100076
629545809796
325803149701
985445691974
667263850181
626216175916
556756575477
181635571438
940532747482
095254233147
551471970935
460427803686
798233318781
810990803053
437571235577
377737026558
007946227434
856166221869
724062595317
669871435451
972637035393
458977895508
926512700775
947697531392
156578612126
138361148790
127524696833
044839045637
261293297867
452291576381
837719191360
971783152128
604683168613
421104633148
075289227607
634931017884
127201401597
646804583698
641820948135
180533589331
078363227091
525053673341
224142570809
643737771874
619072913958
614856783714
121615968596
015060639880
646053873775
321332196249
756871612758
981789637264
449346021601
679900019491
210923220898
874714730934
385561760656
121484584926
820275560831
592620328114
320455227291
933847467506
358817603051
367650348967
975404504429
076355526058
277469790560
097087618170
372945786550
012204804733
709512646857
582254186949
005944023852
908997220193
123317637483
218445387190
068065820411
092387911093
551486087142
663635173253
883441838818
639739346803
359941451571
499834158500
546182277084
217213464128
699525744586
103029556734
799268622498
277890386462
632579280185
659269516596
423709057591
647650302071
163492972875
612332498070
379988891391
501474329905
414257570915
796681087076
234401141950
840444672497
304986984915
917782817819
503198590149
953228545731
963051336743
291878850414
857642556905
331109569362
554418571021
677807220481
950136394772
860447870233
101947936259
287524094144
532703118307
320279970729
871589283122
820663249634
643076158293
775617088404
766015952407
685437209275
793413107030
193892826940
561975682935
535412770600
967616494593
230097969192
299933833635
955173848397
153752904605
792653051154
833217954995
185978575419
286229027437
238100134728
764720596514
536257377233
057771480480
394383873981
064400960119
531705488318
855468937389
415180769713
905496915771
630773387052
354514141466
408183961291
808697582492
872520903419
862473201802
443493501670
705109565010
425185478393
553525287463
105690046551
206320254156
653746402244
154450464736
663355650531
908657498870
936923176575
034612679282
418392318071
918582791009
774945920106
819199443882
647412197478
337644638467
636818154308
813531321995
580062774947
769790261444
705589862280
131152397877
696572934139
384075688525
978947834411
419137434429
402319430705
990245971119
092028518598
359537654198
218165725976
190116026062
717982981303
188411155757
001178195147
138846010051
328464890266
354330306137
544402514869
418876127045
193367256062
522704230574
567629585877
084064566252
182959675817
525443470650
107663623279
154681014571
968787361772
459087658106
818594767431
923555752779
316745703856
237391666289
921637925483
038393347803
871589195703
217232345470
242678638650
669303159765
749885838501
273249089622
316657701725
143025661380
593741422356
938500336683
893806160775
343117598114
742714886040
913277067142
645332991529
857508256643
631387815996
036360939464
992758887554
702448851696
734847418658
270954308395
583987219114
385070849601
982821956130
917429004461
641917292994
637988247975
235899081227
256238474991
150463636793
149443268175
103247103706
951589542059
582479871634
914926493226
335025089863
723244523190
917619410915
676485611260
610034465650
531732753075
410687800759
789623512559
822159350320
531758477898
318280111247
582554403453
511262802333
765437727663
618316674184
998019922186
921775183013
680150919946
090730236790
651999593480
546911033508
278718473998
195415951911
331497736945
861481132215
573523624323
091685881187
698057669635
871814200421
709215793918
541674860278
818369487943
416001758039
849314329914
860991074089
140454735935
999360613872
414658054948
208786858413
845101580381
359350511986
955660088992
549101656870
333186238430
436194490222
586625584619
764410576095
960588826507
909343936837
169856968076
876851033095
305754513116
915573717804
928482445881
144900930854
853349406961
793130204219
604145711495
085030087399
944549278366
989854878284
870662826239
885831335808
083532857070
680311252719
644769143745
574019512551
027799913335
753831441055
638401878403
653853528850
311034902695
328848608558
670446152980
243907957244
236227686731
384296872872
045830518116
625805184582
800396923650
603455617914
536489708368
331739149005
815950064809
894178789735
552759138481
067690500424
056593778835
441889146661
757113301583
836251560915
889551606742
423367034456
210430238365
146266975820
052924056952
626766059222
952508050832
239399351902
822291211545
133365054411
992808416863
017978228422
086147442892
370162215398
963013892106
036422457699
106601236025
611557874858
087141372249
731162717635
589511316057
923385097992
542109728184
257232109504
571871594767
710652262868
140345408776
805098711862
542699890298
148824493255
923664405244
993762158343
829823512311
044214960063
111494422900
185940999615
581572604793
194565875270
711906201688
872398644727
325080550896
612306706483
834711799480
474883498197
697941168963
589154226876
388262560452
395906231367
962985472549
527696146397
780541107950
485821467377
704402794992
084189854092
662249127923
054914490577
617312126168
153609211764
386305260794
327275694526
960913553443
222879542486
673101754154
916634333190
292611602022
901032666138
624318903810
590888629881
055177500283
076705614839
500927587101
521049693134
589181161246
932893413183
261299641687
359263993221
640131875243
946145041470
772339431815
790566411172
775275902136
459515237243
119588300609
427980866628
252664978888
555629773384
466115548978
683188921704
051975970201
191237936432
833227739713
602815688175
781152633080
969237477526
272239607796
016339433456
535572781676
607784448037
411656151621
339991993708
752434264515
819665204357
575426798869
064537517763
877917066529
481190200255
897347278603
203483305634
038840036666
455603676029
964886483128
382365413887
184014078720
307985928412
178190605650
609316695338
084000559485
242188843340
783873969118
278060023739
562572009259
878142889995
570027275875
472329815814
089644911016
762017001027
975623902918
708457109762
968633855691
003795743168
392562685945
375453444656
433796192843
244574396519
157827773763
060846449110
685118930433
704563021099
806991669407
934043569554
624479251858
459192033835
398596153737
834136274173
484405730564
282209962457
581563952252
359580538766
714190148107
251480673820
473533368115
913349784027
667710315451
411346026913
680078798381
931719907399
364771915801
788016387368
686380981906
199095803275
090599946814
877220214877
531395891205
200448067563
947185224254
674674314944
898521700429
189715468222
661797617101
330602300119
485252641043
287261014177
946286527625
041241548599
951627632601
981593270834
183669586015
246374519854
715871310960
783161218430
280689616457
797791227537
555492569503
954154754231
457343262904
933654651618
903618860377
310641421753
206249469694
594963951973
699671944479
024370281291
817580785963
217410223879
262875595869
687833280618
165438216497
958432562735
234399917273
101997939074
091651553303
108813269242
080881494206
535955304947
860675292379
617502722045
996335793546
450195672887
437921612884
235527566542
198011568874
692003190439
589275385270
582791497005
586039849112
688024742883
454789417386
593368755357
092832806698
434975549899
485813736379
185311411030
611864330090
869648907705
873587792403
361169283554
893596051161
595356646537
664197385295
942425034193
539493063356
906667693726
325147181163
659844003490
031353245993
499497390419
252505577935
188582058691
879861006533
240991924295
037282935638
001444919864
303134415493
824827647316
905516469361
765195608458
649872228109
613207198297
695021687220
479649685324
641176275605
663190577259
169982918876
685706530523
364032540196
318069867007
006933671757
301513510221
409036912149
937757275997
428586912763
660295359251
968638563170
491096618198
638886095312
428086875900
605193073721
413539524787
670969196658
313684841260
101849831659
678479357553
045995036178
853870094391
764751758203
993753026049
114412523472
125419435588
884405106488
621129900637
322888445918
925804780115
679227353913
288047404112
841320895273
505574202519
090111613591
907231641696
310088814655
692178768915
080787555531
711262290144
823920700528
818561506850
595269848383
435377163417
954807234386
823263054925
775026934743
152011923046
524822160827
782882474766
677253465523
669048273889
198415535401
949609091109
325290054153
880604664546
127265673968
765150709093
833334486614
288425605376
729459244139
271936110576
944036827201
021247572693
990169698192
484024739302
135131136696
737427963567
390339886707
213148327022
820006022629
467769196357
320584154950
563162090239
018986728968
373446094777
051603022966
861873380119
146718557602
995768863660
713646299376
804156099482
312006383257
836765132479
175163321385
860351633240
757957254555
695267633124
018821269068
798045335225
561875393403
669719761196
691002566329
432740199934
009508229349
625588685959
583916318325
652228104764
826578584978
170646428403
692226096842
558697575091
040107916896
628833347293
704206617814
020457093118
641285184511
319920237055
038143488161
846383586410
751846553204
477330714900
330316144060
335960818327
723300128431
768758717411
078308338125
750621391620
675807602631
526649887929
359671666173
447485173080
621181169915
565616427414
875762347743
237869267619
566676219875
696277699381
910226689204
566189854374
288682522139
480227834934
144103094743
017968478014
680474835554
334056561428
332414162827
215689860145
021513294683
946801023589
281315036518
209567640684
435646787001
747617322177
000598936218
313674401230
861463438052
293919670850
834286800874
083270746772
189296589864
395246837997
254698205311
933010235245
645854531198
255612202089
348308400054
651411542185
081754071904
263085577715
077887719506
694605465397
257419957789
614750014687
771070373569
693422420231
853584210785
283254022548
515945255013
899520735032
102623483489
692323710329
955000845358
757792551792
753568734423
974622315327
161064198255
965706443120
712841496145
535669739182
711734105092
674815962701
111647693604
107370376277
138220227121
931209581930
812996672643
306806021661
973533574894
036806201211
995385065360
458057353261
867460456317
447000961689
931354075227
461536595148
477254500435
252441802705
381100218984
125582596930
696203918497
998578424409
659751692785
103169363786
131228219257
165136021813
558668426867
240935000141
986669060877
654028100214
098429324978
234851490646
412871102177
424274008324
700823832134
147127371468
082089985694
013477247179
628918197900
022843607184
603618380302
474817835608
624782116106
365700181064
426490279472
944381571286
199854755469
082297562551
893533320380
636934030693
030374215776
920332731922
869636251704
959639989204
827575337643
552884369396
881713893501
485026168530
280515934646
506462275006
732067797425
964433166064
121682444737
466866780139
078221848289
371791222912
127383899680
779684888289
497682529345
862486710531
072079321435
332640393836
460484034883
470737394383
462504878899
983308036981
143835573967
489106026130
459041696224
613377027734
328560921167
971193371668
448666308744
309167969420
267019167487
559250287769
535713545056
838576016312
783601562762
618289468956
960429326245
223944460592
714165691306
679469378817
247353983396
301909564698
102702720170
532618083344
951843613543
329262427630
875898218830
491020767614
070782423537
155376619350
280401668550
948036148243
489618419079
576718877323
579884074341
021330384431
669362698244
783945350915
914690921100
146560935460
897605556629
100866848891
934290796571
510090083671
856501391783
673033927976
234695358148
347562108076
297071686946
773087474311
332371498603
303419247094
290853681614
748000974686
019399425426
048955937779
234122730927
415412553384
848056494154
747926187801
780425435361
739597781924
680874591482
517660365645
749500736864
489498812743
587408324999
193426032452
462590075997
265404127130
522233199701
447002105479
312049748047
807450271438
093091255516
911732398301
309232697816
247812590089
734419674252
173182967516
516463889080
470304386844
635697303065
181932939911
999387061887
893680154716
192311030863
951368733394
080398671458
658962685252
668325398781
619925016005
280630855656
555687871211
989862508234
354343091416
971858337811
955157993910
657309776025
072264892698
736060645203
493824382375
057194852454
011798883738
040105068879
091065755227
320758036905
804441444137
853831550127
079640839807
412895739238
642363906138
242981180959
568542042160
369485173158
991134980507
081956222405
206181489153
810106997758
056366135242
962405043467
056645364888
937645447169
716342731729
881732580742
897281288897
064417677799
298449586787
797481362004
910935897507
018926396629
079458926715
879225516468
875520068301
043336218910
050715553622
351504008659
874445632327
968783924018
498721550363
921977455670
164625371233
857538750030
276654305980
492132307092
155251877926
325442568270
419620072301
673197765265
711157726352
469853968127
474580790059
516735123249
087298856945
215093219973
948698763591
158693415689
795555454910
114062642526
340342196077
707236094502
743143331348
364845665424
881646127143
769661484046
396759631975
489355745028
611511949196
664750746383
574022087533
080406994376
359653145390
070079203995
016828036814
158154390835
805074569312
412183924330
281053963421
183527094029
558311841918
308189963023
278292373375
463695196529
247106009301
495291173009
659365766514
161124430761
938763609786
179550333296
400746449559
495004123557
862737455849
656845481591
275797641712
985599605550
932637577056
313339342011
901914375270
201572636541
535760497501
510230986850
070162051347
808542165557
449559682209
993830345114
020277262500
784030522765
164008667791
567976015283
018026669091
420835219462
474112870340
553486057907
322359439872
268466607763
174521150206
483912312408
200705779674
943138234913
176964146136
089756984001
482640685020
903177140473
187262990733
166285674391
867963637607
559378714418
458330153393
834802394732
232175718117
616689062011
632893681175
386484487570
149805122013
967688129023
229635832510
074018634452
665816767139
393179643208
553288612072
884918220110
822735519496
666203479503
659759079714
153535684090
858697170477
271972866853
123935740830
502294756290
842710023017
011463003493
389640665175
187423167532
818108730474
439463863527
918363609723
650239561308
700593012172
503923264338
119504830096
819355671125
271347123736
960898666963
871557874303
793273549885
279601740551
814236021556
795880182159
460988807511
766190734383
326837621340
833052698466
665902147378
758275585001
733495795116
389834352214
564480471811
927851991196
406086028744
101694111374
050795157359
179252398287
737682781492
835047775763
324466451635
053310927491
812868749653
287977154675
465418978751
220163687234
461214846293
372666801648
150859938454
756972859205
999905116641
703668541229
495098878738
298323131687
128482616699
973701403473
693584447198
953863959029
368171742589
351167265400
090472766346
455836588272
513558436989
538302286565
118966082611
227045627603
673770730960
625822775000
189365434347
556826329289
286335530082
609699133182
591381636589
715096519857
031954036596
429508055677
381552257993
324343301797
735435703561
542476016409
835648471157
527629742282
735828164121
254563207727
395701670049
987101163888
661032178138
056660832147
462367889976
433008203719
546176467898
470940477670
232716524783
929010863560
292368254459
489601522332
753029184380
056424966407
252606333714
072184290518
395826166104
788138138018
684327910018
433207721215
735476101244
814940343682
850191017240
146498354720
491164075490
931585780082
604716079716
770350243304
027555560684
364532181597
686208224959
109584594261
764253554497
860453417578
938339610232
960542544669
755259061826
344819724505
601088880515
606017614934
046976483731
291522989743
144986891717
340170556616
503312838242
472817812575
368951856255
002763792562
264914744040
503737646738
758173024824
715142373049
869419922881
210311177734
961661645511
059008494444
876075803741
006750863487
908943376812
958215942741
386476212003
023410549622
590560320237
556033747155
348972444177
149387196936
244506544450
767048722766
679512259140
027689375503
529261597781
868523969313
139382613864
402654291564
252599881817
786005313752
253863791479
585939046203
991031360281
496921008897
684551647855
074395984111
498839538660
422204914845
028796134417
900013406878
601548349060
540729523105
204657624486
021863234040
437622578230
111655362685
863247862041
788978958090
874897411752
102307109907
408236466143
375881645204
359001993483
262268217397
246877224802
290896976087
897034216733
789183556375
492764589829
778857632253
349231993367
836068481600
592199944198
463623235305
923422783635
445359490745
901572049453
581704815466
771588575170
321166580048
591218849742
786913440782
911982806504
199502413232
689641289256
305039076992
851641771435
061498664060
134920796691
761014960293
535190794195
731589128478
521666957753
105989380425
445615726561
900467293518
896073558519
999916403233
945830784797
848895251561
514453256799
683119622585
036860034438
775055913830
833250340889
021504415362
868002138331
473091297992
334294966973
520431742805
027378137355
215521296907
863419031770
455802534810
317052730092
334807195117
558198464992
249188801973
755010918972
035448952336
751080550325
975942133501
678625871766
082183074390
229839648843
144190781035
694990134515
870029925076
119039106351
181537904647
149031477584
042196600010
598415241051
717541523322
465730601684
818702988306
323158565361
223915129696
963433869223
711828407203
441588330220
144180427199
780674866542
814501238616
450318695861
477427192927
141930913336
974575643945
218306210965
468057345898
928868460767
061632174270
056572354390
341763571047
459194950973
922739735627
161584940545
477285747385
668481023900
679512044938
848783129105
386945178182
823343799548
727472232988
420857700303
167045340423
696647479044
224844835024
100667902650
819905630013
878420175874
564474349976
344171176740
005670667294
917942137339
774279293956
215140766697
394843957278
610089765578
327855007919
312012325389
764554059640
038917024091
478707375798
348001062357
464987407825
176752940023
425080888580
890415461643
166124684467
204438892822
112277302480
223035327973
578231404771
383739313702
040947648719
817592684487
484500681632
235353292172
321013485752
926680094850
149446097868
116163720277
008580990688
974847186123
949918931610
951396320938
495069954448
978099877979
623871795044
463819507641
771785986557
228327726052
031974973553
230421845550
562076889508
591298361595
753423641566
385947033087
293925412726
651464206796
876799693710
165255365580
313094277126
555412190461
511417973545
251221491098
652664910003
603573261226
290050551064
209485000946
977155692402
968246208551
764323046585
106094121062
211930255987
884702245399
344749382674
677524750236
692675759824
282112555927
143427305187
676004277190
173992207779
845512472415
200800666931
309350731214
767665185155
004913893755
359278394769
485210486088
749915633221
655563103826
119435826150
120176338626
182402263551
173853411090
664271808044
628971199799
462684790099
869921922441
265129208748
177750635987
302734684895
880811732528
170005729963
809451913193
775987664919
109384130753
819982343839
977206906199
040659128120
240436132601
122358042003
314849459574
739322119570
555050107688
358986139545
406984398276
055456052868
432507010723
902186778466
550504421815
948886921993
528669878049
664638720306
184249463165
410429432588
052474862217
474463172623
151773814907
934942621590
663358662629
338744756726
746952275254
955764772783
013611357326
994651163237
129044779916
709737092943
935143697460
255097801364
025567194001
586848122576
117613205454
871027027395
478410230800
259521680801
813012488546
344506643276
622181310565
929568057002
757642606951
039710877202
972813210472
694837057155
798329219640
355143733373
511274613312
951816775914
168235595001
260668825710
244645100480
380617868150
910612539938
097248423222
267531090040
445149836805
792037035169
984046523149
513091637906
106967104035
295388170660
263055330247
704297501713
115332805005
549513825455
642636135546
725161082982
683374238602
876137185769
539065513033
623559926847
653588187120
736936138926
139639077846
298218350266
417797772645
602316145882
959564036300
634988614226
210374246206
083013773996
123580407473
838094179986
395218643604
255439838631
670959546226
621697763368
015724050873
550922105496
627014794659
401179655616
555766486714
766675944355
535653119807
746850540410
167350295347
854285534810
149237485808
579416966981
975201076544
045958838936
962161727300
010765382050
032709442814
865860727018
581339800658
637542299781
671413293441
898328518492
931837305992
998507757652
129684477439
736689526756
751525715078
593898247889
334696292003
756727409783
179678291097
544108031111
769892667075
421450756550
653828003518
896356776450
433383600895
647269684682
374399501752
777304259199
244925916362
758887511366
004805470467
886272537798
423099948013
444454715241
535862444824
942881727291
425730510844
437836445216
516983868317
659562285212
969744931019
135114432211
992776523656
855880204557
060899993055
179323093113
570571246727
274345386524
689031085884
624285050510
249273514743
647977381408
422890317300
258151841061
530363762348
731374689123
398059592839
374794614334
818804593468
389963214632
285274239773
788213195753
237185681609
168297175421
486279884875
845142898661
176029093279
326942502134
622247459776
372394890136
054692112053
451491652294
854214270191
637395830523
882137646657
211275192026
326250058384
299850909939
769574401261
874679438458
298049139820
018124693518
525091536742
060604381292
359562516394
646468218410
346727941529
312071852161
498376022699
839675785294
941310847114
174193365353
610363080786
727117938625
292514530962
358318827714
351819988177
184893846741
565543494522
616663277772
455164546047
514288082316
800062431626
249446138743
728613560217
225552179315
398084169120
159892072966
882280941777
275220267500
481062328970
109157783560
641175678929
094633240511
055571260274
486708214309
624267913684
464821574871
936802857572
121298080934
953092411920
978069263481
207688988598
658549200497
344230164177
690118126990
551257775004
914298266310
397187469564
039973043757
364555386929
625111377636
314708446760
527899521432
528535095396
344998437399
990734424575
894638559504
783996113941
484309346505
331959547587
528095079759
919126881050
408722822063
258035727476
825944421345
792181354144
362106251781
129482772190
241260260980
307975509302
585034005333
279328099301
469718384833
477599549297
741916425535
325105159838
501008805404
638034005694
217507236059
886364900371
863776572783
713443366869
945593460546
621072696635
033214806711
510310132499
716742257763
910175185166
896329200313
443766802886
930449307802
076973583421
493264270160
694059117130
984402345892
049148734928
350779187658
294119504295
134399782721
745258830478
382211848832
184291302663
173796466449
098113749660
177170951900
214424498223
212634782113
010106309035
984922754743
233374158693
920117262453
766933699470
704951662025
409378530304
116976940541
969109461590
025668305128
228191102440
446666073044
624307068126
499281886738
009395940741
346776261510
019051656497
362112738082
809693420828
207770419729
267317404806
191317157810
978281874099
090220227786
137644114944
069108018305
756579322306
079327483123
587286082232
868082864074
065642460153
107857227498
021772315741
600511276300
058118231329
260317463174
408097564468
883076754611
838131073135
306035466953
293108933396
454178460407
131009604612
079208193087
138856351405
181693965156
524672934428
086667094573
662830906107
087546205448
323511097288
955586227645
983838877250
957196383035
613372271172
988618222333
248366035484
670394071698
083556725761
469634218022
754039488922
776931052568
222760448256
737739291760
738622544808
032989199683
975610119885
583736708473
351469435955
083622943441
428725198763
718565478006
034108929777
423857959690
684130152162
033726605014
572442490915
877947914867
896333951292
830925762283
497384818726
107129675709
951473028716
587374658474
440622449461
094554612210
490407719107
996382336499
798186357704
699707646108
953566992231
272971321815
683156803382
001517553064
649430985042
100303024486
446844480491
654079283253
521513010712
814620015279
431079574377
993934101363
462436100028
268598586265
679846806962
986362063979
353120655543
705832530074
325487994057
310033096188
232405819499
395167094408
666656783823
808237764673
639773026626
134812018140
226440062445
966478617183
556788648315
650737114712
803219982328
893416905254
757556552940
079759106102
352427088749
353169611815
151579558312
304845625893
745768246438
437045447436
460884264005
649897373634
516426462530
916451566115
582060741798
048270761874
391554307362
183704930326
844011800726
858436974563
192679592993
963766101115
171999773561
168799941476
804748687426
383554524096
794092471406
660460728944
097034713678
193345462761
586276813146
195879490472
127511078251
869967415737
479721908029
467828276078
922169400400
240354332986
758354893485
221707406168
125946111869
323076040500
924223615794
837899696536
162316075325
603834138948
998431944043
886970341468
425190660201
436472636338
217697442918
089511942863
584616964175
507839680398
154408125604
284241262050
062984762214
027114545518
856604509316
756250713430
667959289858
450355691693
629627682325
701383868768
172469913915
693936780927
922848694517
723976124742
535328573111
679434024697
438503705197
347162605311
930316322659
223052026873
854377326733
047630065921
452163288128
099065928844
047207498357
244781487139
920000914881
375708692358
793285939410
946272269943
021673284321
580329932492
245780571204
398713205174
906295714145
618164180719
331947522728
271318259785
001114576844
192001267637
609984002227
149906152156
017511312955
527164711366
694689796507
472978691865
272824919540
529858430406
187030440895
598104459397
234615200591
045024532715
847858964331
640978249766
644857809825
187242851210
740520337152
654623811105
810138918719
355664944691
731659961865
346854160609
495188834000
505386251754
480533018093
474841357297
216189409309
439066262932
543730771188
621025945922
292571986734
865282929864
333104061115
711604007050
381420164171
904659063287
497650114336
531358279828
401066659959
990754051806
382931566811
602460287631
538470135661
508305785356
057613861524
872266648025
703758424188
533121581897
332945350041
804589140156
015916992592
856285442197
698815540780
576358559472
253764162758
923851325563
913490538322
375296670338
684770135531
830287067156
593845598168
191376330933
711083189620
564683987185
578141956116
049388655225
610332464754
364209601420
544533936219
272274278394
521967840632
256816085614
204770415884
408501455857
494079082687
473390196543
163603530169
648418550098
684832752555
622810685534
231863427302
620617689727
747170689574
140040420900
938967596589
682867674889
997529310206
445786901277
429440723038
710463671865
261824647209
163612773350
133780606946
940027834081
009436353601
830949138810
389057370624
927342369680
816712425472
360020755188
633720448286
351000698682
701456301068
518439712998
510050363512
073498377618
204941781870
160715582601
257549564553
009757073505
262012972809
518949053718
673594135970
794539874202
013822387795
839005031629
018996923579
018745234447
131604442856
421555467782
545168892642
537847700984
832773627406
077773042639
233077111394
995155410693
100253193972
735525351764
738296188451
830035935935
582394661322
131450007716
535267261993
582765859086
183249258862
930372026321
896421760098
070331373604
693726236231
940602743217
446852006009
346913700468
206668277791
034116230322
280246778445
331387808649
657542102956
280321692052
106474461745
745162463711
169328014894
353660882153
335489309082
233337950054
354642177339
977702013926
689718351160
013135879926
928610889549
469356999337
185196942682
463965740165
780152203793
961546194491
088037352400
286584826258
462003691214
902301748188
467366273334
947028660273
658421651827
240078424604
607568721630
668992114106
861187241171
818817970454
731754471057
110201773665
954222743475
613637040512
121759242466
727796678567
471981619645
990588458250
452387831932
138778079946
743287299652
181264362608
448246404516
139947323984
609871357702
517391399393
723318700934
563453018005
899975896852
491012285595
380886059096
589915804566
030332470785
648088512377
787485457917
683011418562
418850528323
907431036559
458290554207
755661494781
776843886668
405658526603
696530399033
560269315078
933935887504
083005114870
338249826455
223117216121
686223163403
802166435237
337600333170
417724119125
671710819199
598740341724
439395154109
886154728790
245452024644
603625025390
587730927026
809432093791
298041409664
410314158677
793307811830
221165646781
956488347707
809237473503
207811233220
477031269820
803566196425
023196716912
378218135662
595539172021
183754282596
107382112184
124835195745
208041351166
259952588697
044382896095
313974470765
888670054330
993824433694
236575115067
066445447718
953894724250
932313982179
670452019817
927681382947
140964338929
305346020429
897074037483
723300557487
808021196197
077620557367
286056049347
991208547108
438036558615
687201222661
198078792077
268343444445
059056012632
078939938475
203439555726
876623369617
306378815611
031190608469
364123674451
292583625426
187503766171
386653757173
563853003621
375268331892
469651556087
652356560731
631341057826
283324118925
011725752843
598755745080
712003845277
700814419121
233120309941
697271357241
830377974932
242102588560
017880118354
146400956918
327778889722
199153648757
012743335710
753501362778
787014107817
804783440854
326123566851
166025327452
173971900619
607088018133
464835574837
542899450416
810569015614
924667125079
744394925834
301392348403
916462074559
092483016445
456884524365
755034276220
929302035971
612836377483
745042413255
605348624709
290934460994
937689934394
840299920422
151974843281
296892464968
873239560475
378452639542
440702933264
201238356174
521677743856
845424944456
784255393849
386939945818
221797042396
744607236835
076225720373
963589023838
706289363597
257713963535
204423498165
473723441083
014943345163
778277673720
892054018862
498261100332
572138083938
055335060579
592075986267
978157415430
113070913529
385923038256
204040910597
044607450691
269174118891
850964112637
047600484927
756423774870
447738211239
270903254789
947192453407
013692874879
729004090958
361636624010
589276152846
443841131500
070683509149
956835664328
611783311778
039548948228
350977453907
164860985650
504998413390
111656422604
629389489556
958966213096
793487150340
300247348125
753300821624
363919619220
291308729658
790124980866
349571044437
248823908762
542502424435
271466112217
375970992349
607098929400
952994835752
073538918571
302363470804
153696471027
748677291559
841341149652
004479043788
965247433286
853510359032
562769356969
219011095852
702263841099
552250001402
511167607295
049721439621
781723359398
154793545127
209589923351
357331610917
543915035245
954493242672
864171198058
845537793757
064760435591
899651582714
068720115876
656914950016
886618929001
899425141322
616920012167
795680212885
487171165253
320489495690
524858185247
926382696918
725436859619
293024151499
190978206358
956467519549
309827437902
988757855581
445889824035
328154062135
826399760687
687699100435
513425203474
049040602650
470940016527
139346745171
961489642292
430719789675
246344700875
752330911675
538751719283
774089755822
141719346574
962566920732
155995945374
129805250873
544420251720
982113422174
976423150905
268696588736
777329304693
148517111963
502516203908
969351451799
545886206852
696459957061
365843743286
724356611200
295560985389
086972112924
061097182810
575086971134
782566106397
867964160215
940711669285
372797972714
863160155119
814974585777
909971571077
036821789183
346568208234
595709154267
149795961390
900803386700
523100766661
873233082489
504421073738
441178692688
322684749585
004180638894
850203661350
255191732563
214017256421
983340904427
012853640811
674033728032
675637740019
385521522771
184697327750
436568863894
996558605253
453431344595
784899178796
616427103744
037834821810
957053181773
581643884410
869681774142
898870566368
861023961373
587795456575
120664893794
591056134303
117392018662
126097144393
696853459800
393247448977
176535376918
031953120705
261103208011
435822247965
505685404370
926987311859
308575474840
678187568864
047658424111
977084754341
326203998071
244920755230
610022046630
340237008437
620300483712
275238234626
464419183610
541966675072
477165353701
112779754187
483250151992
577611476413
558454453973
878678800589
103218212006
610034138400
782874879466
764113895055
968521429724
970805711999
048013249390
211652372690
031828944576
475175466373
812422726581
361252716212
270444147184
001559401595
388687583917
914406822162
393534758540
742237743906
947220690008
242662989390
481463353359
009133401430
153913857174
402950973262
466756467998
712610840419
800931725699
084711269385
325126161764
252734407076
114824773939
678857422348
709171516636
455759730781
707547324823
351016686159
452900857892
406683905787
690486470010
803750087727
724595090026
971944985121
572377979639
139301586660
291835004528
166408269208
379117397207
847686482728
736364457687
689936644802
942604401703
852675669659
898700619056
248383467287
196742533000
011907236199
311794087573
702847101139
445978071776
214083150764
813091533208
737742422105
776772708288
141276639682
135975613373
233625128744
577815143568
373441375950
810795716920
828907787268
563207587334
046857128532
635202964814
326838431642
503794251107
543565462532
304317268756
967139051853
424351892934
309329756339
062200714172
556107451922
381351940697
943200705327
939706083529
621529140801
398369084382
813253068854
028811794503
205710849246
131967072397
264546052063
212353646082
205146338927
442498722170
476199584872
070045152715
106421498619
873305316805
837545466360
180738310293
103338458568
096098499585
534723408356
965876281430
186790747441
772729869448
899908157380
241341424135
636796575772
040348703619
621580801882
615493072929
634983577207
486743185030
058766601619
255624773673
053163868407
586050644898
117736765187
542137240189
742389834127
529608224195
179322450726
883424581176
416359161440
700769855769
834427292611
624473099981
177463380108
931430407751
472426318475
828548419733
986937942741
324269976822
894921810745
687333086621
471474992807
191124299149
626954391530
536526882089
161999697323
046515511812
877536972712
417882483941
680470944851
799572893898
914422742835
818763537804
836957204763
030717562915
561712661776
173597776230
166282073058
542100105389
705454134639
914986036458
008298766119
748072975542
165107027076
077519399973
994065158687
882100014308
130009921973
836948855730
851159008098
328160656967
420733590615
669910951723
311336468680
788603229238
385783585738
786127705616
993217309051
977852194577
241698978909
020449467784
958530475340
124773681278
399168635215
192508612769
869895758384
232031769311
525869208901
294933540752
891540339969
313960948000
032802800378
901895876990
480719170708
256108028546
829976611644
200072247845
605974132000
033109056245
855353449462
775539377006
287159146465
532719851033
419429510473
855982382732
162670167896
066735446173
947887143714
301609248831
676643876475
121481696301
744997185945
548007668423
489680557826
786352020025
566290477937
147864168275
636862782936
796624117425
495576390279
858127978514
235728347478
306519205674
978577438830
411948807026
754564409692
510268730020
295735533516
937481973921
345612862560
623147115903
298778374087
645488883653
214626191780
442998110103
182728399813
375082595641
317398736324
371815139594
485281563920
450926229787
087552914557
001202347936
742908507544
210785461378
677611907315
420520406993
896610576647
086261837352
408519469053
458018239541
122167623663
613817760921
626918003390
132173813864
898877139071
991436421216
505923832386
834432627753
155649911526
663105330218
399103627288
665957075407
803184085561
123646663955
732174633695
466208341230
152747610357
194434141954
075413414990
621459055228
616366307529
325225158966
203465731684
717583067138
218027278605
301325371927
843048341603
178400895958
448634409069
835868838509
848117415434
374053073785
520041217256
634237575827
370414782102
983180455067
232188471014
044943707176
408761584641
269399587163
296812356885
573658286074
287913493682
006186225868
996721952640
003487382746
888889961306
896163081183
851536764807
670560946972
622703295242
271671964255
599129418052
503965643888
457744175802
317571801626
553552052021
853112350394
106648635305
334867985860
192531761668
487134458771
089124755182
699317176690
106645552125
888654842803
848944644458
010439099643
660528272474
941080025883
577445406272
726486417135
461448832370
496472512269
910205659623
111752171617
219701652423
483446068699
472017133205
166163137013
686882707580
965008169930
897083335594
187128173102
303990393216
208353166284
785941190321
958425755046
385779127473
136613096972
706061572451
086049871617
647830829056
416039820866
564699763283
325264429888
911555312484
943359638033
132231176901
409255242077
570398828331
887730979320
411924867039
951405131470
693065342666
185527024044
630893809078
967964760889
647093274692
868246176286
438662109998
488730860866
328931630184
426488724364
501241843122
173961770093
771365548225
423229472897
948849957745
193488949285
633328658532
084845046269
063155180156
122066876599
732886822051
912244690507
315945104711
182828905413
555353328730
409862595255
971257570424
344819827360
690591579317
885482768658
620142696860
629999011986
965710775569
494297923142
180143666737
441458507969
900067278128
861383074974
122937879308
327440081370
315455021033
979747677880
263735905102
311937062413
883329649397
152967955401
060529281951
388447260814
689736024244
769592335435
270734872414
256168547347
410814983903
127061879568
909792731876
141215668982
339427826129
186406973496
471624794675
135326466922
621967293607
502912446088
596873353391
047628065491
058798738873
008691772126
249580910897
578264616719
274833789604
861713723436
112268870909
434794828030
556714708963
431453156287
328900025094
527152739842
373091153223
120625064747
771721555282
264507480457
748796622326
500465351853
543738059915
822064630775
829069210515
909511816963
830593684420
382412050608
307537617650
622766327151
416436229740
812544863678
627677381826
915326445566
347829807043
845393278697
826413748303
724114208439
139510690962
927369235679
289292015529
663890477000
045686758540
003702603763
738243013095
821854262872
778515768440
829456921614
836858145774
548333285902
376423671380
514337419282
796696741412
217419686503
849563346116
460030833283
265458250474
014372041093
186658771853
024562194738
554623059336
280335133387
662034002252
399628901959
513097818139
601865691890
684285940297
027789022042
233840710924
546735418668
589738249318
613758917012
257184969701
778367241669
044616406733
411252670994
657977123481
711231417045
850365469345
678234022735
923548845664
056909565645
125359490593
631898443320
785006222846
445573826177
744811407239
563838380024
224765407277
190115842442
621757396820
221236533560
917699052089
587131560600
203347561797
744352348143
100164132116
027858618783
243824338152
021367856290
974075457703
075729140436
364919571083
148445930622
057205796444
589878683844
784254706635
164986472268
637826275992
992802453731
611887423453
263571604027
868313754809
016093587583
110656998761
608082210911
318469068286
108569422179
325486536430
562742235776
639691496666
560260951960
542115088467
555897846398
375045826918
322765534564
241472331816
210333461646
708863417926
999665717594
875228109210
304509646313
696611856043
203481145430
047834060342
593462162057
518856409403
153307398468
342780881808
174263404329
061872066021
927269484860
046127205023
736524221027
722487174582
251924504584
425838209180
508345329066
815928737067
717749231523
878633954325
103329589597
755605377662
881118341845
998388663828
199347110967
327012930765
303304664977
216749946529
863017094567
264468330480
618388699334
897950499331
643515553545
709167055297
652372783752
566880540917
605422025627
580793166801
505844742651
704130747390
549598052637
309009980055
935551680892
595289242744
148131349741
366530206008
847167851878
444836902113
024834700505
632228969996
047167415340
823616545751
710573005220
561765265159
156648573080
669110829348
242927614426
497112401429
717377864902
012749451928
305198155146
274705143605
306581618180
684890768686
532690329454
705760350424
712818853189
147406430497
447545854086
944601949120
530524941248
477890754069
166186235401
454691444300
376368407547
553559185903
596457022763
127483518757
651888622424
931590985777
132589524544
109464753792
182039520445
613579795574
685028415302
094982792191
226435268408
574597506586
080539184537
455678767458
350218030388
896582618016
685385155837
465235572032
130832533764
295335436045
335279460188
061835843520
173121584356
530345299084
431888706884
742783062917
469537397739
870072569604
981957848053
453461845428
662911932385
852828183258
092379311415
157314016530
208361278548
784468394275
002654771825
804924914839
892454451717
457796162445
558693175151
677510029974
839737504862
888990359953
725011244054
140825892047
929622289979
557162627584
197863228551
861328192920
693951118430
156601343525
728680426729
991182417986
052995972333
345679478297
080272546292
040365055856
032622608690
221739001323
619386928341
114070986538
177289485321
343482421001
993372379926
303149768249
554217021806
503542918084
834163995535
505650125608
236772491322
681106757103
349640648932
642220939605
094600761713
234955014485
850546721800
597009499297
712153185088
420205884780
582008716853
071727565301
837389593709
379757733066
985605730020
561171678365
905876251309
020783892305
821684746301
007316612889
907305877660
167726287975
449520679034
849426254759
714616281888
052303069423
647871834324
100839147134
908490538719
503511841822
266221344004
811940571370
374238453106
590578480367
384044479008
254646652498
361002803450
886633009152
874558770020
462286135074
821109869126
225502445197
591866825659
951027916407
207159627425
031475394748
120601900423
251168710344
882826131788
992066938709
973171014220
294709158629
249744265787
097623177107
342593983952
579116162949
218595930969
017976321415
584600355446
919476855484
243066257683
052959684508
011525846131
023931582611
533576292847
518875885842
621617197423
371953643211
377795463868
534377429426
492859201569
532625356382
507291089508
833324051165
848516498775
513529514154
110819591890
336484522967
786703918970
809714882060
241924739700
324903837231
023869629952
687491381884
371799616025
251049586566
019426157764
253306850164
929881213131
072487022345
106090039944
866252905143
194660966785
466879201516
565130322014
074291170471
226416204391
711193621709
693421454878
106403184314
299138877172
459956963445
236758743824
502152102669
419620903273
227760168782
462374187040
737078597882
165729427056
208847139720
663693425924
101933706232
460617094635
555005775411
486242471890
814692896099
658431331520
884318051811
234115411306
799799772584
618165199777
580045419501
748600477583
082011608108
667119664269
212466031080
287550255592
164944594611
859687613083
856074858363
526130273795
826430993883
936277308068
970291383375
750185790578
824418500035
873662539231
935775772186
208356026280
565861524752
696502712555
533660244194
724536655304
196608697157
286511812948
166656235240
651406377985
163795286754
086355048292
595047955727
381165082772
816375988503
432468789892
509489747966
999211673238
341626415813
277714965831
633140937589
550920583357
554027648666
331706006476
086990420419
594725483596
914031345629
851038575495
308268645233
972872813378
198060665576
724044007076
950820014243
216947812042
845661549310
767493645142
738034336912
617535774285
040398186629
759513757744
803603887820
887954876783
246699697890
127156972846
179588375679
035719716387
991651634920
130884760831
024732959094
821108362344
409453265981
296963232102
763555808049
745157139543
176254980046
084868121109
816416912560
857961136466
442229683456
880110736380
736428039778
129462714485
128573042164
443961278295
301195325718
326658511855
424542411971
510597345321
974605307437
109528736870
364442954565
146338859702
519416962946
362311119273
528285154278
716655849161
692556874889
565574790650
583168854341
826660617871
198575457557
276598622789
052413933620
101177627232
715816884184
707212007121
576430732077
743350212697
608667477158
656145278494
996455124899
275352329779
449799777165
661604984122
995957691003
601221815423
183464237667
724799234641
392308732219
012236832367
301913534539
143587722347
084620610391
462018861023
182711647653
387497668975
535979132790
650317348684
408369985721
535391506826
658734793995
589055479631
907510280510
906510947382
754106949379
392477886508
576634486917
942318811228
504023227893
987521400941
170685167179
962146723149
078504907508
377110908791
763081789269
970539136387
839110440396
939668630132
586496415940
672118783111
156401530646
250104109097
673344085724
021938635310
751284794659
395878878054
490976485450
709573020958
058729542370
698276901030
904523568086
133458722754
095168596164
864248483083
341223503405
947772241244
584490679311
518120394318
748912483584
028351703646
245851272131
742535675440
635944926608
604964174403
154112394289
413158309716
228993182965
719544988624
442569424870
388742529054
610581222753
974134643747
173920209428
915384655796
437732657407
304381744189
024446325814
873407590180
022956356998
486357854658
251352326306
014950373193
966324990232
499413667127
988724182631
751143090938
325311173481
949611954126
084513820828
166001963046
566397190005
287359848586
306580533533
381961300738
410478560382
751396902572
455956233046
791587242785
136001084435
097356010650
110882593520
293982842248
606128858547
921518168323
598006465140
695607663792
761290385222
442351991765
689506968343
110763710723
878632402128
988873965462
467038810872
024064686086
922535159399
013332416298
064588505232
864479289815
430186643066
415377921308
849976086763
879224887997
744171325341
891596917625
210197070913
998813399725
522704185026
732671353800
639882037928
142709304624
551335941426
553154390730
495623265221
914893291218
239326096468
051330745481
116983715085
947238037567
136176952406
866248232056
075240921312
710801398206
429775435994
682053625162
789048050595
750475554847
033303313625
609447352968
715636084983
360895738893
149483365163
497614290202
458797755068
273617186196
628718047547
485865082806
490404739734
582366074754
402223495713
922516394370
843931143490
921304350998
851654373541
477995057562
769226995088
896926901584
537297665486
733169694503
472597379475
720527164238
191978815940
065542880504
850377547112
259226279883
262383959169
056801823851
416374070198
841510482893
776187289087
842292579324
490734157477
239082560495
227406111573
435665126465
202968369246
846112289984
766048545088
203562296920
818874747371
451563478802
393092881351
182017308207
071801573015
209723622515
485962955687
303967744664
714951029932
932956330714
974378855601
302951282307
902002248388
814464990156
164711850898
094052634672
878092320092
286735295899
277910581208
946590818356
328723292497
487389119022
662426159249
470105368291
253443598044
899185928381
649935585745
711762472647
658698680703
816030650422
848797551935
654444034844
091024994263
125053052340
055346657017
302316273809
602271992383
571362510196
145681136213
027954630702
517283896480
345664416230
713692487942
589559824492
328384937813
919106925400
313277828478
731632786691
836415909829
591626834590
145128453861
936779505161
874459320884
322789713847
903868090673
418674723672
356001441864
373108468376
212299124150
728877465567
141252970456
714411847844
236614210107
588195605853
741603167926
084144428792
875242417959
698058461137
479494895281
734069397689
912383433704
326322594337
497292619281
922606029806
662209712189
887920251837
194437597631
607404915989
473449910985
660025147364
635725048257
993004282179
225309021390
127788290580
472523312913
860592492460
209323566713
784727644124
375325404196
209983180277
229754195247
030046743989
166076194774
939292393190
129944264757
602679477489
031976168318
610739448115
286275817078
165148494560
565005603624
736857682008
991449478347
671987276184
517316802249
330083483012
530316013524
867675118520
658037940240
668429215030
880984135872
719879124473
828001945407
565048840149
838789261755
788935288203
381405107745
700721508743
125582419032
553471834767
479775702963
875127257745
408399433083
574048080822
515683301586
560711387350
748737052937
627649059450
966536925516
804677147216
625036989586
593742369078
814731086325
854888767459
115279218606
587584901981
976881756601
739910098531
196199036405
822708799693
839147265949
592177680875
918436689605
992156647208
813947971277
568965928197
612005893224
806036090245
420043611502
024378308857
491643434709
366017715527
768958388487
848625052883
997151961725
105276353155
347400231654
654836061034
095421610619
852535631230
029959551666
366283704835
343260299266
502613314871
531949190696
189884879235
529079881495
780814823438
141973464631
770378185054
098414714412
654404494475
992508807076
102982685980
609391694816
266526917328
249835482485
935714254749
964907244512
775719205338
025830015299
146253844685
859272880078
021658951590
057889286978
775006746342
957305233148
710911706784
206439242357
969620743269
890949839887
377166313698
395326274141
290880375969
768903473063
948375532445
751952986286
061099868881
219057556677
714212984504
304520108232
342372191860
262842979472
597656403524
536520024302
965536570729
058215710687
667130288246
333877215321
256706742501
207206820758
781775451846
432349143492
751369010756
308863085192
629776487008
101472558107
574904576968
904474593551
003454455507
988994969201
372824062315
337336154913
330565850387
694459444642
849911247814
033653506494
571267534709
760809680761
848158279613
439175632613
266562051542
601971646898
217787454022
058175480066
111136241084
206251698971
879405175007
304189019013
231276500518
138864573893
680293075682
420843152746
823373798702
217682487049
365473716049
002428150976
949600124165
413501203470
434742245504
002637251289
482143802648
552504397207
326755657266
784926674456
969413915978
315219269329
208483591385
614578685444
978739177597
785891246290
671078172760
309535405106
035351999104
574222537344
773132793359
142349999635
650842322774
052951266246
647976669311
778045808330
667916980244
561181833117
705390879996
159179452612
892193166936
410328626097
521800817954
513578448802
828778547414
467759638325
429838805467
698836620112
796467858138
538788191658
110936173311
296212738393
124345568076
127105807929
641038461903
529522596911
902055296720
581639711874
325935908257
699282392889
779995917445
242335718866
107188318941
622929527534
451800460746
760908142352
300388359976
975034110076
454037431606
581783590365
305960940801
599145019411
049696000129
513490178066
464196892145
535307147254
366767700852
271623045534
835224973892
762712404413
813678912827
156785726159
721546216308
226521204864
356493935150
118985686400
456779897113
284880660249
577910908383
503675581852
575719796050
042874432334
450383516518
812237664046
124538015501
581464550443
177297132273
094885698522
362147051155
969501179988
288111846464
203189840996
306135913957
613258520312
713858127299
606805312952
073692541384
543728864826
780260673228
231598571868
720616129073
525562017728
980001919147
408433640815
361240974588
544148130933
599696355263
983028991447
168818153014
923421696517
933167270046
597394367857
492584287155
739511950017
374712470642
747297270850
843223723714
160946567377
608080455206
121585597941
572848127119
087069601536
147185251303
453717603289
831540296133
086201217513
236876025995
408430110941
885723396030
580684541725
896951257585
120476163123
395801477477
120042467663
174896754441
410085212368
667971004136
575916671303
850621631182
344375558994
170400150222
118588869343
090852791831
786939773446
143326082876
887992462552
864440069884
920965177290
198266210107
467010721790
854272695112
472110403109
949591715584
033219076143
047460431710
246871752294
275339243530
875834469625
213988240981
499413973098
519210199475
658173434588
690781827009
019427758808
500167848974
524636219144
963779526623
328948203305
598377864459
537448418261
094487824356
073433573140
866701904249
796559838567
768660983329
723467230864
612246280827
798505228358
181064748477
410426522885
448638327767
518953473283
568335375106
555870217008
857720934951
746787047229
760363966394
346088998270
810592306091
628386143810
489373226978
400871796789
328709306056
729214023315
694639996319
527855732226
744384057284
853038604942
615925001014
713743990489
333699220043
703999273177
150844029529
311876072053
337039741152
434625338104
823290605998
663403946899
019401710628
666703469229
005864099866
942975889169
912695733955
573088533211
017743280281
587974776517
642232408232
632057235160
113760181213
780324029267
049555798404
122025591974
943495373435
366641535124
008142252245
844855066274
551410312833
605455487457
107289821283
102024154378
481170940267
889028725731
333155767345
625476961808
827776160317
707423551655
438868055336
037553134236
125398944012
076142113271
615689437730
938965544140
780151008676
252764154606
672298073102
248616151110
307963367368
219995739175
652097432527
353835961550
128268502278
475600995363
348361140253
412402504609
683388664235
278016246112
592068547974
843475694900
339637587452
704027662998
802477629103
392314879291
957112092741
292377865312
548192241838
301224325276
778116736082
718825845800
863879666416
637918612001
104510672755
921719314154
780037569075
904613043802
204543420638
906004265809
374068705447
081625665332
712101533285
271366721024
094508234726
697863636670
226549811129
003118876856
465059947582
405107243733
848476316595
748886635453
729561030914
285315419635
479958483527
573466201932
115472118199
293315456139
012563319063
678334133299
752253736737
698482449123
988632561861
912132902493
332709263212
132745740004
142594120965
535367974396
466462328071
522616243067
589151224269
575417318551
186554166031
373600268468
392693694928
222238905378
247479571216
266563437971
325268943182
213978906440
973377755342
643232008791
732543015645
651198731420
111570975061
368582158098
142151761794
137154797817
558887503842
029611294047
638835512129
759225515858
354367273869
882371286654
219894723900
994602390593
056410588213
833920756682
345555591955
576938080370
819139588623
715995539897
023316766261
911262994076
583358065608
873892265730
120745553078
576410190460
689838590596
700177239452
746196861661
326962608965
490646347746
670478953262
841953715496
574157339061
101833382234
245631701978
191637563187
456970468649
504921060603
842256616300
140381250615
140245608497
386868093851
234370437108
648160282124
738245077880
816993241531
094210713273
284477096390
223940125179
917418950029
218663763804
095006494799
773847399403
008822044118
696031237446
358774429835
182644606209
490454341906
261461303460
399566444723
211077047902
443998624538
558263880106
406766021143
250961629172
134913767387
373336927010
752204915845
679291396917
667504054133
446599099945
732848866145
381003446505
075495074686
854741906883
002177824636
224892783790
759168108105
853471886247
104441316186
259492228814
740754090601
122970353929
269640153122
709818900043
269257584822
740896478821
184396875989
779331875959
727220160343
724062385578
988589822596
448566716451
656457100743
282030687725
128814053887
790359016480
630003270208
843316640808
472784555675
546716677591
723751349127
636316456923
436219987578
840299739669
315114359943
803096494296
543001446745
034574054290
698929209161
010746156676
002338062630
740030518991
266569299117
423571291313
141100630367
896853430588
587566297166
516197660496
984630787810
040906559789
431577738922
328456079540
072541858185
482307856827
886315203110
784901607935
820313942442
306193482145
684335132048
561417048748
648318483647
105445314510
319776679228
093020457188
734622803151
943651171642
676219373610
794093196245
972206387947
524779220745
572859386120
431037878106
737833943122
766543143498
499528450199
010447629591
977529937089
853244090460
013148460425
923544224230
585233663707
148213779576
459620169023
340075460679
702315812254
681208884424
560883199898
629254323291
181931746693
373366862107
833219997627
801389943248
834160270269
718820596957
217900442751
697394020315
220963959868
437837160254
103640062237
916839175293
234378376584
532869452464
212181934620
081934720119
710258549304
503901772458
698569565221
151293847447
906585303524
389210084743
141383019599
101020860324
472118650844
122715028478
321171083368
649224241853
135318346285
312666118179
076887166159
803980228499
054097834426
832685187328
095778603828
866886158344
440759803458
264541545577
527435994708
063810355771
577663068717
265768703584
518671620986
747503981416
757730031326
585224205328
314415282692
650151734401
665060464403
178593729935
665054898200
413332597597
465709302534
218833863304
469964476383
749242513917
782889262303
788621196506
690122791185
182506304492
397218320731
238278904411
754586498759
993316308401
105433959139
546431073597
271565072338
058027878842
075148247992
488749489340
861193679136
581276229914
700139604474
290851895118
948260414157
541082548936
955418828358
708606487554
150063511198
476003493959
704131507746
679236606161
574039710453
106712711959
907237439652
093248865780
799843093567
771331075970
681662285393
739193240904
946261805308
314855346934
021393158309
425806392989
294017423706
015089685683
036457917532
654285678726
495519597249
120401012887
963105783840
794105186543
508724319087
491529846418
942146012837
274553423358
532111648583
807227419208
183842341548
869476680061
815681791081
477285462276
068015171038
407220082377
480886368191
491865614907
859238496260
407849264754
520866992476
077140294756
121873446312
582579328244
037321125139
745009626451
557868976074
404465418140
339810165413
156999066854
975119026968
659899411678
558163797347
359675693969
085099041900
068993566981
013555875006
104996248422
654808867696
200066956230
007920196086
308678434890
388946379072
042656923769
178204364245
362900304279
909561886981
086316331119
508691010489
292721683804
088606568248
797453108007
941447919596
399774752287
603362013236
857721427056
021435594761
308696218511
611591079277
710332009648
502521761779
446826844690
265108254809
654479008387
772492127294
366882829679
134980415138
648083787668
402989925890
811898335147
961483536137
441896540371
208142196131
720932892573
101138481400
386168120854
419235874702
122796083775
784158177643
315894387749
623511230596
636535739288
900002308924
889027745319
196204037726
801121045404
751048421369
927119507774
544889260388
795886523040
331323032944
879050122735
145357408821
983651608770
125258477130
369867169185
556854766663
004261691582
200142526718
830469025591
333985920499
106978235415
110082148559
826612103229
115178098888
646221140008
538472823116
254416667646
815464095251
916668151320
900851412245
750373135270
269947487850
992608713734
935420645654
724503173845
230524788214
804015620080
483032280442
084276075545
983121708626
806158607890
731609125995
836523317501
031391494921
572644563909
618999710173
387314311453
561333226442
432840372766
384976851275
633880352549
213323062186
474260990248
060158973653
212939978810
201511168137
839247260081
418803550717
942862687329
283622083943
658205252247
371747376148
083867780661
498155869820
411539200881
078211809026
662831577511
545269022136
649321829325
596381781089
499229575608
452581347773
935277733108
643221743448
811042691268
105800800513
865494794892
895470834251
500960782289
814641140805
334853077311
616848979813
585058004340
249543799165
890860791291
472164101058
143676851905
467856837429
942885634814
677518790793
590646512541
311219301381
403610188961
215854100287
573467831608
572373069780
644229082281
067683300567
193024979067
254286774117
374785838479
438344423194
191967227079
398181893156
466769832215
643475113996
603649940029
486566713635
017607816778
638462386430
781292015215
687926394648
282923926372
684166724964
101738778564
028310432506
630215231122
282861610855
771772897706
501699156719
808430978840
716823715896
110735422194
742255358157
334410026118
495196527050
688757197472
257046982231
865309440583
780183075531
209822798786
561884169609
688667560374
720655317434
062072621510
655337066756
200974643866
603876106273
020104617841
110302566675
749188470872
987639052028
020477597713
076951091439
241053495107
184257451973
133046998602
573422124027
871120094747
796028419838
880039377422
140753890740
092109434877
126387109483
920628140354
545168054337
954470121982
588011049167
639575403520
506925092413
840978013824
334659502277
683788781148
612728597957
860050929768
859940458006
562601140938
835753121688
339413003282
449806684799
933704170283
627990504701
584681919341
386599853772
094698398803
892700959096
221512204084
277077178543
212358070768
212489343914
749642132316
503553738718
911449066597
674915640064
631071980292
012435214932
700656177965
884355436071
868887125415
764788674375
730334929705
794207235716
858674397827
398950271958
550968033551
139389312646
291739585622
147132472748
326064755222
182034317532
293845163013
208867689769
394441583170
294868129711
094146215853
369036059822
185683830788
324563757847
874541758431
549112594510
812717047651
501894113156
458840776875
086939881119
545294661917
767426426554
633494880881
102019803646
717381802156
768595542614
433256931446
063077598973
101921361300
638691314994
993122730641
525677113676
293567939898
782219588954
604224035675
337288561952
873415193573
623082930648
113301093274
237057881942
512632671450
386543365417
427878975546
428586854852
342140068983
847262870159
262784108392
382390271308
295313832466
218705923241
181970717626
329579803609
230842667458
678712637680
965752611163
777612193122
497845015005
822574232965
468429377688
187274241970
802677312024
009268198339
009572506369
360509891504
748637733964
853682904894
604084929318
152838288312
352415162320
337539442331
898741466848
907547902615
996383566576
252665111486
143775113889
845424223124
567234837052
110072336150
027041858867
087815511006
878638201097
077518305037
940111670693
110045913831
141537898005
091750911084
818743484228
719980718592
000002770975
808966937725
317817187362
796375193579
361254294154
183857422408
502586541002
461667629507
380303745060
312892337151
880092739148
434811886786
167426686519
348638529020
428995309557
894254524860
566602062799
190395122622
723275926308
540265070131
098285561799
741848303345
066572726647
247253662123
413307329989
432288910242
024371518115
752943079971
583913030842
942062134874
745223505277
531387169590
035661419542
766374469959
046251622610
277917424574
366091590215
512524029422
360285563728
840251697410
176942137910
650198527435
845218022745
455118797339
517287901087
103173054659
570335430432
392498470317
963514379401
618005070411
990284561584
405266214364
929099150469
661785323103
544806573512
356485162353
553708947465
037444628585
163048785065
713894760821
496332423685
634821741389
559011417832
415081747166
125426806299
915480953919
728513018221
504645437271
607789964489
926280124103
745914696011
030003831527
857201501154
841925340141
082909147189
295470164051
502764061844
816121609893
888202204893
546024832982
587373273867
492125744992
799196942503
769976504500
802774360824
125763031749
232413787943
046857851365
821941523885
529863845812
092608748902
784526023034
433914338813
924246887749
565387866109
736542899147
422422610277
529321575547
051577051539
529966653625
645017403328
151854122328
362105538205
642019720927
847490621768
468602018790
894159428960
965249494994
490830671842
899063178926
807317366464
611656584560
641054872411
934783328327
945340507010
370071628017
407638883209
550485194332
721214594333
073437925271
920549039851
516596980937
135515238317
310642449475
716197324614
001793823261
718749893869
953363944039
020362420278
087051453770
164879522807
813966831794
471309628910
334282826089
263583706035
814855578378
104124845160
486685986060
466170135544
845240039333
689797451464
414896107354
231306143004
615321534794
090199957225
930248409442
412416147427
281139932015
883960926459
801407896582
770765778246
012081078862
055178092818
607934753519
138712690662
288889012132
303838721731
019878546651
736952138514
580555163432
573566178839
529270857748
474749911250
173044289118
551261376795
572801428439
068240022937
274726967778
150098103033
963564433947
445843950110
854358818285
020277304705
375773006090
933103085994
116079337200
507788736032
924259651039
342983793729
966175063659
479483746173
152090075371
278739156334
438474305319
470789712331
863027891440
078899546194
889206884380
426859144908
921151206567
798186449844
285812504753
562667322589
674570125035
117042237829
327232270800
328500468631
197742435170
235236184966
346377767635
886136034391
426400248253
306255850656
868344958331
202154928218
543086074147
840564648741
967983963833
344909439415
414630961662
828385745409
627357794574
220967991759
508275367165
453023583757
074650814161
667046285376
520152066264
055074507080
165095440438
842529139170
185891116766
766704084048
243356864601
540678417105
845906562768
028435696978
604472960004
180480378941
485011938210
283349184648
001236252779
602195495599
796006192432
040012529140
572924834488
081717662237
708265761588
711081437751
060933610378
063800294871
039223424357
432883129575
406804108449
401047567671
477798043819
216399571669
259344632381
299922936455
896457620205
533943886277
370615719420
172178832623
261754271786
367358389382
806458501947
044346935276
350319106455
446044583165
400654146127
382151969368
671580094345
415139111602
843801925331
339703163928
190885310350
415125544288
009335549825
981425385408
639606830876
564709796400
503504792949
230892718584
441579813266
991905972251
810300836125
790398258162
785084613506
283941601239
801674862010
003807457996
026193232355
733259953338
649222495354
514529778262
222499490427
733155728414
592048278600
014926722604
635027524624
442213853420
669740222860
211828563370
484431732748
882132585446
407967324663
240134030160
749113127730
256856986229
247082932840
422127133285
565277883897
656287469294
920960152324
028755144489
046663694345
832642161739
862644287288
882307504556
654945457742
935477103499
924418882629
291842361332
156944321917
874544565656
954562718784
345692812155
405332850517
221372615381
785834393307
661989508191
897189801615
778396801399
099444204066
601209809972
036071507723
338234339406
972346910709
223698968807
562719086155
947810705161
393890360863
088456319969
669566584133
291760276685
218747846026
812124810943
045393059443
494250465763
189734818537
004351495843
433655216952
383399960658
028657003954
714680509459
017884356011
793944904962
239932928841
207165358825
782519559089
580277725347
749694844435
556182698500
946268202628
760148446418
384204012155
002280725205
747189819920
697525922455
965125778736
071459305979
763955613588
120471152533
537258497832
911358682050
665759155769
748701314623
587204301079
078861778548
658322658910
197126566627
582922489274
168049771818
040423603572
438154785063
451636589285
861652440648
105478777719
441926837201
397950469691
446682629461
366715978449
237759664189
391892821807
736175166592
891209873121
841492361240
700868131765
257457579871
952056243088
093133190998
574839121570
186080007321
382023465139
841230384802
697875158805
158896348931
052539003363
087428998657
935429930789
125326688571
845474889365
195926699865
958918365519
824744140004
913901921699
675827076805
150306691150
118825590459
944257348867
109503179088
444587472982
954012550070
950915219141
126097562810
550840090647
646555617192
942171958601
607652143266
438093754663
263356507142
807247793021
148894961938
578558861696
157695675122
606466876852
432229514907
824947609028
847112484210
739055355864
557730673169
698646147604
211035062526
155709261211
151414559225
409464159227
163406143741
636583121150
241789421323
903067662114
782170076202
238685398095
975112268755
032178456038
261493460172
231180653170
667101640115
678197420224
042046429397
245763586225
139038411324
106230858063
835192753119
380446385853
842502250084
859344324332
253237284058
569410807572
739071994328
592270354152
111703944862
747916481622
853892447951
731961911554
663740951082
111288124390
110230813907
280532132756
482987882261
056755757745
524700092785
851824657740
123751365360
943306029060
893324566223
568680430016
297862400600
114202362816
840735084281
090741382613
534201599010
507654341284
119932737211
598381227545
570834946892
160559851854
977077060398
253686789897
973960398001
081784947464
928526758329
554822093383
685163314221
931749103745
904580422713
222474789156
530018215767
531573735101
219689272584
152780760860
084445096178
750996127409
280695935282
930943300709
873197901987
304929477431
376895665541
406214775280
840367528645
529842230899
030205908928
418987139817
429880409561
975876112368
377136592885
567660840475
689130648121
058933782795
756201103569
718695453725
089284897637
732589382238
914989760618
416069726724
715420148135
871087877639
836557137748
367690735290
705276736945
987441762891
587692742406
120635826457
041055381788
816754191150
698442227400
914799893966
068910038129
357371050708
000126758511
424421970917
286744912606
088683437389
858809543325
232906204744
758113035164
081644938819
189378415403
160708899001
316524090445
079532529310
211751134191
897371669220
899428075453
074428928509
796226438512
967326614674
538012211937
088735587433
962091902813
478374360260
655936888387
076516434956
900662085707
286132665542
573182614423
033931687187
097306440462
130055235761
205800855922
900265912599
874878786045
337064925742
279821594423
556540511925
920859529493
733596032887
488652710969
306873743830
719321411472
272478798469
759402784163
950105938672
109097743977
460019425662
888669352531
497820851650
662515750149
954097085412
412049052240
475950850090
701992686342
418113561449
403503706987
881253903727
267667138175
948485552279
378231583470
023401827904
137822459597
677459696000
779735812673
122807496133
984166716712
123768476721
990453443212
742962570403
747727321293
173403151913
409182529063
569817508028
093318029604
093044131678
793441665556
795660011680
394145026555
564654591941
392662909257
053573157936
149917987347
869361350246
862512187234
902035506549
254664928683
286988344689
111390534848
514638068138
494794435956
998346001888
648462954904
515755741941
086184932954
787681751490
874388189237
556051088222
657906764072
710433094300
775397908454
379187691840
494866957581
550608332297
347631126045
722634363079
630989654480
149831635909
431359951807
850115990187
709024895519
118761470873
639077801728
784256345924
097125259308
644633830625
779013629022
453966248756
182061928047
432161311345
904348323484
163293346255
012169007279
804973617979
887450561990
674604001842
655725632855
856912686304
763037823787
223831333113
210377710173
768544653662
764501111183
305418849873
016100119049
013890133136
796422494964
655928473335
751926985844
325532640756
885600134181
531771436463
565142264605
103262886963
300890529852
015282110191
129653097049
723445382381
822088303653
914096806714
133417216597
541972204163
461811611894
607308969713
971286043549
316338440888
561122929775
561891694226
562267269711
348550502500
258312922578
231776684611
347755075914
257863361612
113438879725
065667429710
005688501276
575499699855
393023586312
159493319346
193917109766
645105333503
598572517705
068390556222
401182841774
507343264233
957897182734
530152032944
413575687648
370117844712
557011135957
092516394143
784563351907
952262664157
260497725132
600574698289
547662389863
404784946028
847832405206
113158284773
993776956975
137867572642
083913519117
300195277266
052116083153
583652218711
345196871680
673804024622
757097950073
542550901982
631630676284
428108087091
811768049339
244710047390
699619580952
817379510849
390430341835
767774958033
554647107876
391139060433
734819190489
407548794760
767537909316
225719958548
874338786504
236357195539
294787367374
839541022386
560358003324
128479855652
935338625007
379578357826
552662158616
314077643610
606687479220
044549594444
641831433217
838536232905
025529976454
408091097927
007285664137
435512612733
156240646894
342255520414
746448371541
652899097797
115053402641
214096524929
226823174216
267945351075
962089971967
805758332192
706183639756
405007690686
853398401718
591630225076
402203707798
567644109700
077674657662
810415481264
786329333467
394897320194
983287897660
757601088853
251929806726
726604243199
636682085205
586197657842
633487145347
996224293862
645448653755
969301333378
585973872271
344289142964
439819278332
779772564681
224497590960
323831633148
846494639899
374412353187
637528226499
294518233010
638742863082
308887047412
694446007946
936391609406
177830401997
083425911793
107043685143
616979413619
273611118925
365257136018
045009523833
940922187922
551065757128
257154947269
763032462331
037476244463
750244945324
815595863961
176901489814
846316183971
752003007490
359050000052
006644910438
013233444724
990872888117
469300700224
748445544438
750359213451
137777118035
464828073648
048704394135
084249367180
946116351200
104269235379
177595578092
044037171533
928904925985
729239397156
352370622409
299671748839
422722283085
653690436402
085658059138
238162734274
687690274126
982027663219
745240781698
238671274317
032853542104
804201945394
136544920274
260396204164
477296547577
249842080749
539004300382
769342560128
365929999344
749121671994
597054709728
225837747847
125277675126
066052722799
869833803455
838914064430
172738589952
067724884341
762460827977
871967045221
348452891115
163022064427
863634112656
596187622866
513554426697
994754116613
139977097842
439438369452
478590422045
805744067817
435478237494
802968738635
922663935105
664621798980
115385786650
314302413038
401344813297
616511313957
705792345679
712018845168
846239102322
068629724072
625939589838
912204866274
543293360251
813258766706
666924595494
291682325548
723064150848
500865013082
506399928369
200028063962
965588533606
446537067366
784835297834
703502384942
080128170280
426136994922
316056888205
762074863034
560267736711
534453035149
195473004452
367321220766
946080406581
403185472707
699113950633
386745297834
851367084369
614385497311
617229540610
663702205729
934262284607
184372137239
536167827201
504251712940
557621960696
389251349821
547216669387
523240361843
460457963332
952180960576
393365474860
227807033605
852533907744
681366036808
229190147779
535710441310
063072706647
999464940110
406476100462
038264879019
072544351110
320509888623
880210867216
730945701081
929188688979
902245763884
704285595095
647094058999
452474899220
779651928688
263239324460
332284946582
100214047801
013642676409
840386328857
603914837701
921233901176
395914874752
381042553906
476550583481
140512483309
928765616022
244215822344
940281250958
492910750393
967234190074
402257244815
567350873352
174239924880
562689750738
707050810003
611006682063
867298128189
204781181506
900949562317
994359814849
338133685906
577809045851
678221527124
191328070489
333102927464
392346149706
757986145125
063245864742
117523542346
032922588262
139075267354
184942660763
319954202482
065847436237
866812534289
202417942243
329050694871
829701178673
302758984025
906361479899
718397562426
150932145836
639563692142
759125361950
576273033081
154468453602
022634641062
490544063482
833857235496
720434472428
815264758771
965962825328
721868457890
690855230239
468521633199
762968166666
230079839732
718173930607
237961742619
105786500473
455704622680
563715084049
789499642869
589736823771
769120170270
322130119558
312157201211
836173839263
518670250230
604016122339
502302425920
136359375813
599376894608
800308143350
900221156657
795879060593
357004750204
964106176198
794551113892
632063068436
365933098194
733586361413
240540474509
620685570855
574770571106
213699753099
785954963515
768003296530
368131194189
278656184404
912182746522
707982786064
400969357466
600378827333
858446896825
235870316371
125157959412
802433557869
489051766606
675604115387
507859608827
952131865576
643160137676
693797866274
093999277236
824886115822
135903789045
018990235833
956609195534
005575056431
251757316686
186596409255
718552437938
262630390286
579085571517
954182088139
528348868921
919939370196
779407220669
400728194028
269510153558
583573377048
458299914483
937141115235
154036596398
260822184657
733402811722
573060711394
788281431699
202875232365
209274630408
028678587019
292710347171
838420118927
635539294558
603316495461
882676622446
469271434837
891843332731
634115058640
547103377814
135529082322
122798657553
560691495198
790607392924
846231087854
232730186651
219015864548
359473892582
809105243387
418195817421
132930841689
731421764597
719710784687
754035278521
047985863353
622786694123
052753288868
121896905113
900062159798
871375264147
977604249340
241470419860
295788566766
562627931726
664419919645
358481348200
301361546606
019033029052
295166189648
733410038056
061604231614
658653138830
000006060999
983217880621
292995004025
594394540064
424581470292
053177566934
109236041103
545747365066
513380847756
786316093968
880499036725
905138420333
811865961364
998569171969
844185270353
361632588360
459966900256
521652536933
229679837833
633761993690
068069908983
808351155646
844358302319
770597356626
983200659158
756545982714
161737835287
138448970979
439359123792
939463659836
960392882120
035213202165
053287056488
713559950428
487952664196
320413491113
097523266851
000476922400
052798842324
101874116042
829812673502
843041123438
081480962762
596442592191
415993834755
832954279295
878084767214
507048300196
544609811378
681540353552
998500671421
430071020459
990247181895
026161356547
700508427726
370594353045
557864267170
078602817103
707124679360
867977708538
291559401648
049974976803
333121960788
840693314847
871676429836
239264801582
077059636245
559774862657
075067473190
574080644303
775417429984
993655677416
142982187509
175970503090
194232754103
017084230912
760866299071
312585729555
728121430383
952701046879
670597076553
805480268042
879708364738
534757382091
418746007763
992982886123
249489204687
126859261252
732994424485
735304194187
378853164378
533996369232
615269407081
943806640610
833112389347
413106382954
610540224273
738007751194
050257980901
553561465884
131108242831
665155707966
821704111111
242333287226
984876550725
767861610851
563507682955
012298738616
294879354273
935105929676
347414748178
915870747052
839610160486
990489712438
503962761283
056481497096
623514619655
643132192621
185987162735
280555815667
783299987721
697542177978
859467337394
084486422062
908705651174
047849867296
951506013049
143149020811
923646217117
583583886667
887061823331
734547492607
245747632072
000521693391
814104053179
096856301576
101816311134
585061467541
356612473992
744375809921
385403509887
147771642536
416621911922
893720850713
312505982557
014903044771
627658192035
121273279279
676126827936
997157343069
002639289285
378229946558
469796348642
198145688613
201196734131
454676971857
615740610561
837199795161
289728536765
614442036431
428593539938
882855923452
338421797587
502425579144
925235306233
331370887808
179961807972
726824338001
744054161755
397236732035
355494245116
393702990948
628671845398
965604205042
039233667268
769558222215
350098943791
315881145330
270894673232
166685410624
799807578785
436872316786
981280250632
980952067646
652106581216
543519629802
717383537813
498747874143
459474102928
831131947566
332837093149
644006913505
399440290704
617918138545
448312280896
581667710821
037556438403
026273958392
807815272960
368410929622
854246001320
874327533300
089017501203
597243525874
845763613880
831310160282
826640014239
417344758815
821715778835
839034024445
475615827598
600836227375
438832682446
535198053360
237564434431
763358415021
158138292407
147072829420
272482501917
999058161451
883104310570
793415165570
499044253508
528673701881
301198055310
810797149053
577804075262
542871253422
295108248494
938368887137
602532729478
652172911010
759009782096
606718460150
382535424202
038823494477
923292774556
123024054779
183230811540
017521382024
507657349346
974585807839
352814758737
352837235573
793551063088
305056341773
547909028350
722028304288
295555115735
694656387104
251655808065
756147015368
067534268785
065970593416
927500058107
274701361719
455686100883
551003367823
914153618089
486764916760
536010284702
138309433634
583295199421
717011374121
539926060290
746488873179
141170482603
688737546942
595437167143
626022788082
320418683885
813613957208
884196334915
694334079744
060155492794
107986432497
079344681719
996738789736
808456304345
279101467421
979900593985
176405233376
056742820259
187629320257
039712849291
668161453031
431306517804
175541442942
553156622647
132262690800
054924694564
027309145603
330114073107
339606800610
340582240553
013487311607
457819311945
373649479867
237131691183
529357915792
622519443336
748053981279
467460147760
712868813562
879021168946
409146297321
135359517731
374856485918
288526622498
321381352775
088843859523
823565063735
219844974074
433148398126
094954587622
280256511813
232340222076
036670275890
234001451162
333382129177
193685348595
797541557883
127955534152
240991256577
567116033454
732479663847
124790208995
075427254244
328717832166
600937224329
394361122046
319245510059
524368667693
537795139906
424730448950
908349544140
126228730264
192776344277
757960486083
331863187812
879151343814
414595163457
800505912676
344936835035
029422775389
821201470754
918086908049
505138011392
753380955770
026889846073
566428188912
496477549410
272806585331
662683146152
328795237072
907150935372
641393502464
309020851971
153044975176
297867531831
724974934532
478413625947
477949672785
515574227007
637205903975
135058525433
066022131745
450374857774
264660973782
466595424275
100649353856
962023295453
327822290802
950992286827
571377505951
501431901537
377870410917
377834097031
315634441760
227495034497
852694711079
993371047098
334491563378
460129583993
286653531023
597087621004
967115948778
175145710913
705404580874
002666028445
817087501944
600828622385
896838478085
475073706004
534673138239
882024294668
237075534820
259248299570
838786931039
888861929849
977532314967
255778984660
015726182566
303477348314
865997400662
482028121924
875538673461
257377741601
343147248659
538394738170
035178420428
243872050032
615702572613
099837012762
369698752147
029163741969
435647467841
940096864515
637837287913
031663772992
856184674873
734471288773
235992271404
428701102412
279559630374
799809089213
503990725588
241620007288
981033287943
453463295699
569613949771
753837007964
025490937736
463820783468
681884257351
381177446345
110587300519
386690248286
886106326947
956461112279
365789225385
080529829572
943236780229
270846102768
480742930029
926171049631
322152311444
089486653465
262801645722
357810792787
292307436149
062311406880
176132308604
476249294382
309043124894
321245318460
586610317752
871903801470
064084954665
024908251283
302515669992
926314866397
286154005205
338703333200
194011644143
596756826402
624231784385
683512156242
961464033154
857830866346
498911886107
308010938839
422877634243
749312057774
672470671255
467664249227
826305557329
439566303021
168786423726
608879024723
173874724833
816238784145
513158409815
538627357419
339499229914
776305705248
638227364620
998823493558
339227800074
441527400043
714397551286
642692431224
497634717240
222162384090
892895744389
585582570512
275918389608
513143948091
252555224532
485432767833
000599540835
451623117389
289671917902
708688577264
876968742023
479076699180
806435018020
718505918831
841663409053
067828692584
745861880838
313968094301
847611320408
310284608681
865522381919
612965132403
663100773938
844017263108
221350588588
505077355102
116500002515
207565421784
858740507395
834241500222
329956738724
807778978282
710515627500
333223790174
774640280827
729084871099
847054401440
812796562398
735648768819
820316650704
434052557501
929195872740
885834616735
775695052371
824874457839
182410208784
153743406025
973802220013
033431362051
876781812842
412305136453
393804787773
723451076767
253635727770
369298505567
847341912860
131246333360
356918432375
782230552701
632215373447
238277077377
631577599680
892680737417
809778629578
603887100394
696614445353
312541930072
374360434359
463048885458
815098121036
748166421156
302815372754
120157505350
819256611838
339465442454
598545151155
379913889969
204222114039
992244519384
930747300896
115218175218
416557947732
346800726442
219855651540
308138870881
605389488224
195350431186
944736836902
003471611865
714781070717
791851273158
827368748940
289642559604
114960865897
463974559807
355271471859
062927560552
795891207820
401964121924
692335947030
105394499012
753315947013
347092164535
118470170420
163402690682
141758272286
933954993490
460854822431
418923789590
927733427529
444047031941
917588138072
740852937590
613310354611
591045978991
667110031202
974321526165
532073479446
441856458459
854964799222
609987524996
470595234637
747069434840
517580708595
778088812030
265099866161
458999449549
213215348022
552046490256
724535728359
884069346122
496093704904
824427260088
309582320930
633987785705
616912526539
370804550259
635496362039
074071794151
563784802837
095240253306
764382687075
593040495376
725046984000
243253207920
599347977542
947188634537
283767105300
969933642495
986953200126
747488667698
720480330177
311402647245
747281082310
832143909474
709214715891
666500423094
402180452352
912833640491
818548612751
436975205832
478438431746
885294760333
394232899474
004796839769
799154012265
463446902010
446917578259
198835037728
554281649254
048710279390
838773964414
891924772599
106599566064
676873673128
379857446879
382269384812
259839050923
794302264316
546747190310
716224187644
693749449798
552706825690
018850184469
711081489552
584448658225
691612812996
757313523951
002476940109
128047609996
830697254002
743503998757
465896401714
049432380816
997466800951
974675922508
027726232439
139124347718
310059827168
359743713029
803162012425
004029886662
561522897434
066087399021
921595306854
586960782257
381878792147
972247216781
011870428948
216520224848
751027467606
083659760596
761806849776
651138733620
628628469673
085618674051
683699604657
926780731431
820153936975
405263742116
053624493099
855502208328
082396123589
116010577419
400397141218
127364644261
495177605011
274599765528
050993929927
170217130035
754164057934
981739518886
449234317517
919290179767
302920616119
592616885444
697497784492
807953671589
646836131202
643799778810
230536845124
680790510249
924748821042
042840995995
064868458802
515346962819
623856335730
894756162080
783931524509
112776689780
723194840731
138547712931
652546672711
887265499089
947636083418
886432674144
725812800991
014853683759
507311120440
446014218012
494267625666
579106217184
230150404880
556107463638
967272739853
118932526510
706164404456
091089228661
772808566669
608488421245
213273527333
150267980199
641350712276
490080566216
833559543036
308780415089
803805774440
007123456747
600282507521
627817247269
265469339196
355868608681
002421999786
258853493763
033967886943
063767308192
223232838719
536772226012
044213608903
991260417646
068107072242
086879177734
714282431622
967648312102
639299830403
893545340754
164523482760
269656415069
170646101813
882418484663
285774679013
968781566998
512046283746
968209747870
265591563819
730547327688
204968408148
105528220707
199535747814
833444509129
255981272800
883749291198
361566046575
463807860761
784588308486
434415779208
817026405320
245478615229
989419114016
604081766186
739689359211
451612099738
609317000578
601655753415
055875162054
022912717944
180231881684
355229238648
783657358223
778516840323
419075124630
333556175966
331100273529
811602831976
904329836465
618891898081
295583463536
682165130054
376121370888
474491679007
927956958148
171604447997
428343526307
801212175643
775109802202
309083759266
998945450181
776972088427
240597438635
052739396832
928534498936
179093852170
464894425018
309903477874
719294731064
621041478133
240276460608
801204055566
939615592947
470206131571
875760644796
450706763386
112348487487
870664539692
846337893167
522273498494
285787564677
594271615256
897984087012
160807392602
743697725341
769344774018
218759392998
518261719355
428375855449
366863905207
361367953325
447914527896
901140928516
907666163583
956887864743
640733416979
794837803335
235217582999
185415764647
810094776911
889706599250
059655467698
061976974776
016523273363
445028696930
683775705236
588591719383
198896017397
042029391278
299288195050
699466368350
261662776369
200196932908
412580479368
064495131088
620577763981
503600736568
711007641549
598751274136
203569739771
346548587664
727871477315
561723886243
439467524535
202178199612
599068726372
948123488203
061883060583
424829957088
855182206624
473494497916
468473846485
096538131272
544032982246
938160527585
861207119494
675980729745
500765134030
328171610956
036303353523
522379354290
597712425454
515847343141
408890245572
274887610276
322476507770
262252678491
089847444867
787641560920
140866742607
838751713432
156636983481
422765706797
491239640331
174722332618
612145239318
368355660578
507681878655
012977421797
459732698016
902406887427
068802785534
839062854815
201979514548
326063523822
038074464932
226037969790
671409067584
553079371012
557713955957
329294012572
009607151205
581702027669
943024168941
702423290601
227485224070
049294996253
974177135519
998557331744
146965340714
234532805961
282871359948
800116777347
704973430012
063796618144
731836703826
595868889936
234101272321
304568835221
634801279574
214482037136
761623442865
867562795970
367831011753
377418445442
196177195444
234491878859
085145730133
042205823350
752448167057
864055388047
494717846608
750015419717
936719518515
645398856287
009437013382
123898152662
922109753351
405978033569
147461816890
268576414861
887680689452
025716688852
194387341648
551266563161
536981837436
478984666204
164626889395
524509493418
844101375016
454780576827
009474154443
175412334600
718951677727
164533054766
556660092462
828380462721
427290852353
419376207577
576459085555
399476956452
384277922346
680649992658
915239522741
063760380309
737016208367
892234203766
794782781365
806183937549
779731920017
814352285641
694060906146
323282331836
060926484668
036522888209
359129834844
661917008566
942964859665
356306248720
424329684796
315266458225
244842914151
285055727024
018382348037
890427787291
942167521706
684792687970
192514800387
007358253691
240343265183
379450156000
492084041753
503452106828
412184341562
255644376090
245252157189
682626427536
734126455331
454898834370
852739614398
477443962457
993663064982
086223400323
557283509051
034010154172
154270060534
913558989938
113327792607
709836783592
386454805056
029334001885
178639841265
816773755403
290117858971
099113800139
043302595317
225142782721
808542038560
930241487241
963148735953
716861922762
105056560539
816862466295
042445185436
353050100353
648659490622
956481125433
035966405542
073218031336
858785092279
124036952622
287511420062
041543016106
261647275298
896071424845
303631305970
920756092200
390641798484
103043210337
318790850357
363111602358
664685073681
538808315383
967225746907
338071315089
808857634013
270610524191
238833411431
475354846568
244170920391
005994738526
994928670140
945050665618
809923325656
432728524141
287705610110
647073638641
059002325189
868365788074
098045058507
101914635226
960952888721
421247846362
400221275399
928859601252
595864063439
725570528330
328980286943
984062763036
948652686522
632622106997
034734477428
657263761298
618293023236
170530123369
825064892723
690670679534
469171656057
689444369790
878080292753
242740221414
496115068910
593083036052
781048851095
972822982049
060480390010
953195115470
819136840310
010915019584
191395889454
237676043794
119972196257
473228282517
406543441389
439479770805
801313022639
159410290537
871871711197
218425276129
184942242753
758992274936
853940693986
743603852662
447617954932
925608430075
091819490437
541131568485
821879147799
489572676063
197130021864
909481012943
832486625796
673491599295
399800494626
330546332693
524676637914
669755148526
341943159165
427878968920
130287790391
327833670118
121175293580
112084724491
101180990240
600919536242
812866361773
356706616467
550600810491
202889359997
454869930772
745354530404
047022593547
916421469755
245038078850
906461323401
495842056696
332276535290
534588862840
582593484119
111798380929
997652385659
882504777767
840289248208
465675555998
196943967799
768155558142
111365608961
829473381025
555548617473
566532583787
123457804470
556978878613
748122044068
671030573495
510064159489
265321869428
116411425360
978224464114
722805211155
836293580198
667001612001
965259922432
594836563996
007520668784
443329585741
880054466174
367255927485
620368089542
104027569344
981019976213
099381351069
154085990603
700619546431
197606831610
902808189469
750304213850
612998592068
143476911076
239032884486
745977246202
876537574177
891488849607
689668513668
375092002034
858291028349
874821934362
793733686483
075743060050
732217911529
646989845083
886362091741
552219252929
783222815866
373423210237
265609317933
811518445644
685467857998
407907328573
943303643555
204892384426
840839907474
732027427584
249705940914
398244257950
344614211424
302021506867
584834481198
039409116338
728175395640
022433133133
310081260296
850479133637
858035976870
722363583273
956782942876
960931685935
795070219944
743340061826
229185909369
127746995722
278196903838
405521952394
739506673456
136632883243
963675401039
378601998534
993591497088
993749775295
394510359373
135535187860
001385669400
229654410286
355355813475
918738262844
255690372969
804913968283
706008782657
763609169350
663528711276
293808754221
303248879261
418679890644
263804884517
093578145612
032475749364
665568980988
285661157772
436641350905
223905615969
994291588523
168427943781
834927019179
107286676359
274573108588
654900087808
066428546934
275729631958
979096073735
243065791601
805472364028
323652927480
392004125555
477279236292
093561520022
720125028534
585502205084
598835524829
298027139602
900289824877
564502091255
964751438513
814601370867
541342906286
852727131022
944707141417
270123488744
357160209418
451603458642
605712250239
583210641675
273854221665
607012307654
436944960007
153054707047
473693232748
066123984003
990536619223
563612044812
341097292379
165510651237
926724268984
764333736861
337832244196
207835828108
419534343082
016441061755
270897634434
487285096286
294793397200
428162365277
905166644090
825694926142
366856732139
293543420394
546459185936
764345933404
095439330325
581396522103
703680789591
311268034316
549190075163
133368566871
823901018296
143894756058
405084831928
174033009188
290059889820
121201930289
371223635381
303078551475
166581411627
365354667966
606063366326
868713889247
791308941599
185314109106
617537762763
232669682809
075069484278
216220557794
381063240124
457510738034
727620171287
144093405917
065446654004
861183682890
492547500000
860737810749
693802937546
710168338772
696507852390
737847529960
809173991958
716685196962
582611988267
462592215498
134527863767
682482525319
354370151880
415830655890
455946645334
116871796321
863903854797
151836223663
967628178539
806508947359
760088252060
645524780984
935190563522
252586960914
557419719672
523479225791
062735394213
103407765087
484261011141
495239784742
158201140970
551890067438
810318172733
615777494106
167133160917
778469014152
827682402764
761385737226
494583832712
007664050755
480111901389
458658300936
756770539937
696047210312
403250578624
425484239650
494750229275
314403330668
242047651251
390258977272
715632126846
539075683611
343070764995
372654001116
168056200380
778335910197
511537985617
133196007936
625097350357
172211414885
804445503592
978433586126
238001414687
255716663265
739060038394
335524878085
953886669548
959624214204
500305879466
110072389404
718709519007
083095317455
665155838998
290605890986
924252901900
038634130878
851327585198
049993291496
318043848975
672962764393
310750680042
818045279751
504689129215
326329458611
473778204210
958052644194
726589210628
273857545063
142915060410
619873688393
699561370597
034427211747
638205194123
743191713639
359431229204
684740284831
591873199037
627498771907
501875364412
071329016321
100388752672
181285370725
604943278018
915180124914
129688890147
972529033063
588892345929
976691388395
083772774632
669024189374
633875511000
236912265315
692031555687
304790708874
739967144296
172808789191
005397986253
430060341988
440205917181
393631783540
066897821791
953234169106
291006817510
244582904471
245174312558
520709236415
480601948584
826475862076
483744397441
999454356621
184298353092
562545743005
554897133518
386053866215
979424423711
898532405791
583215522013
914546553237
116709519706
747644469029
142830110010
759898495559
796602196531
553926736665
818515508496
679419322762
715854010044
443261734722
893889718886
715729735807
048151735233
509257067059
142323329339
729174809555
998035934763
463033044367
742977953559
568362347754
485684908161
059294506175
027367196053
308765495938
428628040652
058514900816
892601732918
527754028270
113555861723
164947602801
739000881170
896491801891
238271371246
571541414864
933131395715
457797390042
976321996349
328256261340
376401715508
663530902270
472466357259
153084215599
779937047638
775965660109
963657182198
099019940767
270527279358
526788878770
707373520639
462155373962
509639967455
170440978354
728977500269
162886807345
384099820051
510018273083
342096788936
105449056973
895802061259
603473982660
325139390013
691489066881
573414770780
272737494602
205840793275
498379677000
222969013242
903702121759
288832469939
422636832782
303792868819
672094781605
826734270041
409759247104
178708536203
550581115309
334533746983
705558935702
708948768793
129725349557
898479294171
647609438916
032086807623
303342537660
238139163076
819320547892
613819643124
821883238387
711904468284
593726910440
300398251306
275876931678
584850400240
336844742965
391321427915
260273543171
205334253435
738137747538
500226498443
357091762992
174754468877
656137541274
599434196252
491409116127
407486052625
119814391102
685437448735
421875349888
881007916578
584509576373
434107016222
645879629553
598601891665
977203303733
556787697340
277977772437
570047922592
236118442669
402451388822
671957345008
913987130585
591172671402
337849173450
892291625636
066004830939
160741962638
157686910437
536010826753
413088261161
453423426068
198132169093
456315453951
548474791008
186077565747
417584660984
116423338164
395538250114
902799551705
519515360788
657124658186
242806471208
042890145707
287348335609
793230981683
338374229929
798974124328
122915712419
526806916202
328831769991
011575959419
442530696133
035385885994
234176308547
344959548205
876156266214
980733280292
207606424598
461214408014
962095911667
854778607534
082039567114
948998702909
414912017644
607948797112
547958001356
417837905094
386689572428
676228336066
849854831639
481270364783
104136323634
054615726162
139377846644
217303883157
376403448713
003158125351
317338705269
366953696079
458090297625
814414783852
782053799800
069032158816
591226687971
058072051831
861575277101
520900097716
148990083472
130230839307
655666929016
177211324289
106849043880
900491325150
738687373511
117701198341
006409376271
116373535445
122902565589
346249642990
592634701527
717598248825
452517459574
901790744359
071339241042
109008355788
053712114893
328082420318
149009197049
438063126434
215769811593
655546514067
657726071427
680813960453
140508468801
043091628435
934283922409
450464449746
057590263511
367483633288
689817718835
096320542169
922606982765
953747054618
154263331604
148029498208
249789953606
912225259378
299046297842
559523874671
310888775124
180069435385
252904955657
882882836129
425101231391
573190697477
270387795136
548164613549
120360400204
368916421237
412816066575
869415148079
879878915184
569031504936
247577371558
150763231442
937476971804
004034575025
788559949930
421672394768
056838133181
728648007444
278002039897
258118203053
763464258530
166429615945
004740902484
695527072454
637682403549
230101204401
145115301173
721819349200
278140187697
893485241791
978009498344
382153521261
304567417935
647967502669
576521388477
461471816100
720445406665
581225998497
204913312703
122376835586
009268708482
608456529533
764489811021
774160026813
661535334847
045853734574
282275516372
885263525266
445856106902
485081552153
820344704060
211191647650
395720529611
050783080317
545451791641
250085548769
371544230546
299895422377
100282762278
546126329548
142229015152
437914006301
108494099425
756244858489
378993180910
172778643891
561864306762
006088698351
795155592469
342281734284
932910697996
283132575422
081847391009
091423626450
642062915899
062543838403
366494621014
139103452748
795298275157
198843908163
021135758859
290654633384
818705771356
442879732769
392144578461
263161513691
978518421622
146298133776
584753207332
294092325971
447716377373
986303621398
811815469718
404841739895
285948932374
867535339859
418299432644
200169329020
459620523870
425361539445
994264823012
262408338721
419766392282
368912348986
365309982358
756639380433
762254886515
612803566177
518496787418
849394625447
859085615257
898139754253
730488065319
690157163994
190388682421
963082306645
835603311664
621117688365
668764131457
266090453930
827344418195
528224676178
093094348178
685885548608
286650417517
153865481501
924889551220
434573212949
888074573805
164900623238
250768107328
427936420367
739788121968
558587969494
944653988194
446368370853
733402986213
440517445022
810374403681
000327857971
803533432125
653569781210
419016727860
900342040074
301479020475
140108014374
333997622359
298669747467
062971711866
590003435557
429926033650
169174173958
191513296546
393767924769
457382303691
571816236448
306785515767
822707676315
597431565137
688964680939
632259449593
244997602400
951942831619
631210201989
827548509786
533929798091
855194672932
335920406495
837363435483
722881014536
691630374399
070412116313
628958341314
900929259330
759032101178
550694343899
600980332242
047831032191
385262620147
487775822717
313755205247
759617584168
847569153084
063380677340
504369587552
139061025761
615623969088
109638869114
192804183140
615888893792
816785121640
410687388901
229811064410
010639294784
441519770014
458645215746
331537533241
192705428315
519267259370
910001733144
006142790855
750334866483
359292501072
248003554459
919531307852
484879519893
833051656018
351160802560
946965996946
171999116151
241104475343
374315509430
525838040856
546072006247
107932613268
147409030727
365873402306
538398203457
765749890370
881337488873
277960628510
964695421736
500720655377
970924194466
228519619860
030519804372
913968123448
322502744440
425895729391
468870590069
443608401853
152034852370
075709369929
463027463675
211133070162
508537035041
747893162869
566423065028
263372211113
849417408442
557824815589
497896947845
984513042242
587171950902
382542665781
282555992200
270727740632
195026512880
740453657133
351183780775
485536287148
801188364660
856607223844
064092851952
664418675786
813987773168
627828225583
286422872467
451369706541
053242598153
155714641626
168263785020
494985761727
438260782138
806596886588
954131057377
267815004691
655979062945
143295025879
212688503503
945388727617
387985388987
829691454169
365056440404
154109906262
916033027339
984083727396
251645315247
619599829014
223501447832
244219808683
252878124009
208755747606
743295190461
481469455971
884284460642
088885761823
216797615292
003290896248
844521630756
904172690598
706459462893
941876334204
547969508225
576866981287
844987443589
195450822991
634674447009
173227513726
509407288263
628723627801
293057152134
527677848754
072643504608
525783486316
425538791087
240244837507
616917680359
866891192075
024429729551
604036610931
622520528830
467397096627
134218842556
565151480327
848575981803
074882573817
208232219113
572826657450
220411132129
303854819429
876261548021
738320129096
410029580488
287198542946
405684432413
467047841752
133816056063
841773123848
503044338134
713173716007
225681805334
787354949290
366855110155
108403218311
636067493493
824312038190
770378803362
505741824246
083969691477
317395512660
170771727075
552225155950
895859516491
088763421017
029691463500
157543368864
808942108082
500188213167
845405340250
744815751639
936302912500
345998871751
970685299391
828402634706
532594548418
088891599496
902409441725
175042638634
425938879096
041193710369
880510078070
029519584532
879066961770
999713597923
892332668665
819129599702
793437750974
494826929673
851545470527
458329000029
639041138221
596768791493
893195385572
183708409296
899858200420
472314445015
572031198941
329567670187
395810196526
083728082370
722112475711
113311692825
192219452967
000700695439
199845113932
706452587203
127156224122
983160768476
049330574692
393669487497
163293448517
788414813827
262957462863
735081419341
961683893998
699195829185
843830499411
831070055394
483544897399
830483085954
677564558818
624182913212
872670092805
207073920175
531229952181
890020473443
525994850525
390043208960
468532606147
267892285379
961010413449
901251717001
191355568071
420876980012
293343753774
983667255029
493662860833
310624463227
682966206664
635005382011
887391277996
594385480943
125738576109
518319696001
572649512163
754344343150
231614706287
840108038492
398034304780
392859547118
905206245244
835356921916
293928531193
318881171186
602090516352
847384566138
444268513267
517155668112
462642740326
786308100437
044796769287
890759836900
942489161818
049940181818
662510446014
716627435878
282878473692
779008348220
016317661400
802580366339
961727110685
830409706733
805757082637
293644434105
881725756614
803624633376
908532325668
770594231883
227530861070
194370337914
520633364648
315570022385
625123727453
524930484200
268644632721
676588367600
066728761783
157644571393
719043487278
656855676411
413999785514
837773907731
876058023106
784724998959
125990445163
463418464598
